timestamp,site,power_kw
2026-06-01T00:00:00,Atelier Sud,73.6
2026-06-01T00:00:00,Siège Est,67.2
2026-06-01T00:00:00,Usine Nord,639.8
2026-06-01T00:15:00,Atelier Sud,43.6
2026-06-01T00:15:00,Siège Est,69.0
2026-06-01T00:15:00,Usine Nord,622.8
2026-06-01T00:30:00,Atelier Sud,75.5
2026-06-01T00:30:00,Siège Est,67.4
2026-06-01T00:30:00,Usine Nord,662.1
2026-06-01T00:45:00,Atelier Sud,75.8
2026-06-01T00:45:00,Siège Est,62.2
2026-06-01T00:45:00,Usine Nord,662.5
2026-06-01T01:00:00,Atelier Sud,54.6
2026-06-01T01:00:00,Siège Est,62.6
2026-06-01T01:00:00,Usine Nord,650.2
2026-06-01T01:15:00,Atelier Sud,55.3
2026-06-01T01:15:00,Siège Est,70.2
2026-06-01T01:15:00,Usine Nord,615.4
2026-06-01T01:30:00,Atelier Sud,69.1
2026-06-01T01:30:00,Siège Est,63.4
2026-06-01T01:30:00,Usine Nord,619.9
2026-06-01T01:45:00,Atelier Sud,72.1
2026-06-01T01:45:00,Siège Est,69.6
2026-06-01T01:45:00,Usine Nord,659.6
2026-06-01T02:00:00,Atelier Sud,73.7
2026-06-01T02:00:00,Siège Est,72.7
2026-06-01T02:00:00,Usine Nord,696.5
2026-06-01T02:15:00,Atelier Sud,66.9
2026-06-01T02:15:00,Siège Est,69.5
2026-06-01T02:15:00,Usine Nord,653.5
2026-06-01T02:30:00,Atelier Sud,67.5
2026-06-01T02:30:00,Siège Est,70.5
2026-06-01T02:30:00,Usine Nord,654.3
2026-06-01T02:45:00,Atelier Sud,72.1
2026-06-01T02:45:00,Siège Est,78.2
2026-06-01T02:45:00,Usine Nord,660.6
2026-06-01T03:00:00,Atelier Sud,79.7
2026-06-01T03:00:00,Siège Est,56.5
2026-06-01T03:00:00,Usine Nord,629.3
2026-06-01T03:15:00,Atelier Sud,100.2
2026-06-01T03:15:00,Siège Est,67.4
2026-06-01T03:15:00,Usine Nord,671.9
2026-06-01T03:30:00,Atelier Sud,68.0
2026-06-01T03:30:00,Siège Est,65.8
2026-06-01T03:30:00,Usine Nord,634.5
2026-06-01T03:45:00,Atelier Sud,79.8
2026-06-01T03:45:00,Siège Est,86.1
2026-06-01T03:45:00,Usine Nord,648.9
2026-06-01T04:00:00,Atelier Sud,65.2
2026-06-01T04:00:00,Siège Est,75.7
2026-06-01T04:00:00,Usine Nord,630.5
2026-06-01T04:15:00,Atelier Sud,63.7
2026-06-01T04:15:00,Siège Est,76.7
2026-06-01T04:15:00,Usine Nord,622.0
2026-06-01T04:30:00,Atelier Sud,96.7
2026-06-01T04:30:00,Siège Est,71.7
2026-06-01T04:30:00,Usine Nord,631.5
2026-06-01T04:45:00,Atelier Sud,66.9
2026-06-01T04:45:00,Siège Est,68.1
2026-06-01T04:45:00,Usine Nord,628.0
2026-06-01T05:00:00,Atelier Sud,94.8
2026-06-01T05:00:00,Siège Est,74.3
2026-06-01T05:00:00,Usine Nord,639.4
2026-06-01T05:15:00,Atelier Sud,81.3
2026-06-01T05:15:00,Siège Est,53.5
2026-06-01T05:15:00,Usine Nord,681.2
2026-06-01T05:30:00,Atelier Sud,87.9
2026-06-01T05:30:00,Siège Est,80.7
2026-06-01T05:30:00,Usine Nord,654.4
2026-06-01T05:45:00,Atelier Sud,54.6
2026-06-01T05:45:00,Siège Est,55.7
2026-06-01T05:45:00,Usine Nord,636.0
2026-06-01T06:00:00,Atelier Sud,49.8
2026-06-01T06:00:00,Siège Est,64.4
2026-06-01T06:00:00,Usine Nord,958.5
2026-06-01T06:15:00,Atelier Sud,120.3
2026-06-01T06:15:00,Siège Est,79.2
2026-06-01T06:15:00,Usine Nord,937.4
2026-06-01T06:30:00,Atelier Sud,112.5
2026-06-01T06:30:00,Siège Est,61.7
2026-06-01T06:30:00,Usine Nord,974.0
2026-06-01T06:45:00,Atelier Sud,134.0
2026-06-01T06:45:00,Siège Est,74.2
2026-06-01T06:45:00,Usine Nord,966.8
2026-06-01T07:00:00,Atelier Sud,162.0
2026-06-01T07:00:00,Siège Est,74.2
2026-06-01T07:00:00,Usine Nord,942.1
2026-06-01T07:15:00,Atelier Sud,179.6
2026-06-01T07:15:00,Siège Est,60.8
2026-06-01T07:15:00,Usine Nord,948.7
2026-06-01T07:30:00,Atelier Sud,174.2
2026-06-01T07:30:00,Siège Est,79.7
2026-06-01T07:30:00,Usine Nord,951.4
2026-06-01T07:45:00,Atelier Sud,229.6
2026-06-01T07:45:00,Siège Est,53.7
2026-06-01T07:45:00,Usine Nord,927.9
2026-06-01T08:00:00,Atelier Sud,227.5
2026-06-01T08:00:00,Siège Est,239.9
2026-06-01T08:00:00,Usine Nord,925.0
2026-06-01T08:15:00,Atelier Sud,252.8
2026-06-01T08:15:00,Siège Est,231.9
2026-06-01T08:15:00,Usine Nord,946.9
2026-06-01T08:30:00,Atelier Sud,273.8
2026-06-01T08:30:00,Siège Est,236.7
2026-06-01T08:30:00,Usine Nord,930.4
2026-06-01T08:45:00,Atelier Sud,253.3
2026-06-01T08:45:00,Siège Est,241.4
2026-06-01T08:45:00,Usine Nord,949.3
2026-06-01T09:00:00,Atelier Sud,270.5
2026-06-01T09:00:00,Siège Est,235.0
2026-06-01T09:00:00,Usine Nord,968.1
2026-06-01T09:15:00,Atelier Sud,273.1
2026-06-01T09:15:00,Siège Est,259.9
2026-06-01T09:15:00,Usine Nord,945.1
2026-06-01T09:30:00,Atelier Sud,262.3
2026-06-01T09:30:00,Siège Est,250.6
2026-06-01T09:30:00,Usine Nord,962.4
2026-06-01T09:45:00,Atelier Sud,283.8
2026-06-01T09:45:00,Siège Est,256.5
2026-06-01T09:45:00,Usine Nord,987.7
2026-06-01T10:00:00,Atelier Sud,326.0
2026-06-01T10:00:00,Siège Est,247.8
2026-06-01T10:00:00,Usine Nord,940.6
2026-06-01T10:15:00,Atelier Sud,313.0
2026-06-01T10:15:00,Siège Est,239.2
2026-06-01T10:15:00,Usine Nord,980.8
2026-06-01T10:30:00,Atelier Sud,302.3
2026-06-01T10:30:00,Siège Est,237.6
2026-06-01T10:30:00,Usine Nord,932.1
2026-06-01T10:45:00,Atelier Sud,287.1
2026-06-01T10:45:00,Siège Est,247.0
2026-06-01T10:45:00,Usine Nord,925.3
2026-06-01T11:00:00,Atelier Sud,330.7
2026-06-01T11:00:00,Siège Est,226.2
2026-06-01T11:00:00,Usine Nord,953.8
2026-06-01T11:15:00,Atelier Sud,348.3
2026-06-01T11:15:00,Siège Est,229.7
2026-06-01T11:15:00,Usine Nord,946.5
2026-06-01T11:30:00,Atelier Sud,360.7
2026-06-01T11:30:00,Siège Est,227.1
2026-06-01T11:30:00,Usine Nord,918.4
2026-06-01T11:45:00,Atelier Sud,356.1
2026-06-01T11:45:00,Siège Est,245.9
2026-06-01T11:45:00,Usine Nord,977.7
2026-06-01T12:00:00,Atelier Sud,338.1
2026-06-01T12:00:00,Siège Est,231.0
2026-06-01T12:00:00,Usine Nord,968.4
2026-06-01T12:15:00,Atelier Sud,326.3
2026-06-01T12:15:00,Siège Est,242.4
2026-06-01T12:15:00,Usine Nord,929.1
2026-06-01T12:30:00,Atelier Sud,293.5
2026-06-01T12:30:00,Siège Est,238.7
2026-06-01T12:30:00,Usine Nord,945.7
2026-06-01T12:45:00,Atelier Sud,358.3
2026-06-01T12:45:00,Siège Est,233.9
2026-06-01T12:45:00,Usine Nord,948.3
2026-06-01T13:00:00,Atelier Sud,349.6
2026-06-01T13:00:00,Siège Est,237.6
2026-06-01T13:00:00,Usine Nord,923.3
2026-06-01T13:15:00,Atelier Sud,307.1
2026-06-01T13:15:00,Siège Est,241.8
2026-06-01T13:15:00,Usine Nord,957.0
2026-06-01T13:30:00,Atelier Sud,303.0
2026-06-01T13:30:00,Siège Est,246.1
2026-06-01T13:30:00,Usine Nord,920.9
2026-06-01T13:45:00,Atelier Sud,294.3
2026-06-01T13:45:00,Siège Est,244.9
2026-06-01T13:45:00,Usine Nord,912.8
2026-06-01T14:00:00,Atelier Sud,261.3
2026-06-01T14:00:00,Siège Est,224.0
2026-06-01T14:00:00,Usine Nord,981.0
2026-06-01T14:15:00,Atelier Sud,297.2
2026-06-01T14:15:00,Siège Est,236.9
2026-06-01T14:15:00,Usine Nord,936.4
2026-06-01T14:30:00,Atelier Sud,284.7
2026-06-01T14:30:00,Siège Est,252.8
2026-06-01T14:30:00,Usine Nord,933.6
2026-06-01T14:45:00,Atelier Sud,259.0
2026-06-01T14:45:00,Siège Est,257.6
2026-06-01T14:45:00,Usine Nord,945.1
2026-06-01T15:00:00,Atelier Sud,255.6
2026-06-01T15:00:00,Siège Est,245.4
2026-06-01T15:00:00,Usine Nord,934.5
2026-06-01T15:15:00,Atelier Sud,240.4
2026-06-01T15:15:00,Siège Est,249.4
2026-06-01T15:15:00,Usine Nord,996.1
2026-06-01T15:30:00,Atelier Sud,230.5
2026-06-01T15:30:00,Siège Est,247.3
2026-06-01T15:30:00,Usine Nord,959.9
2026-06-01T15:45:00,Atelier Sud,218.6
2026-06-01T15:45:00,Siège Est,227.9
2026-06-01T15:45:00,Usine Nord,968.0
2026-06-01T16:00:00,Atelier Sud,196.7
2026-06-01T16:00:00,Siège Est,230.6
2026-06-01T16:00:00,Usine Nord,969.2
2026-06-01T16:15:00,Atelier Sud,211.7
2026-06-01T16:15:00,Siège Est,238.1
2026-06-01T16:15:00,Usine Nord,995.8
2026-06-01T16:30:00,Atelier Sud,146.8
2026-06-01T16:30:00,Siège Est,235.0
2026-06-01T16:30:00,Usine Nord,901.8
2026-06-01T16:45:00,Atelier Sud,136.3
2026-06-01T16:45:00,Siège Est,242.6
2026-06-01T16:45:00,Usine Nord,966.7
2026-06-01T17:00:00,Atelier Sud,140.0
2026-06-01T17:00:00,Siège Est,234.4
2026-06-01T17:00:00,Usine Nord,953.8
2026-06-01T17:15:00,Atelier Sud,136.7
2026-06-01T17:15:00,Siège Est,221.7
2026-06-01T17:15:00,Usine Nord,951.8
2026-06-01T17:30:00,Atelier Sud,107.3
2026-06-01T17:30:00,Siège Est,229.9
2026-06-01T17:30:00,Usine Nord,975.2
2026-06-01T17:45:00,Atelier Sud,89.1
2026-06-01T17:45:00,Siège Est,227.8
2026-06-01T17:45:00,Usine Nord,963.5
2026-06-01T18:00:00,Atelier Sud,72.2
2026-06-01T18:00:00,Siège Est,261.7
2026-06-01T18:00:00,Usine Nord,912.8
2026-06-01T18:15:00,Atelier Sud,56.1
2026-06-01T18:15:00,Siège Est,248.4
2026-06-01T18:15:00,Usine Nord,955.4
2026-06-01T18:30:00,Atelier Sud,81.2
2026-06-01T18:30:00,Siège Est,238.0
2026-06-01T18:30:00,Usine Nord,946.4
2026-06-01T18:45:00,Atelier Sud,74.1
2026-06-01T18:45:00,Siège Est,233.1
2026-06-01T18:45:00,Usine Nord,974.0
2026-06-01T19:00:00,Atelier Sud,70.9
2026-06-01T19:00:00,Siège Est,79.9
2026-06-01T19:00:00,Usine Nord,905.1
2026-06-01T19:15:00,Atelier Sud,77.2
2026-06-01T19:15:00,Siège Est,67.3
2026-06-01T19:15:00,Usine Nord,963.8
2026-06-01T19:30:00,Atelier Sud,71.9
2026-06-01T19:30:00,Siège Est,51.8
2026-06-01T19:30:00,Usine Nord,953.2
2026-06-01T19:45:00,Atelier Sud,57.9
2026-06-01T19:45:00,Siège Est,59.7
2026-06-01T19:45:00,Usine Nord,964.2
2026-06-01T20:00:00,Atelier Sud,80.7
2026-06-01T20:00:00,Siège Est,68.7
2026-06-01T20:00:00,Usine Nord,958.5
2026-06-01T20:15:00,Atelier Sud,57.8
2026-06-01T20:15:00,Siège Est,66.9
2026-06-01T20:15:00,Usine Nord,905.0
2026-06-01T20:30:00,Atelier Sud,49.1
2026-06-01T20:30:00,Siège Est,65.1
2026-06-01T20:30:00,Usine Nord,965.0
2026-06-01T20:45:00,Atelier Sud,84.4
2026-06-01T20:45:00,Siège Est,57.6
2026-06-01T20:45:00,Usine Nord,949.3
2026-06-01T21:00:00,Atelier Sud,59.4
2026-06-01T21:00:00,Siège Est,65.3
2026-06-01T21:00:00,Usine Nord,933.0
2026-06-01T21:15:00,Atelier Sud,69.2
2026-06-01T21:15:00,Siège Est,76.6
2026-06-01T21:15:00,Usine Nord,970.3
2026-06-01T21:30:00,Atelier Sud,87.0
2026-06-01T21:30:00,Siège Est,71.8
2026-06-01T21:30:00,Usine Nord,949.1
2026-06-01T21:45:00,Atelier Sud,70.4
2026-06-01T21:45:00,Siège Est,77.6
2026-06-01T21:45:00,Usine Nord,985.7
2026-06-01T22:00:00,Atelier Sud,75.1
2026-06-01T22:00:00,Siège Est,60.3
2026-06-01T22:00:00,Usine Nord,671.6
2026-06-01T22:15:00,Atelier Sud,56.8
2026-06-01T22:15:00,Siège Est,67.7
2026-06-01T22:15:00,Usine Nord,624.4
2026-06-01T22:30:00,Atelier Sud,55.5
2026-06-01T22:30:00,Siège Est,64.9
2026-06-01T22:30:00,Usine Nord,665.3
2026-06-01T22:45:00,Atelier Sud,52.8
2026-06-01T22:45:00,Siège Est,72.2
2026-06-01T22:45:00,Usine Nord,648.4
2026-06-01T23:00:00,Atelier Sud,74.3
2026-06-01T23:00:00,Siège Est,81.4
2026-06-01T23:00:00,Usine Nord,647.8
2026-06-01T23:15:00,Atelier Sud,62.7
2026-06-01T23:15:00,Siège Est,65.6
2026-06-01T23:15:00,Usine Nord,645.2
2026-06-01T23:30:00,Atelier Sud,60.4
2026-06-01T23:30:00,Siège Est,70.8
2026-06-01T23:30:00,Usine Nord,670.4
2026-06-01T23:45:00,Atelier Sud,74.3
2026-06-01T23:45:00,Siège Est,55.3
2026-06-01T23:45:00,Usine Nord,631.1
2026-06-02T00:00:00,Atelier Sud,51.2
2026-06-02T00:00:00,Siège Est,75.2
2026-06-02T00:00:00,Usine Nord,657.8
2026-06-02T00:15:00,Atelier Sud,76.0
2026-06-02T00:15:00,Siège Est,69.7
2026-06-02T00:15:00,Usine Nord,615.2
2026-06-02T00:30:00,Atelier Sud,83.7
2026-06-02T00:30:00,Siège Est,74.9
2026-06-02T00:30:00,Usine Nord,655.4
2026-06-02T00:45:00,Atelier Sud,81.4
2026-06-02T00:45:00,Siège Est,72.4
2026-06-02T00:45:00,Usine Nord,621.1
2026-06-02T01:00:00,Atelier Sud,88.4
2026-06-02T01:00:00,Siège Est,77.6
2026-06-02T01:00:00,Usine Nord,620.9
2026-06-02T01:15:00,Atelier Sud,69.3
2026-06-02T01:15:00,Siège Est,76.1
2026-06-02T01:15:00,Usine Nord,647.4
2026-06-02T01:30:00,Atelier Sud,58.0
2026-06-02T01:30:00,Siège Est,60.5
2026-06-02T01:30:00,Usine Nord,624.1
2026-06-02T01:45:00,Atelier Sud,69.2
2026-06-02T01:45:00,Siège Est,71.2
2026-06-02T01:45:00,Usine Nord,672.2
2026-06-02T02:00:00,Atelier Sud,61.9
2026-06-02T02:00:00,Siège Est,72.9
2026-06-02T02:00:00,Usine Nord,624.7
2026-06-02T02:15:00,Atelier Sud,51.3
2026-06-02T02:15:00,Siège Est,81.6
2026-06-02T02:15:00,Usine Nord,683.0
2026-06-02T02:30:00,Atelier Sud,80.7
2026-06-02T02:30:00,Siège Est,61.2
2026-06-02T02:30:00,Usine Nord,666.1
2026-06-02T02:45:00,Atelier Sud,65.2
2026-06-02T02:45:00,Siège Est,70.8
2026-06-02T02:45:00,Usine Nord,650.5
2026-06-02T03:00:00,Atelier Sud,78.5
2026-06-02T03:00:00,Siège Est,71.8
2026-06-02T03:00:00,Usine Nord,662.1
2026-06-02T03:15:00,Atelier Sud,84.1
2026-06-02T03:15:00,Siège Est,68.9
2026-06-02T03:15:00,Usine Nord,652.9
2026-06-02T03:30:00,Atelier Sud,30.8
2026-06-02T03:30:00,Siège Est,61.9
2026-06-02T03:30:00,Usine Nord,699.5
2026-06-02T03:45:00,Atelier Sud,54.0
2026-06-02T03:45:00,Siège Est,59.9
2026-06-02T03:45:00,Usine Nord,659.3
2026-06-02T04:00:00,Atelier Sud,60.0
2026-06-02T04:00:00,Siège Est,79.3
2026-06-02T04:00:00,Usine Nord,635.7
2026-06-02T04:15:00,Atelier Sud,71.7
2026-06-02T04:15:00,Siège Est,66.4
2026-06-02T04:15:00,Usine Nord,656.8
2026-06-02T04:30:00,Atelier Sud,56.8
2026-06-02T04:30:00,Siège Est,59.0
2026-06-02T04:30:00,Usine Nord,641.1
2026-06-02T04:45:00,Atelier Sud,74.6
2026-06-02T04:45:00,Siège Est,65.7
2026-06-02T04:45:00,Usine Nord,647.0
2026-06-02T05:00:00,Atelier Sud,71.2
2026-06-02T05:00:00,Siège Est,56.0
2026-06-02T05:00:00,Usine Nord,635.7
2026-06-02T05:15:00,Atelier Sud,63.6
2026-06-02T05:15:00,Siège Est,63.9
2026-06-02T05:15:00,Usine Nord,636.9
2026-06-02T05:30:00,Atelier Sud,70.0
2026-06-02T05:30:00,Siège Est,66.3
2026-06-02T05:30:00,Usine Nord,666.7
2026-06-02T05:45:00,Atelier Sud,49.6
2026-06-02T05:45:00,Siège Est,66.0
2026-06-02T05:45:00,Usine Nord,647.5
2026-06-02T06:00:00,Atelier Sud,53.5
2026-06-02T06:00:00,Siège Est,61.1
2026-06-02T06:00:00,Usine Nord,966.7
2026-06-02T06:15:00,Atelier Sud,98.9
2026-06-02T06:15:00,Siège Est,70.2
2026-06-02T06:15:00,Usine Nord,943.4
2026-06-02T06:30:00,Atelier Sud,98.1
2026-06-02T06:30:00,Siège Est,65.4
2026-06-02T06:30:00,Usine Nord,948.2
2026-06-02T06:45:00,Atelier Sud,141.6
2026-06-02T06:45:00,Siège Est,68.0
2026-06-02T06:45:00,Usine Nord,939.9
2026-06-02T07:00:00,Atelier Sud,166.7
2026-06-02T07:00:00,Siège Est,66.2
2026-06-02T07:00:00,Usine Nord,977.9
2026-06-02T07:15:00,Atelier Sud,166.5
2026-06-02T07:15:00,Siège Est,64.7
2026-06-02T07:15:00,Usine Nord,985.6
2026-06-02T07:30:00,Atelier Sud,168.9
2026-06-02T07:30:00,Siège Est,73.3
2026-06-02T07:30:00,Usine Nord,948.2
2026-06-02T07:45:00,Atelier Sud,218.1
2026-06-02T07:45:00,Siège Est,74.0
2026-06-02T07:45:00,Usine Nord,969.5
2026-06-02T08:00:00,Atelier Sud,235.3
2026-06-02T08:00:00,Siège Est,240.0
2026-06-02T08:00:00,Usine Nord,919.0
2026-06-02T08:15:00,Atelier Sud,252.3
2026-06-02T08:15:00,Siège Est,229.3
2026-06-02T08:15:00,Usine Nord,922.7
2026-06-02T08:30:00,Atelier Sud,259.6
2026-06-02T08:30:00,Siège Est,246.4
2026-06-02T08:30:00,Usine Nord,966.1
2026-06-02T08:45:00,Atelier Sud,262.0
2026-06-02T08:45:00,Siège Est,222.9
2026-06-02T08:45:00,Usine Nord,912.5
2026-06-02T09:00:00,Atelier Sud,276.8
2026-06-02T09:00:00,Siège Est,252.5
2026-06-02T09:00:00,Usine Nord,1010.5
2026-06-02T09:15:00,Atelier Sud,299.2
2026-06-02T09:15:00,Siège Est,243.1
2026-06-02T09:15:00,Usine Nord,972.1
2026-06-02T09:30:00,Atelier Sud,317.6
2026-06-02T09:30:00,Siège Est,250.4
2026-06-02T09:30:00,Usine Nord,987.7
2026-06-02T09:45:00,Atelier Sud,306.4
2026-06-02T09:45:00,Siège Est,251.8
2026-06-02T09:45:00,Usine Nord,948.3
2026-06-02T10:00:00,Atelier Sud,346.5
2026-06-02T10:00:00,Siège Est,217.8
2026-06-02T10:00:00,Usine Nord,921.0
2026-06-02T10:15:00,Atelier Sud,308.9
2026-06-02T10:15:00,Siège Est,233.9
2026-06-02T10:15:00,Usine Nord,931.1
2026-06-02T10:30:00,Atelier Sud,313.3
2026-06-02T10:30:00,Siège Est,247.8
2026-06-02T10:30:00,Usine Nord,931.4
2026-06-02T10:45:00,Atelier Sud,325.4
2026-06-02T10:45:00,Siège Est,250.8
2026-06-02T10:45:00,Usine Nord,968.6
2026-06-02T11:00:00,Atelier Sud,355.5
2026-06-02T11:00:00,Siège Est,226.2
2026-06-02T11:00:00,Usine Nord,927.9
2026-06-02T11:15:00,Atelier Sud,315.2
2026-06-02T11:15:00,Siège Est,233.5
2026-06-02T11:15:00,Usine Nord,932.7
2026-06-02T11:30:00,Atelier Sud,328.5
2026-06-02T11:30:00,Siège Est,249.0
2026-06-02T11:30:00,Usine Nord,984.3
2026-06-02T11:45:00,Atelier Sud,350.5
2026-06-02T11:45:00,Siège Est,235.6
2026-06-02T11:45:00,Usine Nord,923.9
2026-06-02T12:00:00,Atelier Sud,356.8
2026-06-02T12:00:00,Siège Est,241.2
2026-06-02T12:00:00,Usine Nord,936.6
2026-06-02T12:15:00,Atelier Sud,278.9
2026-06-02T12:15:00,Siège Est,240.0
2026-06-02T12:15:00,Usine Nord,980.0
2026-06-02T12:30:00,Atelier Sud,312.7
2026-06-02T12:30:00,Siège Est,248.4
2026-06-02T12:30:00,Usine Nord,1004.7
2026-06-02T12:45:00,Atelier Sud,395.6
2026-06-02T12:45:00,Siège Est,245.7
2026-06-02T12:45:00,Usine Nord,914.6
2026-06-02T13:00:00,Atelier Sud,348.7
2026-06-02T13:00:00,Siège Est,245.7
2026-06-02T13:00:00,Usine Nord,897.8
2026-06-02T13:15:00,Atelier Sud,353.5
2026-06-02T13:15:00,Siège Est,242.8
2026-06-02T13:15:00,Usine Nord,935.2
2026-06-02T13:30:00,Atelier Sud,293.3
2026-06-02T13:30:00,Siège Est,238.2
2026-06-02T13:30:00,Usine Nord,955.0
2026-06-02T13:45:00,Atelier Sud,295.5
2026-06-02T13:45:00,Siège Est,254.6
2026-06-02T13:45:00,Usine Nord,949.4
2026-06-02T14:00:00,Atelier Sud,252.7
2026-06-02T14:00:00,Siège Est,234.0
2026-06-02T14:00:00,Usine Nord,938.2
2026-06-02T14:15:00,Atelier Sud,315.0
2026-06-02T14:15:00,Siège Est,226.3
2026-06-02T14:15:00,Usine Nord,922.3
2026-06-02T14:30:00,Atelier Sud,287.7
2026-06-02T14:30:00,Siège Est,228.0
2026-06-02T14:30:00,Usine Nord,968.8
2026-06-02T14:45:00,Atelier Sud,281.2
2026-06-02T14:45:00,Siège Est,251.4
2026-06-02T14:45:00,Usine Nord,939.2
2026-06-02T15:00:00,Atelier Sud,237.8
2026-06-02T15:00:00,Siège Est,228.1
2026-06-02T15:00:00,Usine Nord,936.1
2026-06-02T15:15:00,Atelier Sud,212.1
2026-06-02T15:15:00,Siège Est,247.5
2026-06-02T15:15:00,Usine Nord,951.3
2026-06-02T15:30:00,Atelier Sud,252.8
2026-06-02T15:30:00,Siège Est,226.3
2026-06-02T15:30:00,Usine Nord,982.1
2026-06-02T15:45:00,Atelier Sud,211.6
2026-06-02T15:45:00,Siège Est,241.9
2026-06-02T15:45:00,Usine Nord,954.3
2026-06-02T16:00:00,Atelier Sud,212.9
2026-06-02T16:00:00,Siège Est,240.5
2026-06-02T16:00:00,Usine Nord,1007.0
2026-06-02T16:15:00,Atelier Sud,184.5
2026-06-02T16:15:00,Siège Est,234.3
2026-06-02T16:15:00,Usine Nord,943.5
2026-06-02T16:30:00,Atelier Sud,165.6
2026-06-02T16:30:00,Siège Est,240.5
2026-06-02T16:30:00,Usine Nord,963.9
2026-06-02T16:45:00,Atelier Sud,166.6
2026-06-02T16:45:00,Siège Est,256.6
2026-06-02T16:45:00,Usine Nord,903.7
2026-06-02T17:00:00,Atelier Sud,131.9
2026-06-02T17:00:00,Siège Est,248.5
2026-06-02T17:00:00,Usine Nord,936.3
2026-06-02T17:15:00,Atelier Sud,102.5
2026-06-02T17:15:00,Siège Est,255.6
2026-06-02T17:15:00,Usine Nord,950.0
2026-06-02T17:30:00,Atelier Sud,122.4
2026-06-02T17:30:00,Siège Est,248.5
2026-06-02T17:30:00,Usine Nord,935.2
2026-06-02T17:45:00,Atelier Sud,68.1
2026-06-02T17:45:00,Siège Est,251.4
2026-06-02T17:45:00,Usine Nord,933.4
2026-06-02T18:00:00,Atelier Sud,70.8
2026-06-02T18:00:00,Siège Est,248.6
2026-06-02T18:00:00,Usine Nord,938.4
2026-06-02T18:15:00,Atelier Sud,72.3
2026-06-02T18:15:00,Siège Est,236.5
2026-06-02T18:15:00,Usine Nord,929.3
2026-06-02T18:30:00,Atelier Sud,65.3
2026-06-02T18:30:00,Siège Est,245.2
2026-06-02T18:30:00,Usine Nord,938.8
2026-06-02T18:45:00,Atelier Sud,63.2
2026-06-02T18:45:00,Siège Est,253.8
2026-06-02T18:45:00,Usine Nord,952.2
2026-06-02T19:00:00,Atelier Sud,83.5
2026-06-02T19:00:00,Siège Est,72.2
2026-06-02T19:00:00,Usine Nord,958.8
2026-06-02T19:15:00,Atelier Sud,52.8
2026-06-02T19:15:00,Siège Est,73.4
2026-06-02T19:15:00,Usine Nord,927.0
2026-06-02T19:30:00,Atelier Sud,85.8
2026-06-02T19:30:00,Siège Est,74.9
2026-06-02T19:30:00,Usine Nord,946.1
2026-06-02T19:45:00,Atelier Sud,45.5
2026-06-02T19:45:00,Siège Est,83.7
2026-06-02T19:45:00,Usine Nord,933.0
2026-06-02T20:00:00,Atelier Sud,58.8
2026-06-02T20:00:00,Siège Est,59.9
2026-06-02T20:00:00,Usine Nord,970.6
2026-06-02T20:15:00,Atelier Sud,74.4
2026-06-02T20:15:00,Siège Est,85.8
2026-06-02T20:15:00,Usine Nord,988.7
2026-06-02T20:30:00,Atelier Sud,90.6
2026-06-02T20:30:00,Siège Est,63.7
2026-06-02T20:30:00,Usine Nord,955.0
2026-06-02T20:45:00,Atelier Sud,110.4
2026-06-02T20:45:00,Siège Est,68.5
2026-06-02T20:45:00,Usine Nord,959.8
2026-06-02T21:00:00,Atelier Sud,44.1
2026-06-02T21:00:00,Siège Est,77.6
2026-06-02T21:00:00,Usine Nord,944.8
2026-06-02T21:15:00,Atelier Sud,56.6
2026-06-02T21:15:00,Siège Est,63.5
2026-06-02T21:15:00,Usine Nord,961.5
2026-06-02T21:30:00,Atelier Sud,76.5
2026-06-02T21:30:00,Siège Est,80.2
2026-06-02T21:30:00,Usine Nord,946.2
2026-06-02T21:45:00,Atelier Sud,84.7
2026-06-02T21:45:00,Siège Est,73.8
2026-06-02T21:45:00,Usine Nord,922.9
2026-06-02T22:00:00,Atelier Sud,72.2
2026-06-02T22:00:00,Siège Est,77.4
2026-06-02T22:00:00,Usine Nord,676.5
2026-06-02T22:15:00,Atelier Sud,97.7
2026-06-02T22:15:00,Siège Est,66.0
2026-06-02T22:15:00,Usine Nord,698.5
2026-06-02T22:30:00,Atelier Sud,76.4
2026-06-02T22:30:00,Siège Est,63.1
2026-06-02T22:30:00,Usine Nord,663.0
2026-06-02T22:45:00,Atelier Sud,60.1
2026-06-02T22:45:00,Siège Est,71.9
2026-06-02T22:45:00,Usine Nord,649.1
2026-06-02T23:00:00,Atelier Sud,49.8
2026-06-02T23:00:00,Siège Est,64.3
2026-06-02T23:00:00,Usine Nord,659.7
2026-06-02T23:15:00,Atelier Sud,58.3
2026-06-02T23:15:00,Siège Est,71.8
2026-06-02T23:15:00,Usine Nord,686.2
2026-06-02T23:30:00,Atelier Sud,76.9
2026-06-02T23:30:00,Siège Est,91.2
2026-06-02T23:30:00,Usine Nord,639.0
2026-06-02T23:45:00,Atelier Sud,74.5
2026-06-02T23:45:00,Siège Est,77.5
2026-06-02T23:45:00,Usine Nord,665.5
2026-06-03T00:00:00,Atelier Sud,27.7
2026-06-03T00:00:00,Siège Est,70.9
2026-06-03T00:00:00,Usine Nord,653.2
2026-06-03T00:15:00,Atelier Sud,67.7
2026-06-03T00:15:00,Siège Est,72.7
2026-06-03T00:15:00,Usine Nord,601.6
2026-06-03T00:30:00,Atelier Sud,68.5
2026-06-03T00:30:00,Siège Est,81.9
2026-06-03T00:30:00,Usine Nord,641.5
2026-06-03T00:45:00,Atelier Sud,63.9
2026-06-03T00:45:00,Siège Est,61.4
2026-06-03T00:45:00,Usine Nord,661.9
2026-06-03T01:00:00,Atelier Sud,67.8
2026-06-03T01:00:00,Siège Est,48.0
2026-06-03T01:00:00,Usine Nord,657.2
2026-06-03T01:15:00,Atelier Sud,44.2
2026-06-03T01:15:00,Siège Est,67.0
2026-06-03T01:15:00,Usine Nord,646.8
2026-06-03T01:30:00,Atelier Sud,74.6
2026-06-03T01:30:00,Siège Est,71.6
2026-06-03T01:30:00,Usine Nord,621.9
2026-06-03T01:45:00,Atelier Sud,38.6
2026-06-03T01:45:00,Siège Est,72.8
2026-06-03T01:45:00,Usine Nord,655.0
2026-06-03T02:00:00,Atelier Sud,57.1
2026-06-03T02:00:00,Siège Est,69.9
2026-06-03T02:00:00,Usine Nord,653.4
2026-06-03T02:15:00,Atelier Sud,97.3
2026-06-03T02:15:00,Siège Est,60.0
2026-06-03T02:15:00,Usine Nord,661.4
2026-06-03T02:30:00,Atelier Sud,56.1
2026-06-03T02:30:00,Siège Est,71.1
2026-06-03T02:30:00,Usine Nord,688.9
2026-06-03T02:45:00,Atelier Sud,52.6
2026-06-03T02:45:00,Siège Est,90.1
2026-06-03T02:45:00,Usine Nord,650.5
2026-06-03T03:00:00,Atelier Sud,75.3
2026-06-03T03:00:00,Siège Est,68.0
2026-06-03T03:00:00,Usine Nord,673.7
2026-06-03T03:15:00,Atelier Sud,76.8
2026-06-03T03:15:00,Siège Est,75.9
2026-06-03T03:15:00,Usine Nord,660.3
2026-06-03T03:30:00,Atelier Sud,100.9
2026-06-03T03:30:00,Siège Est,61.0
2026-06-03T03:30:00,Usine Nord,710.4
2026-06-03T03:45:00,Atelier Sud,59.7
2026-06-03T03:45:00,Siège Est,66.9
2026-06-03T03:45:00,Usine Nord,660.8
2026-06-03T04:00:00,Atelier Sud,76.0
2026-06-03T04:00:00,Siège Est,69.3
2026-06-03T04:00:00,Usine Nord,707.9
2026-06-03T04:15:00,Atelier Sud,49.9
2026-06-03T04:15:00,Siège Est,77.7
2026-06-03T04:15:00,Usine Nord,627.7
2026-06-03T04:30:00,Atelier Sud,75.8
2026-06-03T04:30:00,Siège Est,72.7
2026-06-03T04:30:00,Usine Nord,623.0
2026-06-03T04:45:00,Atelier Sud,74.4
2026-06-03T04:45:00,Siège Est,69.0
2026-06-03T04:45:00,Usine Nord,660.4
2026-06-03T05:00:00,Atelier Sud,61.6
2026-06-03T05:00:00,Siège Est,74.4
2026-06-03T05:00:00,Usine Nord,646.8
2026-06-03T05:15:00,Atelier Sud,87.5
2026-06-03T05:15:00,Siège Est,65.4
2026-06-03T05:15:00,Usine Nord,678.7
2026-06-03T05:30:00,Atelier Sud,75.2
2026-06-03T05:30:00,Siège Est,86.4
2026-06-03T05:30:00,Usine Nord,667.7
2026-06-03T05:45:00,Atelier Sud,82.0
2026-06-03T05:45:00,Siège Est,72.5
2026-06-03T05:45:00,Usine Nord,668.1
2026-06-03T06:00:00,Atelier Sud,71.9
2026-06-03T06:00:00,Siège Est,71.4
2026-06-03T06:00:00,Usine Nord,934.4
2026-06-03T06:15:00,Atelier Sud,95.9
2026-06-03T06:15:00,Siège Est,65.6
2026-06-03T06:15:00,Usine Nord,951.0
2026-06-03T06:30:00,Atelier Sud,115.3
2026-06-03T06:30:00,Siège Est,75.5
2026-06-03T06:30:00,Usine Nord,970.4
2026-06-03T06:45:00,Atelier Sud,144.9
2026-06-03T06:45:00,Siège Est,72.7
2026-06-03T06:45:00,Usine Nord,939.3
2026-06-03T07:00:00,Atelier Sud,177.8
2026-06-03T07:00:00,Siège Est,64.6
2026-06-03T07:00:00,Usine Nord,952.1
2026-06-03T07:15:00,Atelier Sud,164.0
2026-06-03T07:15:00,Siège Est,67.8
2026-06-03T07:15:00,Usine Nord,978.6
2026-06-03T07:30:00,Atelier Sud,197.6
2026-06-03T07:30:00,Siège Est,44.0
2026-06-03T07:30:00,Usine Nord,951.0
2026-06-03T07:45:00,Atelier Sud,214.3
2026-06-03T07:45:00,Siège Est,68.9
2026-06-03T07:45:00,Usine Nord,957.2
2026-06-03T08:00:00,Atelier Sud,211.1
2026-06-03T08:00:00,Siège Est,240.0
2026-06-03T08:00:00,Usine Nord,978.8
2026-06-03T08:15:00,Atelier Sud,213.2
2026-06-03T08:15:00,Siège Est,224.9
2026-06-03T08:15:00,Usine Nord,961.9
2026-06-03T08:30:00,Atelier Sud,296.8
2026-06-03T08:30:00,Siège Est,235.3
2026-06-03T08:30:00,Usine Nord,919.8
2026-06-03T08:45:00,Atelier Sud,264.2
2026-06-03T08:45:00,Siège Est,252.6
2026-06-03T08:45:00,Usine Nord,954.7
2026-06-03T09:00:00,Atelier Sud,248.5
2026-06-03T09:00:00,Siège Est,235.5
2026-06-03T09:00:00,Usine Nord,952.7
2026-06-03T09:15:00,Atelier Sud,263.7
2026-06-03T09:15:00,Siège Est,252.3
2026-06-03T09:15:00,Usine Nord,959.6
2026-06-03T09:30:00,Atelier Sud,339.3
2026-06-03T09:30:00,Siège Est,224.0
2026-06-03T09:30:00,Usine Nord,1002.6
2026-06-03T09:45:00,Atelier Sud,251.2
2026-06-03T09:45:00,Siège Est,243.4
2026-06-03T09:45:00,Usine Nord,977.3
2026-06-03T10:00:00,Atelier Sud,319.1
2026-06-03T10:00:00,Siège Est,232.2
2026-06-03T10:00:00,Usine Nord,955.4
2026-06-03T10:15:00,Atelier Sud,336.0
2026-06-03T10:15:00,Siège Est,231.5
2026-06-03T10:15:00,Usine Nord,937.5
2026-06-03T10:30:00,Atelier Sud,370.7
2026-06-03T10:30:00,Siège Est,244.8
2026-06-03T10:30:00,Usine Nord,970.9
2026-06-03T10:45:00,Atelier Sud,351.1
2026-06-03T10:45:00,Siège Est,245.7
2026-06-03T10:45:00,Usine Nord,956.3
2026-06-03T11:00:00,Atelier Sud,310.2
2026-06-03T11:00:00,Siège Est,225.6
2026-06-03T11:00:00,Usine Nord,981.1
2026-06-03T11:15:00,Atelier Sud,304.7
2026-06-03T11:15:00,Siège Est,227.4
2026-06-03T11:15:00,Usine Nord,959.2
2026-06-03T11:30:00,Atelier Sud,310.7
2026-06-03T11:30:00,Siège Est,246.3
2026-06-03T11:30:00,Usine Nord,974.2
2026-06-03T11:45:00,Atelier Sud,337.5
2026-06-03T11:45:00,Siège Est,237.3
2026-06-03T11:45:00,Usine Nord,934.5
2026-06-03T12:00:00,Atelier Sud,311.8
2026-06-03T12:00:00,Siège Est,248.8
2026-06-03T12:00:00,Usine Nord,948.3
2026-06-03T12:15:00,Atelier Sud,346.2
2026-06-03T12:15:00,Siège Est,242.7
2026-06-03T12:15:00,Usine Nord,953.3
2026-06-03T12:30:00,Atelier Sud,349.5
2026-06-03T12:30:00,Siège Est,251.7
2026-06-03T12:30:00,Usine Nord,934.0
2026-06-03T12:45:00,Atelier Sud,361.8
2026-06-03T12:45:00,Siège Est,251.2
2026-06-03T12:45:00,Usine Nord,960.7
2026-06-03T13:00:00,Atelier Sud,302.9
2026-06-03T13:00:00,Siège Est,231.7
2026-06-03T13:00:00,Usine Nord,943.8
2026-06-03T13:15:00,Atelier Sud,316.8
2026-06-03T13:15:00,Siège Est,247.1
2026-06-03T13:15:00,Usine Nord,944.0
2026-06-03T13:30:00,Atelier Sud,289.3
2026-06-03T13:30:00,Siège Est,242.0
2026-06-03T13:30:00,Usine Nord,936.7
2026-06-03T13:45:00,Atelier Sud,254.5
2026-06-03T13:45:00,Siège Est,241.8
2026-06-03T13:45:00,Usine Nord,950.1
2026-06-03T14:00:00,Atelier Sud,298.4
2026-06-03T14:00:00,Siège Est,244.9
2026-06-03T14:00:00,Usine Nord,916.0
2026-06-03T14:15:00,Atelier Sud,283.9
2026-06-03T14:15:00,Siège Est,247.0
2026-06-03T14:15:00,Usine Nord,971.8
2026-06-03T14:30:00,Atelier Sud,300.5
2026-06-03T14:30:00,Siège Est,219.9
2026-06-03T14:30:00,Usine Nord,961.0
2026-06-03T14:45:00,Atelier Sud,231.8
2026-06-03T14:45:00,Siège Est,245.2
2026-06-03T14:45:00,Usine Nord,964.6
2026-06-03T15:00:00,Atelier Sud,241.7
2026-06-03T15:00:00,Siège Est,237.9
2026-06-03T15:00:00,Usine Nord,979.6
2026-06-03T15:15:00,Atelier Sud,272.5
2026-06-03T15:15:00,Siège Est,251.9
2026-06-03T15:15:00,Usine Nord,958.1
2026-06-03T15:30:00,Atelier Sud,241.5
2026-06-03T15:30:00,Siège Est,259.2
2026-06-03T15:30:00,Usine Nord,945.4
2026-06-03T15:45:00,Atelier Sud,203.2
2026-06-03T15:45:00,Siège Est,240.9
2026-06-03T15:45:00,Usine Nord,981.3
2026-06-03T16:00:00,Atelier Sud,206.5
2026-06-03T16:00:00,Siège Est,239.5
2026-06-03T16:00:00,Usine Nord,943.5
2026-06-03T16:15:00,Atelier Sud,178.0
2026-06-03T16:15:00,Siège Est,244.5
2026-06-03T16:15:00,Usine Nord,955.4
2026-06-03T16:30:00,Atelier Sud,167.6
2026-06-03T16:30:00,Siège Est,236.2
2026-06-03T16:30:00,Usine Nord,904.2
2026-06-03T16:45:00,Atelier Sud,124.7
2026-06-03T16:45:00,Siège Est,252.4
2026-06-03T16:45:00,Usine Nord,939.8
2026-06-03T17:00:00,Atelier Sud,133.8
2026-06-03T17:00:00,Siège Est,246.5
2026-06-03T17:00:00,Usine Nord,951.2
2026-06-03T17:15:00,Atelier Sud,138.5
2026-06-03T17:15:00,Siège Est,239.1
2026-06-03T17:15:00,Usine Nord,966.1
2026-06-03T17:30:00,Atelier Sud,79.0
2026-06-03T17:30:00,Siège Est,230.3
2026-06-03T17:30:00,Usine Nord,963.2
2026-06-03T17:45:00,Atelier Sud,80.2
2026-06-03T17:45:00,Siège Est,251.4
2026-06-03T17:45:00,Usine Nord,972.9
2026-06-03T18:00:00,Atelier Sud,41.8
2026-06-03T18:00:00,Siège Est,244.1
2026-06-03T18:00:00,Usine Nord,939.3
2026-06-03T18:15:00,Atelier Sud,92.0
2026-06-03T18:15:00,Siège Est,252.5
2026-06-03T18:15:00,Usine Nord,939.2
2026-06-03T18:30:00,Atelier Sud,65.1
2026-06-03T18:30:00,Siège Est,225.2
2026-06-03T18:30:00,Usine Nord,956.1
2026-06-03T18:45:00,Atelier Sud,58.1
2026-06-03T18:45:00,Siège Est,247.6
2026-06-03T18:45:00,Usine Nord,933.9
2026-06-03T19:00:00,Atelier Sud,55.7
2026-06-03T19:00:00,Siège Est,68.7
2026-06-03T19:00:00,Usine Nord,942.6
2026-06-03T19:15:00,Atelier Sud,91.1
2026-06-03T19:15:00,Siège Est,66.1
2026-06-03T19:15:00,Usine Nord,952.6
2026-06-03T19:30:00,Atelier Sud,74.2
2026-06-03T19:30:00,Siège Est,75.2
2026-06-03T19:30:00,Usine Nord,907.4
2026-06-03T19:45:00,Atelier Sud,83.7
2026-06-03T19:45:00,Siège Est,86.3
2026-06-03T19:45:00,Usine Nord,916.3
2026-06-03T20:00:00,Atelier Sud,74.7
2026-06-03T20:00:00,Siège Est,67.3
2026-06-03T20:00:00,Usine Nord,960.2
2026-06-03T20:15:00,Atelier Sud,67.8
2026-06-03T20:15:00,Siège Est,70.3
2026-06-03T20:15:00,Usine Nord,935.3
2026-06-03T20:30:00,Atelier Sud,74.0
2026-06-03T20:30:00,Siège Est,59.0
2026-06-03T20:30:00,Usine Nord,967.6
2026-06-03T20:45:00,Atelier Sud,66.8
2026-06-03T20:45:00,Siège Est,74.0
2026-06-03T20:45:00,Usine Nord,940.3
2026-06-03T21:00:00,Atelier Sud,73.9
2026-06-03T21:00:00,Siège Est,64.0
2026-06-03T21:00:00,Usine Nord,928.1
2026-06-03T21:15:00,Atelier Sud,45.6
2026-06-03T21:15:00,Siège Est,73.4
2026-06-03T21:15:00,Usine Nord,964.5
2026-06-03T21:30:00,Atelier Sud,70.2
2026-06-03T21:30:00,Siège Est,79.7
2026-06-03T21:30:00,Usine Nord,945.1
2026-06-03T21:45:00,Atelier Sud,77.3
2026-06-03T21:45:00,Siège Est,78.0
2026-06-03T21:45:00,Usine Nord,958.9
2026-06-03T22:00:00,Atelier Sud,65.7
2026-06-03T22:00:00,Siège Est,77.5
2026-06-03T22:00:00,Usine Nord,634.3
2026-06-03T22:15:00,Atelier Sud,74.3
2026-06-03T22:15:00,Siège Est,93.7
2026-06-03T22:15:00,Usine Nord,631.5
2026-06-03T22:30:00,Atelier Sud,75.5
2026-06-03T22:30:00,Siège Est,65.4
2026-06-03T22:30:00,Usine Nord,641.9
2026-06-03T22:45:00,Atelier Sud,53.4
2026-06-03T22:45:00,Siège Est,62.2
2026-06-03T22:45:00,Usine Nord,631.7
2026-06-03T23:00:00,Atelier Sud,63.3
2026-06-03T23:00:00,Siège Est,79.0
2026-06-03T23:00:00,Usine Nord,644.9
2026-06-03T23:15:00,Atelier Sud,83.2
2026-06-03T23:15:00,Siège Est,72.5
2026-06-03T23:15:00,Usine Nord,626.8
2026-06-03T23:30:00,Atelier Sud,27.4
2026-06-03T23:30:00,Siège Est,57.2
2026-06-03T23:30:00,Usine Nord,656.5
2026-06-03T23:45:00,Atelier Sud,77.7
2026-06-03T23:45:00,Siège Est,76.4
2026-06-03T23:45:00,Usine Nord,666.0
2026-06-04T00:00:00,Atelier Sud,86.7
2026-06-04T00:00:00,Siège Est,88.2
2026-06-04T00:00:00,Usine Nord,659.1
2026-06-04T00:15:00,Atelier Sud,73.8
2026-06-04T00:15:00,Siège Est,56.6
2026-06-04T00:15:00,Usine Nord,621.0
2026-06-04T00:30:00,Atelier Sud,93.9
2026-06-04T00:30:00,Siège Est,72.9
2026-06-04T00:30:00,Usine Nord,675.9
2026-06-04T00:45:00,Atelier Sud,76.1
2026-06-04T00:45:00,Siège Est,62.1
2026-06-04T00:45:00,Usine Nord,610.5
2026-06-04T01:00:00,Atelier Sud,81.3
2026-06-04T01:00:00,Siège Est,83.5
2026-06-04T01:00:00,Usine Nord,653.4
2026-06-04T01:15:00,Atelier Sud,86.2
2026-06-04T01:15:00,Siège Est,79.0
2026-06-04T01:15:00,Usine Nord,651.0
2026-06-04T01:30:00,Atelier Sud,68.6
2026-06-04T01:30:00,Siège Est,73.8
2026-06-04T01:30:00,Usine Nord,665.5
2026-06-04T01:45:00,Atelier Sud,43.8
2026-06-04T01:45:00,Siège Est,79.9
2026-06-04T01:45:00,Usine Nord,634.0
2026-06-04T02:00:00,Atelier Sud,67.6
2026-06-04T02:00:00,Siège Est,61.9
2026-06-04T02:00:00,Usine Nord,637.7
2026-06-04T02:15:00,Atelier Sud,84.9
2026-06-04T02:15:00,Siège Est,72.8
2026-06-04T02:15:00,Usine Nord,674.2
2026-06-04T02:30:00,Atelier Sud,60.0
2026-06-04T02:30:00,Siège Est,67.4
2026-06-04T02:30:00,Usine Nord,673.7
2026-06-04T02:45:00,Atelier Sud,55.0
2026-06-04T02:45:00,Siège Est,60.7
2026-06-04T02:45:00,Usine Nord,626.4
2026-06-04T03:00:00,Atelier Sud,54.5
2026-06-04T03:00:00,Siège Est,87.7
2026-06-04T03:00:00,Usine Nord,642.6
2026-06-04T03:15:00,Atelier Sud,93.6
2026-06-04T03:15:00,Siège Est,65.7
2026-06-04T03:15:00,Usine Nord,631.5
2026-06-04T03:30:00,Atelier Sud,63.6
2026-06-04T03:30:00,Siège Est,65.8
2026-06-04T03:30:00,Usine Nord,591.7
2026-06-04T03:45:00,Atelier Sud,56.5
2026-06-04T03:45:00,Siège Est,63.8
2026-06-04T03:45:00,Usine Nord,673.6
2026-06-04T04:00:00,Atelier Sud,60.3
2026-06-04T04:00:00,Siège Est,77.5
2026-06-04T04:00:00,Usine Nord,634.3
2026-06-04T04:15:00,Atelier Sud,73.4
2026-06-04T04:15:00,Siège Est,67.0
2026-06-04T04:15:00,Usine Nord,650.1
2026-06-04T04:30:00,Atelier Sud,63.9
2026-06-04T04:30:00,Siège Est,76.9
2026-06-04T04:30:00,Usine Nord,654.2
2026-06-04T04:45:00,Atelier Sud,76.9
2026-06-04T04:45:00,Siège Est,69.3
2026-06-04T04:45:00,Usine Nord,620.4
2026-06-04T05:00:00,Atelier Sud,64.2
2026-06-04T05:00:00,Siège Est,63.9
2026-06-04T05:00:00,Usine Nord,668.6
2026-06-04T05:15:00,Atelier Sud,66.1
2026-06-04T05:15:00,Siège Est,58.5
2026-06-04T05:15:00,Usine Nord,634.1
2026-06-04T05:30:00,Atelier Sud,73.1
2026-06-04T05:30:00,Siège Est,59.7
2026-06-04T05:30:00,Usine Nord,616.7
2026-06-04T05:45:00,Atelier Sud,91.9
2026-06-04T05:45:00,Siège Est,44.9
2026-06-04T05:45:00,Usine Nord,656.1
2026-06-04T06:00:00,Atelier Sud,58.0
2026-06-04T06:00:00,Siège Est,64.9
2026-06-04T06:00:00,Usine Nord,954.0
2026-06-04T06:15:00,Atelier Sud,70.2
2026-06-04T06:15:00,Siège Est,76.6
2026-06-04T06:15:00,Usine Nord,938.4
2026-06-04T06:30:00,Atelier Sud,139.0
2026-06-04T06:30:00,Siège Est,77.7
2026-06-04T06:30:00,Usine Nord,949.1
2026-06-04T06:45:00,Atelier Sud,159.1
2026-06-04T06:45:00,Siège Est,79.2
2026-06-04T06:45:00,Usine Nord,987.4
2026-06-04T07:00:00,Atelier Sud,157.9
2026-06-04T07:00:00,Siège Est,62.7
2026-06-04T07:00:00,Usine Nord,965.6
2026-06-04T07:15:00,Atelier Sud,187.4
2026-06-04T07:15:00,Siège Est,56.7
2026-06-04T07:15:00,Usine Nord,950.5
2026-06-04T07:30:00,Atelier Sud,196.6
2026-06-04T07:30:00,Siège Est,72.6
2026-06-04T07:30:00,Usine Nord,942.4
2026-06-04T07:45:00,Atelier Sud,212.8
2026-06-04T07:45:00,Siège Est,67.8
2026-06-04T07:45:00,Usine Nord,990.7
2026-06-04T08:00:00,Atelier Sud,193.1
2026-06-04T08:00:00,Siège Est,246.9
2026-06-04T08:00:00,Usine Nord,940.8
2026-06-04T08:15:00,Atelier Sud,250.3
2026-06-04T08:15:00,Siège Est,241.3
2026-06-04T08:15:00,Usine Nord,907.4
2026-06-04T08:30:00,Atelier Sud,267.3
2026-06-04T08:30:00,Siège Est,244.9
2026-06-04T08:30:00,Usine Nord,977.1
2026-06-04T08:45:00,Atelier Sud,275.8
2026-06-04T08:45:00,Siège Est,233.9
2026-06-04T08:45:00,Usine Nord,939.4
2026-06-04T09:00:00,Atelier Sud,271.5
2026-06-04T09:00:00,Siège Est,245.9
2026-06-04T09:00:00,Usine Nord,902.6
2026-06-04T09:15:00,Atelier Sud,308.7
2026-06-04T09:15:00,Siège Est,232.3
2026-06-04T09:15:00,Usine Nord,919.5
2026-06-04T09:30:00,Atelier Sud,289.8
2026-06-04T09:30:00,Siège Est,258.7
2026-06-04T09:30:00,Usine Nord,920.4
2026-06-04T09:45:00,Atelier Sud,349.2
2026-06-04T09:45:00,Siège Est,239.7
2026-06-04T09:45:00,Usine Nord,902.0
2026-06-04T10:00:00,Atelier Sud,310.4
2026-06-04T10:00:00,Siège Est,239.7
2026-06-04T10:00:00,Usine Nord,933.6
2026-06-04T10:15:00,Atelier Sud,270.4
2026-06-04T10:15:00,Siège Est,233.2
2026-06-04T10:15:00,Usine Nord,937.1
2026-06-04T10:30:00,Atelier Sud,304.8
2026-06-04T10:30:00,Siège Est,233.7
2026-06-04T10:30:00,Usine Nord,986.2
2026-06-04T10:45:00,Atelier Sud,347.3
2026-06-04T10:45:00,Siège Est,244.4
2026-06-04T10:45:00,Usine Nord,948.3
2026-06-04T11:00:00,Atelier Sud,312.3
2026-06-04T11:00:00,Siège Est,255.0
2026-06-04T11:00:00,Usine Nord,937.4
2026-06-04T11:15:00,Atelier Sud,304.2
2026-06-04T11:15:00,Siège Est,243.2
2026-06-04T11:15:00,Usine Nord,946.5
2026-06-04T11:30:00,Atelier Sud,296.4
2026-06-04T11:30:00,Siège Est,240.3
2026-06-04T11:30:00,Usine Nord,954.5
2026-06-04T11:45:00,Atelier Sud,352.1
2026-06-04T11:45:00,Siège Est,235.0
2026-06-04T11:45:00,Usine Nord,972.0
2026-06-04T12:00:00,Atelier Sud,315.6
2026-06-04T12:00:00,Siège Est,239.5
2026-06-04T12:00:00,Usine Nord,979.0
2026-06-04T12:15:00,Atelier Sud,362.1
2026-06-04T12:15:00,Siège Est,258.4
2026-06-04T12:15:00,Usine Nord,907.2
2026-06-04T12:30:00,Atelier Sud,311.8
2026-06-04T12:30:00,Siège Est,234.7
2026-06-04T12:30:00,Usine Nord,917.8
2026-06-04T12:45:00,Atelier Sud,333.1
2026-06-04T12:45:00,Siège Est,243.0
2026-06-04T12:45:00,Usine Nord,949.8
2026-06-04T13:00:00,Atelier Sud,326.0
2026-06-04T13:00:00,Siège Est,240.8
2026-06-04T13:00:00,Usine Nord,992.4
2026-06-04T13:15:00,Atelier Sud,293.0
2026-06-04T13:15:00,Siège Est,246.5
2026-06-04T13:15:00,Usine Nord,939.3
2026-06-04T13:30:00,Atelier Sud,348.3
2026-06-04T13:30:00,Siège Est,236.6
2026-06-04T13:30:00,Usine Nord,974.1
2026-06-04T13:45:00,Atelier Sud,248.4
2026-06-04T13:45:00,Siège Est,227.2
2026-06-04T13:45:00,Usine Nord,937.9
2026-06-04T14:00:00,Atelier Sud,303.5
2026-06-04T14:00:00,Siège Est,236.4
2026-06-04T14:00:00,Usine Nord,937.9
2026-06-04T14:15:00,Atelier Sud,260.9
2026-06-04T14:15:00,Siège Est,235.2
2026-06-04T14:15:00,Usine Nord,944.5
2026-06-04T14:30:00,Atelier Sud,243.8
2026-06-04T14:30:00,Siège Est,237.5
2026-06-04T14:30:00,Usine Nord,980.8
2026-06-04T14:45:00,Atelier Sud,279.3
2026-06-04T14:45:00,Siège Est,226.1
2026-06-04T14:45:00,Usine Nord,939.7
2026-06-04T15:00:00,Atelier Sud,229.4
2026-06-04T15:00:00,Siège Est,244.1
2026-06-04T15:00:00,Usine Nord,951.9
2026-06-04T15:15:00,Atelier Sud,244.5
2026-06-04T15:15:00,Siège Est,227.9
2026-06-04T15:15:00,Usine Nord,957.6
2026-06-04T15:30:00,Atelier Sud,244.1
2026-06-04T15:30:00,Siège Est,255.9
2026-06-04T15:30:00,Usine Nord,970.5
2026-06-04T15:45:00,Atelier Sud,193.7
2026-06-04T15:45:00,Siège Est,251.1
2026-06-04T15:45:00,Usine Nord,951.6
2026-06-04T16:00:00,Atelier Sud,214.0
2026-06-04T16:00:00,Siège Est,248.6
2026-06-04T16:00:00,Usine Nord,970.0
2026-06-04T16:15:00,Atelier Sud,202.3
2026-06-04T16:15:00,Siège Est,245.4
2026-06-04T16:15:00,Usine Nord,987.7
2026-06-04T16:30:00,Atelier Sud,170.0
2026-06-04T16:30:00,Siège Est,240.3
2026-06-04T16:30:00,Usine Nord,967.9
2026-06-04T16:45:00,Atelier Sud,152.5
2026-06-04T16:45:00,Siège Est,255.7
2026-06-04T16:45:00,Usine Nord,942.2
2026-06-04T17:00:00,Atelier Sud,134.0
2026-06-04T17:00:00,Siège Est,244.3
2026-06-04T17:00:00,Usine Nord,947.4
2026-06-04T17:15:00,Atelier Sud,88.7
2026-06-04T17:15:00,Siège Est,244.5
2026-06-04T17:15:00,Usine Nord,956.6
2026-06-04T17:30:00,Atelier Sud,93.9
2026-06-04T17:30:00,Siège Est,239.6
2026-06-04T17:30:00,Usine Nord,944.6
2026-06-04T17:45:00,Atelier Sud,86.7
2026-06-04T17:45:00,Siège Est,234.7
2026-06-04T17:45:00,Usine Nord,925.8
2026-06-04T18:00:00,Atelier Sud,58.6
2026-06-04T18:00:00,Siège Est,241.9
2026-06-04T18:00:00,Usine Nord,929.9
2026-06-04T18:15:00,Atelier Sud,81.0
2026-06-04T18:15:00,Siège Est,227.0
2026-06-04T18:15:00,Usine Nord,938.2
2026-06-04T18:30:00,Atelier Sud,54.4
2026-06-04T18:30:00,Siège Est,223.6
2026-06-04T18:30:00,Usine Nord,907.3
2026-06-04T18:45:00,Atelier Sud,67.3
2026-06-04T18:45:00,Siège Est,239.1
2026-06-04T18:45:00,Usine Nord,1014.5
2026-06-04T19:00:00,Atelier Sud,58.2
2026-06-04T19:00:00,Siège Est,59.7
2026-06-04T19:00:00,Usine Nord,969.4
2026-06-04T19:15:00,Atelier Sud,79.8
2026-06-04T19:15:00,Siège Est,68.2
2026-06-04T19:15:00,Usine Nord,938.1
2026-06-04T19:30:00,Atelier Sud,79.9
2026-06-04T19:30:00,Siège Est,62.6
2026-06-04T19:30:00,Usine Nord,934.1
2026-06-04T19:45:00,Atelier Sud,68.0
2026-06-04T19:45:00,Siège Est,85.2
2026-06-04T19:45:00,Usine Nord,977.5
2026-06-04T20:00:00,Atelier Sud,75.8
2026-06-04T20:00:00,Siège Est,60.8
2026-06-04T20:00:00,Usine Nord,919.5
2026-06-04T20:15:00,Atelier Sud,88.9
2026-06-04T20:15:00,Siège Est,73.0
2026-06-04T20:15:00,Usine Nord,928.0
2026-06-04T20:30:00,Atelier Sud,68.7
2026-06-04T20:30:00,Siège Est,78.9
2026-06-04T20:30:00,Usine Nord,973.3
2026-06-04T20:45:00,Atelier Sud,81.7
2026-06-04T20:45:00,Siège Est,50.7
2026-06-04T20:45:00,Usine Nord,948.8
2026-06-04T21:00:00,Atelier Sud,86.5
2026-06-04T21:00:00,Siège Est,80.6
2026-06-04T21:00:00,Usine Nord,967.6
2026-06-04T21:15:00,Atelier Sud,57.1
2026-06-04T21:15:00,Siège Est,69.8
2026-06-04T21:15:00,Usine Nord,952.9
2026-06-04T21:30:00,Atelier Sud,54.4
2026-06-04T21:30:00,Siège Est,77.0
2026-06-04T21:30:00,Usine Nord,950.5
2026-06-04T21:45:00,Atelier Sud,49.4
2026-06-04T21:45:00,Siège Est,80.1
2026-06-04T21:45:00,Usine Nord,936.4
2026-06-04T22:00:00,Atelier Sud,75.5
2026-06-04T22:00:00,Siège Est,62.4
2026-06-04T22:00:00,Usine Nord,659.5
2026-06-04T22:15:00,Atelier Sud,70.0
2026-06-04T22:15:00,Siège Est,64.7
2026-06-04T22:15:00,Usine Nord,654.2
2026-06-04T22:30:00,Atelier Sud,94.7
2026-06-04T22:30:00,Siège Est,82.5
2026-06-04T22:30:00,Usine Nord,654.1
2026-06-04T22:45:00,Atelier Sud,65.1
2026-06-04T22:45:00,Siège Est,72.0
2026-06-04T22:45:00,Usine Nord,639.5
2026-06-04T23:00:00,Atelier Sud,80.2
2026-06-04T23:00:00,Siège Est,64.4
2026-06-04T23:00:00,Usine Nord,675.4
2026-06-04T23:15:00,Atelier Sud,71.4
2026-06-04T23:15:00,Siège Est,82.8
2026-06-04T23:15:00,Usine Nord,650.5
2026-06-04T23:30:00,Atelier Sud,56.4
2026-06-04T23:30:00,Siège Est,66.3
2026-06-04T23:30:00,Usine Nord,662.2
2026-06-04T23:45:00,Atelier Sud,66.0
2026-06-04T23:45:00,Siège Est,82.9
2026-06-04T23:45:00,Usine Nord,623.2
2026-06-05T00:00:00,Atelier Sud,91.0
2026-06-05T00:00:00,Siège Est,84.3
2026-06-05T00:00:00,Usine Nord,612.5
2026-06-05T00:15:00,Atelier Sud,42.2
2026-06-05T00:15:00,Siège Est,75.5
2026-06-05T00:15:00,Usine Nord,665.1
2026-06-05T00:30:00,Atelier Sud,88.5
2026-06-05T00:30:00,Siège Est,85.1
2026-06-05T00:30:00,Usine Nord,634.6
2026-06-05T00:45:00,Atelier Sud,65.7
2026-06-05T00:45:00,Siège Est,73.5
2026-06-05T00:45:00,Usine Nord,630.4
2026-06-05T01:00:00,Atelier Sud,69.9
2026-06-05T01:00:00,Siège Est,67.3
2026-06-05T01:00:00,Usine Nord,657.0
2026-06-05T01:15:00,Atelier Sud,61.9
2026-06-05T01:15:00,Siège Est,68.1
2026-06-05T01:15:00,Usine Nord,678.3
2026-06-05T01:30:00,Atelier Sud,76.3
2026-06-05T01:30:00,Siège Est,71.1
2026-06-05T01:30:00,Usine Nord,642.9
2026-06-05T01:45:00,Atelier Sud,73.3
2026-06-05T01:45:00,Siège Est,73.3
2026-06-05T01:45:00,Usine Nord,642.5
2026-06-05T02:00:00,Atelier Sud,70.4
2026-06-05T02:00:00,Siège Est,71.3
2026-06-05T02:00:00,Usine Nord,658.7
2026-06-05T02:15:00,Atelier Sud,66.1
2026-06-05T02:15:00,Siège Est,88.9
2026-06-05T02:15:00,Usine Nord,661.1
2026-06-05T02:30:00,Atelier Sud,26.6
2026-06-05T02:30:00,Siège Est,66.6
2026-06-05T02:30:00,Usine Nord,650.4
2026-06-05T02:45:00,Atelier Sud,71.6
2026-06-05T02:45:00,Siège Est,68.4
2026-06-05T02:45:00,Usine Nord,609.2
2026-06-05T03:00:00,Atelier Sud,70.0
2026-06-05T03:00:00,Siège Est,79.1
2026-06-05T03:00:00,Usine Nord,665.9
2026-06-05T03:15:00,Atelier Sud,76.9
2026-06-05T03:15:00,Siège Est,67.1
2026-06-05T03:15:00,Usine Nord,631.9
2026-06-05T03:30:00,Atelier Sud,86.8
2026-06-05T03:30:00,Siège Est,80.0
2026-06-05T03:30:00,Usine Nord,695.0
2026-06-05T03:45:00,Atelier Sud,69.4
2026-06-05T03:45:00,Siège Est,81.7
2026-06-05T03:45:00,Usine Nord,633.8
2026-06-05T04:00:00,Atelier Sud,78.2
2026-06-05T04:00:00,Siège Est,63.4
2026-06-05T04:00:00,Usine Nord,653.9
2026-06-05T04:15:00,Atelier Sud,77.4
2026-06-05T04:15:00,Siège Est,64.4
2026-06-05T04:15:00,Usine Nord,647.8
2026-06-05T04:30:00,Atelier Sud,82.6
2026-06-05T04:30:00,Siège Est,70.6
2026-06-05T04:30:00,Usine Nord,653.4
2026-06-05T04:45:00,Atelier Sud,90.4
2026-06-05T04:45:00,Siège Est,73.9
2026-06-05T04:45:00,Usine Nord,704.2
2026-06-05T05:00:00,Atelier Sud,88.1
2026-06-05T05:00:00,Siège Est,66.3
2026-06-05T05:00:00,Usine Nord,643.4
2026-06-05T05:15:00,Atelier Sud,76.3
2026-06-05T05:15:00,Siège Est,63.7
2026-06-05T05:15:00,Usine Nord,671.6
2026-06-05T05:30:00,Atelier Sud,60.3
2026-06-05T05:30:00,Siège Est,55.5
2026-06-05T05:30:00,Usine Nord,649.2
2026-06-05T05:45:00,Atelier Sud,94.0
2026-06-05T05:45:00,Siège Est,69.2
2026-06-05T05:45:00,Usine Nord,641.3
2026-06-05T06:00:00,Atelier Sud,83.2
2026-06-05T06:00:00,Siège Est,78.1
2026-06-05T06:00:00,Usine Nord,967.5
2026-06-05T06:15:00,Atelier Sud,115.3
2026-06-05T06:15:00,Siège Est,74.8
2026-06-05T06:15:00,Usine Nord,958.2
2026-06-05T06:30:00,Atelier Sud,104.5
2026-06-05T06:30:00,Siège Est,68.2
2026-06-05T06:30:00,Usine Nord,946.7
2026-06-05T06:45:00,Atelier Sud,127.5
2026-06-05T06:45:00,Siège Est,86.3
2026-06-05T06:45:00,Usine Nord,929.3
2026-06-05T07:00:00,Atelier Sud,143.4
2026-06-05T07:00:00,Siège Est,65.9
2026-06-05T07:00:00,Usine Nord,960.1
2026-06-05T07:15:00,Atelier Sud,189.5
2026-06-05T07:15:00,Siège Est,77.5
2026-06-05T07:15:00,Usine Nord,1025.8
2026-06-05T07:30:00,Atelier Sud,187.8
2026-06-05T07:30:00,Siège Est,74.9
2026-06-05T07:30:00,Usine Nord,947.8
2026-06-05T07:45:00,Atelier Sud,233.4
2026-06-05T07:45:00,Siège Est,69.0
2026-06-05T07:45:00,Usine Nord,964.7
2026-06-05T08:00:00,Atelier Sud,204.5
2026-06-05T08:00:00,Siège Est,255.8
2026-06-05T08:00:00,Usine Nord,937.9
2026-06-05T08:15:00,Atelier Sud,256.5
2026-06-05T08:15:00,Siège Est,246.3
2026-06-05T08:15:00,Usine Nord,1027.3
2026-06-05T08:30:00,Atelier Sud,255.4
2026-06-05T08:30:00,Siège Est,244.7
2026-06-05T08:30:00,Usine Nord,919.3
2026-06-05T08:45:00,Atelier Sud,266.4
2026-06-05T08:45:00,Siège Est,243.6
2026-06-05T08:45:00,Usine Nord,937.9
2026-06-05T09:00:00,Atelier Sud,258.9
2026-06-05T09:00:00,Siège Est,252.4
2026-06-05T09:00:00,Usine Nord,909.3
2026-06-05T09:15:00,Atelier Sud,314.0
2026-06-05T09:15:00,Siège Est,251.0
2026-06-05T09:15:00,Usine Nord,966.0
2026-06-05T09:30:00,Atelier Sud,312.7
2026-06-05T09:30:00,Siège Est,249.6
2026-06-05T09:30:00,Usine Nord,954.2
2026-06-05T09:45:00,Atelier Sud,328.8
2026-06-05T09:45:00,Siège Est,245.7
2026-06-05T09:45:00,Usine Nord,960.2
2026-06-05T10:00:00,Atelier Sud,284.0
2026-06-05T10:00:00,Siège Est,258.7
2026-06-05T10:00:00,Usine Nord,950.5
2026-06-05T10:15:00,Atelier Sud,310.4
2026-06-05T10:15:00,Siège Est,249.7
2026-06-05T10:15:00,Usine Nord,985.2
2026-06-05T10:30:00,Atelier Sud,325.5
2026-06-05T10:30:00,Siège Est,236.6
2026-06-05T10:30:00,Usine Nord,981.1
2026-06-05T10:45:00,Atelier Sud,365.4
2026-06-05T10:45:00,Siège Est,239.6
2026-06-05T10:45:00,Usine Nord,976.7
2026-06-05T11:00:00,Atelier Sud,349.1
2026-06-05T11:00:00,Siège Est,251.9
2026-06-05T11:00:00,Usine Nord,891.5
2026-06-05T11:15:00,Atelier Sud,359.4
2026-06-05T11:15:00,Siège Est,241.9
2026-06-05T11:15:00,Usine Nord,930.7
2026-06-05T11:30:00,Atelier Sud,293.4
2026-06-05T11:30:00,Siège Est,250.4
2026-06-05T11:30:00,Usine Nord,953.2
2026-06-05T11:45:00,Atelier Sud,317.4
2026-06-05T11:45:00,Siège Est,249.1
2026-06-05T11:45:00,Usine Nord,970.4
2026-06-05T12:00:00,Atelier Sud,355.0
2026-06-05T12:00:00,Siège Est,232.2
2026-06-05T12:00:00,Usine Nord,890.2
2026-06-05T12:15:00,Atelier Sud,284.8
2026-06-05T12:15:00,Siège Est,253.4
2026-06-05T12:15:00,Usine Nord,985.9
2026-06-05T12:30:00,Atelier Sud,321.5
2026-06-05T12:30:00,Siège Est,251.8
2026-06-05T12:30:00,Usine Nord,958.3
2026-06-05T12:45:00,Atelier Sud,359.3
2026-06-05T12:45:00,Siège Est,243.1
2026-06-05T12:45:00,Usine Nord,986.1
2026-06-05T13:00:00,Atelier Sud,295.4
2026-06-05T13:00:00,Siège Est,249.8
2026-06-05T13:00:00,Usine Nord,925.0
2026-06-05T13:15:00,Atelier Sud,321.3
2026-06-05T13:15:00,Siège Est,241.8
2026-06-05T13:15:00,Usine Nord,933.9
2026-06-05T13:30:00,Atelier Sud,348.3
2026-06-05T13:30:00,Siège Est,254.4
2026-06-05T13:30:00,Usine Nord,927.7
2026-06-05T13:45:00,Atelier Sud,279.6
2026-06-05T13:45:00,Siège Est,233.0
2026-06-05T13:45:00,Usine Nord,937.0
2026-06-05T14:00:00,Atelier Sud,255.2
2026-06-05T14:00:00,Siège Est,244.6
2026-06-05T14:00:00,Usine Nord,933.6
2026-06-05T14:15:00,Atelier Sud,271.6
2026-06-05T14:15:00,Siège Est,238.7
2026-06-05T14:15:00,Usine Nord,912.2
2026-06-05T14:30:00,Atelier Sud,320.2
2026-06-05T14:30:00,Siège Est,239.8
2026-06-05T14:30:00,Usine Nord,979.4
2026-06-05T14:45:00,Atelier Sud,230.9
2026-06-05T14:45:00,Siège Est,258.5
2026-06-05T14:45:00,Usine Nord,962.7
2026-06-05T15:00:00,Atelier Sud,272.1
2026-06-05T15:00:00,Siège Est,254.2
2026-06-05T15:00:00,Usine Nord,932.5
2026-06-05T15:15:00,Atelier Sud,231.6
2026-06-05T15:15:00,Siège Est,243.0
2026-06-05T15:15:00,Usine Nord,905.2
2026-06-05T15:30:00,Atelier Sud,237.8
2026-06-05T15:30:00,Siège Est,238.8
2026-06-05T15:30:00,Usine Nord,976.3
2026-06-05T15:45:00,Atelier Sud,226.8
2026-06-05T15:45:00,Siège Est,251.0
2026-06-05T15:45:00,Usine Nord,900.2
2026-06-05T16:00:00,Atelier Sud,170.8
2026-06-05T16:00:00,Siège Est,234.9
2026-06-05T16:00:00,Usine Nord,926.1
2026-06-05T16:15:00,Atelier Sud,177.3
2026-06-05T16:15:00,Siège Est,236.5
2026-06-05T16:15:00,Usine Nord,922.5
2026-06-05T16:30:00,Atelier Sud,174.6
2026-06-05T16:30:00,Siège Est,235.2
2026-06-05T16:30:00,Usine Nord,934.2
2026-06-05T16:45:00,Atelier Sud,146.4
2026-06-05T16:45:00,Siège Est,245.5
2026-06-05T16:45:00,Usine Nord,960.7
2026-06-05T17:00:00,Atelier Sud,130.9
2026-06-05T17:00:00,Siège Est,243.8
2026-06-05T17:00:00,Usine Nord,969.5
2026-06-05T17:15:00,Atelier Sud,114.6
2026-06-05T17:15:00,Siège Est,232.2
2026-06-05T17:15:00,Usine Nord,957.4
2026-06-05T17:30:00,Atelier Sud,98.2
2026-06-05T17:30:00,Siège Est,237.6
2026-06-05T17:30:00,Usine Nord,924.7
2026-06-05T17:45:00,Atelier Sud,85.5
2026-06-05T17:45:00,Siège Est,244.2
2026-06-05T17:45:00,Usine Nord,979.2
2026-06-05T18:00:00,Atelier Sud,84.5
2026-06-05T18:00:00,Siège Est,244.4
2026-06-05T18:00:00,Usine Nord,976.8
2026-06-05T18:15:00,Atelier Sud,66.5
2026-06-05T18:15:00,Siège Est,250.5
2026-06-05T18:15:00,Usine Nord,967.8
2026-06-05T18:30:00,Atelier Sud,65.6
2026-06-05T18:30:00,Siège Est,242.9
2026-06-05T18:30:00,Usine Nord,1002.9
2026-06-05T18:45:00,Atelier Sud,82.9
2026-06-05T18:45:00,Siège Est,244.9
2026-06-05T18:45:00,Usine Nord,926.8
2026-06-05T19:00:00,Atelier Sud,81.2
2026-06-05T19:00:00,Siège Est,67.8
2026-06-05T19:00:00,Usine Nord,933.4
2026-06-05T19:15:00,Atelier Sud,60.7
2026-06-05T19:15:00,Siège Est,70.2
2026-06-05T19:15:00,Usine Nord,933.1
2026-06-05T19:30:00,Atelier Sud,59.3
2026-06-05T19:30:00,Siège Est,84.0
2026-06-05T19:30:00,Usine Nord,936.6
2026-06-05T19:45:00,Atelier Sud,63.4
2026-06-05T19:45:00,Siège Est,75.9
2026-06-05T19:45:00,Usine Nord,964.7
2026-06-05T20:00:00,Atelier Sud,72.7
2026-06-05T20:00:00,Siège Est,77.8
2026-06-05T20:00:00,Usine Nord,954.9
2026-06-05T20:15:00,Atelier Sud,73.8
2026-06-05T20:15:00,Siège Est,66.7
2026-06-05T20:15:00,Usine Nord,941.4
2026-06-05T20:30:00,Atelier Sud,44.9
2026-06-05T20:30:00,Siège Est,56.1
2026-06-05T20:30:00,Usine Nord,975.9
2026-06-05T20:45:00,Atelier Sud,69.9
2026-06-05T20:45:00,Siège Est,63.9
2026-06-05T20:45:00,Usine Nord,948.5
2026-06-05T21:00:00,Atelier Sud,65.0
2026-06-05T21:00:00,Siège Est,69.2
2026-06-05T21:00:00,Usine Nord,937.9
2026-06-05T21:15:00,Atelier Sud,82.4
2026-06-05T21:15:00,Siège Est,81.2
2026-06-05T21:15:00,Usine Nord,936.3
2026-06-05T21:30:00,Atelier Sud,62.7
2026-06-05T21:30:00,Siège Est,73.7
2026-06-05T21:30:00,Usine Nord,921.4
2026-06-05T21:45:00,Atelier Sud,50.0
2026-06-05T21:45:00,Siège Est,68.5
2026-06-05T21:45:00,Usine Nord,945.1
2026-06-05T22:00:00,Atelier Sud,80.4
2026-06-05T22:00:00,Siège Est,72.8
2026-06-05T22:00:00,Usine Nord,629.4
2026-06-05T22:15:00,Atelier Sud,89.6
2026-06-05T22:15:00,Siège Est,75.4
2026-06-05T22:15:00,Usine Nord,646.1
2026-06-05T22:30:00,Atelier Sud,95.2
2026-06-05T22:30:00,Siège Est,75.0
2026-06-05T22:30:00,Usine Nord,656.8
2026-06-05T22:45:00,Atelier Sud,65.4
2026-06-05T22:45:00,Siège Est,80.5
2026-06-05T22:45:00,Usine Nord,658.7
2026-06-05T23:00:00,Atelier Sud,71.7
2026-06-05T23:00:00,Siège Est,74.6
2026-06-05T23:00:00,Usine Nord,638.5
2026-06-05T23:15:00,Atelier Sud,66.7
2026-06-05T23:15:00,Siège Est,64.6
2026-06-05T23:15:00,Usine Nord,690.5
2026-06-05T23:30:00,Atelier Sud,52.7
2026-06-05T23:30:00,Siège Est,59.5
2026-06-05T23:30:00,Usine Nord,623.0
2026-06-05T23:45:00,Atelier Sud,82.9
2026-06-05T23:45:00,Siège Est,63.2
2026-06-05T23:45:00,Usine Nord,664.1
2026-06-06T00:00:00,Atelier Sud,104.4
2026-06-06T00:00:00,Siège Est,80.1
2026-06-06T00:00:00,Usine Nord,357.2
2026-06-06T00:15:00,Atelier Sud,82.4
2026-06-06T00:15:00,Siège Est,85.4
2026-06-06T00:15:00,Usine Nord,362.9
2026-06-06T00:30:00,Atelier Sud,59.8
2026-06-06T00:30:00,Siège Est,67.1
2026-06-06T00:30:00,Usine Nord,341.6
2026-06-06T00:45:00,Atelier Sud,80.2
2026-06-06T00:45:00,Siège Est,87.4
2026-06-06T00:45:00,Usine Nord,339.4
2026-06-06T01:00:00,Atelier Sud,72.3
2026-06-06T01:00:00,Siège Est,74.6
2026-06-06T01:00:00,Usine Nord,370.7
2026-06-06T01:15:00,Atelier Sud,83.5
2026-06-06T01:15:00,Siège Est,72.2
2026-06-06T01:15:00,Usine Nord,318.4
2026-06-06T01:30:00,Atelier Sud,60.2
2026-06-06T01:30:00,Siège Est,73.8
2026-06-06T01:30:00,Usine Nord,359.5
2026-06-06T01:45:00,Atelier Sud,55.4
2026-06-06T01:45:00,Siège Est,76.5
2026-06-06T01:45:00,Usine Nord,324.2
2026-06-06T02:00:00,Atelier Sud,57.7
2026-06-06T02:00:00,Siège Est,67.4
2026-06-06T02:00:00,Usine Nord,316.0
2026-06-06T02:15:00,Atelier Sud,76.8
2026-06-06T02:15:00,Siège Est,72.6
2026-06-06T02:15:00,Usine Nord,358.1
2026-06-06T02:30:00,Atelier Sud,41.9
2026-06-06T02:30:00,Siège Est,71.0
2026-06-06T02:30:00,Usine Nord,344.0
2026-06-06T02:45:00,Atelier Sud,40.2
2026-06-06T02:45:00,Siège Est,49.6
2026-06-06T02:45:00,Usine Nord,399.4
2026-06-06T03:00:00,Atelier Sud,62.1
2026-06-06T03:00:00,Siège Est,69.3
2026-06-06T03:00:00,Usine Nord,317.6
2026-06-06T03:15:00,Atelier Sud,72.8
2026-06-06T03:15:00,Siège Est,85.3
2026-06-06T03:15:00,Usine Nord,359.8
2026-06-06T03:30:00,Atelier Sud,76.9
2026-06-06T03:30:00,Siège Est,78.6
2026-06-06T03:30:00,Usine Nord,358.8
2026-06-06T03:45:00,Atelier Sud,64.7
2026-06-06T03:45:00,Siège Est,67.1
2026-06-06T03:45:00,Usine Nord,360.2
2026-06-06T04:00:00,Atelier Sud,57.6
2026-06-06T04:00:00,Siège Est,73.3
2026-06-06T04:00:00,Usine Nord,346.1
2026-06-06T04:15:00,Atelier Sud,80.7
2026-06-06T04:15:00,Siège Est,77.5
2026-06-06T04:15:00,Usine Nord,320.7
2026-06-06T04:30:00,Atelier Sud,69.8
2026-06-06T04:30:00,Siège Est,68.0
2026-06-06T04:30:00,Usine Nord,372.7
2026-06-06T04:45:00,Atelier Sud,47.4
2026-06-06T04:45:00,Siège Est,77.6
2026-06-06T04:45:00,Usine Nord,373.0
2026-06-06T05:00:00,Atelier Sud,70.2
2026-06-06T05:00:00,Siège Est,70.0
2026-06-06T05:00:00,Usine Nord,365.1
2026-06-06T05:15:00,Atelier Sud,58.4
2026-06-06T05:15:00,Siège Est,60.8
2026-06-06T05:15:00,Usine Nord,362.6
2026-06-06T05:30:00,Atelier Sud,51.7
2026-06-06T05:30:00,Siège Est,70.9
2026-06-06T05:30:00,Usine Nord,383.1
2026-06-06T05:45:00,Atelier Sud,70.9
2026-06-06T05:45:00,Siège Est,54.6
2026-06-06T05:45:00,Usine Nord,378.2
2026-06-06T06:00:00,Atelier Sud,81.0
2026-06-06T06:00:00,Siège Est,68.5
2026-06-06T06:00:00,Usine Nord,537.8
2026-06-06T06:15:00,Atelier Sud,48.5
2026-06-06T06:15:00,Siège Est,60.7
2026-06-06T06:15:00,Usine Nord,508.5
2026-06-06T06:30:00,Atelier Sud,70.1
2026-06-06T06:30:00,Siège Est,81.4
2026-06-06T06:30:00,Usine Nord,544.8
2026-06-06T06:45:00,Atelier Sud,81.2
2026-06-06T06:45:00,Siège Est,56.1
2026-06-06T06:45:00,Usine Nord,503.2
2026-06-06T07:00:00,Atelier Sud,103.0
2026-06-06T07:00:00,Siège Est,73.0
2026-06-06T07:00:00,Usine Nord,531.0
2026-06-06T07:15:00,Atelier Sud,59.7
2026-06-06T07:15:00,Siège Est,78.5
2026-06-06T07:15:00,Usine Nord,500.3
2026-06-06T07:30:00,Atelier Sud,73.2
2026-06-06T07:30:00,Siège Est,77.2
2026-06-06T07:30:00,Usine Nord,518.9
2026-06-06T07:45:00,Atelier Sud,56.4
2026-06-06T07:45:00,Siège Est,60.7
2026-06-06T07:45:00,Usine Nord,539.9
2026-06-06T08:00:00,Atelier Sud,87.1
2026-06-06T08:00:00,Siège Est,58.0
2026-06-06T08:00:00,Usine Nord,515.6
2026-06-06T08:15:00,Atelier Sud,80.5
2026-06-06T08:15:00,Siège Est,80.4
2026-06-06T08:15:00,Usine Nord,543.5
2026-06-06T08:30:00,Atelier Sud,60.4
2026-06-06T08:30:00,Siège Est,68.5
2026-06-06T08:30:00,Usine Nord,512.0
2026-06-06T08:45:00,Atelier Sud,65.5
2026-06-06T08:45:00,Siège Est,67.7
2026-06-06T08:45:00,Usine Nord,559.3
2026-06-06T09:00:00,Atelier Sud,64.2
2026-06-06T09:00:00,Siège Est,73.7
2026-06-06T09:00:00,Usine Nord,519.0
2026-06-06T09:15:00,Atelier Sud,28.3
2026-06-06T09:15:00,Siège Est,69.2
2026-06-06T09:15:00,Usine Nord,580.0
2026-06-06T09:30:00,Atelier Sud,54.6
2026-06-06T09:30:00,Siège Est,70.2
2026-06-06T09:30:00,Usine Nord,538.3
2026-06-06T09:45:00,Atelier Sud,15.0
2026-06-06T09:45:00,Siège Est,67.4
2026-06-06T09:45:00,Usine Nord,521.6
2026-06-06T10:00:00,Atelier Sud,37.4
2026-06-06T10:00:00,Siège Est,68.9
2026-06-06T10:00:00,Usine Nord,497.7
2026-06-06T10:15:00,Atelier Sud,20.0
2026-06-06T10:15:00,Siège Est,50.2
2026-06-06T10:15:00,Usine Nord,513.2
2026-06-06T10:30:00,Atelier Sud,74.7
2026-06-06T10:30:00,Siège Est,66.2
2026-06-06T10:30:00,Usine Nord,566.0
2026-06-06T10:45:00,Atelier Sud,35.4
2026-06-06T10:45:00,Siège Est,74.4
2026-06-06T10:45:00,Usine Nord,494.9
2026-06-06T11:00:00,Atelier Sud,41.9
2026-06-06T11:00:00,Siège Est,64.9
2026-06-06T11:00:00,Usine Nord,487.9
2026-06-06T11:15:00,Atelier Sud,77.9
2026-06-06T11:15:00,Siège Est,67.9
2026-06-06T11:15:00,Usine Nord,529.1
2026-06-06T11:30:00,Atelier Sud,51.1
2026-06-06T11:30:00,Siège Est,79.3
2026-06-06T11:30:00,Usine Nord,550.3
2026-06-06T11:45:00,Atelier Sud,40.2
2026-06-06T11:45:00,Siège Est,64.6
2026-06-06T11:45:00,Usine Nord,514.2
2026-06-06T12:00:00,Atelier Sud,15.0
2026-06-06T12:00:00,Siège Est,78.2
2026-06-06T12:00:00,Usine Nord,503.5
2026-06-06T12:15:00,Atelier Sud,15.0
2026-06-06T12:15:00,Siège Est,79.2
2026-06-06T12:15:00,Usine Nord,517.6
2026-06-06T12:30:00,Atelier Sud,15.0
2026-06-06T12:30:00,Siège Est,78.8
2026-06-06T12:30:00,Usine Nord,517.7
2026-06-06T12:45:00,Atelier Sud,38.0
2026-06-06T12:45:00,Siège Est,77.4
2026-06-06T12:45:00,Usine Nord,547.3
2026-06-06T13:00:00,Atelier Sud,53.2
2026-06-06T13:00:00,Siège Est,63.7
2026-06-06T13:00:00,Usine Nord,564.0
2026-06-06T13:15:00,Atelier Sud,34.4
2026-06-06T13:15:00,Siège Est,62.0
2026-06-06T13:15:00,Usine Nord,519.2
2026-06-06T13:30:00,Atelier Sud,15.0
2026-06-06T13:30:00,Siège Est,80.2
2026-06-06T13:30:00,Usine Nord,504.2
2026-06-06T13:45:00,Atelier Sud,50.0
2026-06-06T13:45:00,Siège Est,73.2
2026-06-06T13:45:00,Usine Nord,496.0
2026-06-06T14:00:00,Atelier Sud,15.0
2026-06-06T14:00:00,Siège Est,90.4
2026-06-06T14:00:00,Usine Nord,484.1
2026-06-06T14:15:00,Atelier Sud,15.0
2026-06-06T14:15:00,Siège Est,82.5
2026-06-06T14:15:00,Usine Nord,520.8
2026-06-06T14:30:00,Atelier Sud,53.4
2026-06-06T14:30:00,Siège Est,77.2
2026-06-06T14:30:00,Usine Nord,488.0
2026-06-06T14:45:00,Atelier Sud,20.2
2026-06-06T14:45:00,Siège Est,73.8
2026-06-06T14:45:00,Usine Nord,538.2
2026-06-06T15:00:00,Atelier Sud,15.0
2026-06-06T15:00:00,Siège Est,71.0
2026-06-06T15:00:00,Usine Nord,517.2
2026-06-06T15:15:00,Atelier Sud,43.8
2026-06-06T15:15:00,Siège Est,73.4
2026-06-06T15:15:00,Usine Nord,506.8
2026-06-06T15:30:00,Atelier Sud,16.2
2026-06-06T15:30:00,Siège Est,69.5
2026-06-06T15:30:00,Usine Nord,554.2
2026-06-06T15:45:00,Atelier Sud,15.0
2026-06-06T15:45:00,Siège Est,71.5
2026-06-06T15:45:00,Usine Nord,484.0
2026-06-06T16:00:00,Atelier Sud,20.7
2026-06-06T16:00:00,Siège Est,76.9
2026-06-06T16:00:00,Usine Nord,542.4
2026-06-06T16:15:00,Atelier Sud,38.4
2026-06-06T16:15:00,Siège Est,75.6
2026-06-06T16:15:00,Usine Nord,524.7
2026-06-06T16:30:00,Atelier Sud,54.5
2026-06-06T16:30:00,Siège Est,74.4
2026-06-06T16:30:00,Usine Nord,528.1
2026-06-06T16:45:00,Atelier Sud,34.3
2026-06-06T16:45:00,Siège Est,59.7
2026-06-06T16:45:00,Usine Nord,522.1
2026-06-06T17:00:00,Atelier Sud,62.4
2026-06-06T17:00:00,Siège Est,59.6
2026-06-06T17:00:00,Usine Nord,497.2
2026-06-06T17:15:00,Atelier Sud,62.8
2026-06-06T17:15:00,Siège Est,64.0
2026-06-06T17:15:00,Usine Nord,535.7
2026-06-06T17:30:00,Atelier Sud,79.5
2026-06-06T17:30:00,Siège Est,55.2
2026-06-06T17:30:00,Usine Nord,548.8
2026-06-06T17:45:00,Atelier Sud,56.3
2026-06-06T17:45:00,Siège Est,61.8
2026-06-06T17:45:00,Usine Nord,477.6
2026-06-06T18:00:00,Atelier Sud,77.2
2026-06-06T18:00:00,Siège Est,65.7
2026-06-06T18:00:00,Usine Nord,524.5
2026-06-06T18:15:00,Atelier Sud,60.4
2026-06-06T18:15:00,Siège Est,59.0
2026-06-06T18:15:00,Usine Nord,519.7
2026-06-06T18:30:00,Atelier Sud,66.3
2026-06-06T18:30:00,Siège Est,66.8
2026-06-06T18:30:00,Usine Nord,515.7
2026-06-06T18:45:00,Atelier Sud,69.9
2026-06-06T18:45:00,Siège Est,65.8
2026-06-06T18:45:00,Usine Nord,531.3
2026-06-06T19:00:00,Atelier Sud,58.0
2026-06-06T19:00:00,Siège Est,57.8
2026-06-06T19:00:00,Usine Nord,517.9
2026-06-06T19:15:00,Atelier Sud,78.3
2026-06-06T19:15:00,Siège Est,70.8
2026-06-06T19:15:00,Usine Nord,513.3
2026-06-06T19:30:00,Atelier Sud,47.0
2026-06-06T19:30:00,Siège Est,60.7
2026-06-06T19:30:00,Usine Nord,548.6
2026-06-06T19:45:00,Atelier Sud,79.2
2026-06-06T19:45:00,Siège Est,72.2
2026-06-06T19:45:00,Usine Nord,500.8
2026-06-06T20:00:00,Atelier Sud,79.1
2026-06-06T20:00:00,Siège Est,59.9
2026-06-06T20:00:00,Usine Nord,513.2
2026-06-06T20:15:00,Atelier Sud,107.4
2026-06-06T20:15:00,Siège Est,66.2
2026-06-06T20:15:00,Usine Nord,512.8
2026-06-06T20:30:00,Atelier Sud,62.7
2026-06-06T20:30:00,Siège Est,77.4
2026-06-06T20:30:00,Usine Nord,504.4
2026-06-06T20:45:00,Atelier Sud,58.8
2026-06-06T20:45:00,Siège Est,63.0
2026-06-06T20:45:00,Usine Nord,510.5
2026-06-06T21:00:00,Atelier Sud,75.4
2026-06-06T21:00:00,Siège Est,76.7
2026-06-06T21:00:00,Usine Nord,553.1
2026-06-06T21:15:00,Atelier Sud,71.1
2026-06-06T21:15:00,Siège Est,86.5
2026-06-06T21:15:00,Usine Nord,503.6
2026-06-06T21:30:00,Atelier Sud,72.7
2026-06-06T21:30:00,Siège Est,80.4
2026-06-06T21:30:00,Usine Nord,577.5
2026-06-06T21:45:00,Atelier Sud,61.0
2026-06-06T21:45:00,Siège Est,60.2
2026-06-06T21:45:00,Usine Nord,487.0
2026-06-06T22:00:00,Atelier Sud,79.6
2026-06-06T22:00:00,Siège Est,82.4
2026-06-06T22:00:00,Usine Nord,302.4
2026-06-06T22:15:00,Atelier Sud,85.5
2026-06-06T22:15:00,Siège Est,86.4
2026-06-06T22:15:00,Usine Nord,340.6
2026-06-06T22:30:00,Atelier Sud,80.4
2026-06-06T22:30:00,Siège Est,74.7
2026-06-06T22:30:00,Usine Nord,327.9
2026-06-06T22:45:00,Atelier Sud,71.0
2026-06-06T22:45:00,Siège Est,86.5
2026-06-06T22:45:00,Usine Nord,383.6
2026-06-06T23:00:00,Atelier Sud,70.4
2026-06-06T23:00:00,Siège Est,85.9
2026-06-06T23:00:00,Usine Nord,366.2
2026-06-06T23:15:00,Atelier Sud,87.8
2026-06-06T23:15:00,Siège Est,57.7
2026-06-06T23:15:00,Usine Nord,332.2
2026-06-06T23:30:00,Atelier Sud,100.4
2026-06-06T23:30:00,Siège Est,77.0
2026-06-06T23:30:00,Usine Nord,351.5
2026-06-06T23:45:00,Atelier Sud,88.3
2026-06-06T23:45:00,Siège Est,76.2
2026-06-06T23:45:00,Usine Nord,349.0
2026-06-07T00:00:00,Atelier Sud,72.0
2026-06-07T00:00:00,Siège Est,69.9
2026-06-07T00:00:00,Usine Nord,414.2
2026-06-07T00:15:00,Atelier Sud,81.8
2026-06-07T00:15:00,Siège Est,69.6
2026-06-07T00:15:00,Usine Nord,359.1
2026-06-07T00:30:00,Atelier Sud,67.9
2026-06-07T00:30:00,Siège Est,77.6
2026-06-07T00:30:00,Usine Nord,361.9
2026-06-07T00:45:00,Atelier Sud,91.6
2026-06-07T00:45:00,Siège Est,95.3
2026-06-07T00:45:00,Usine Nord,367.8
2026-06-07T01:00:00,Atelier Sud,57.7
2026-06-07T01:00:00,Siège Est,70.7
2026-06-07T01:00:00,Usine Nord,361.0
2026-06-07T01:15:00,Atelier Sud,51.0
2026-06-07T01:15:00,Siège Est,82.1
2026-06-07T01:15:00,Usine Nord,355.9
2026-06-07T01:30:00,Atelier Sud,95.2
2026-06-07T01:30:00,Siège Est,65.6
2026-06-07T01:30:00,Usine Nord,336.8
2026-06-07T01:45:00,Atelier Sud,69.0
2026-06-07T01:45:00,Siège Est,78.1
2026-06-07T01:45:00,Usine Nord,358.0
2026-06-07T02:00:00,Atelier Sud,97.7
2026-06-07T02:00:00,Siège Est,79.6
2026-06-07T02:00:00,Usine Nord,360.6
2026-06-07T02:15:00,Atelier Sud,72.5
2026-06-07T02:15:00,Siège Est,61.4
2026-06-07T02:15:00,Usine Nord,326.2
2026-06-07T02:30:00,Atelier Sud,51.6
2026-06-07T02:30:00,Siège Est,61.8
2026-06-07T02:30:00,Usine Nord,357.7
2026-06-07T02:45:00,Atelier Sud,77.9
2026-06-07T02:45:00,Siège Est,81.5
2026-06-07T02:45:00,Usine Nord,328.1
2026-06-07T03:00:00,Atelier Sud,69.4
2026-06-07T03:00:00,Siège Est,78.1
2026-06-07T03:00:00,Usine Nord,318.7
2026-06-07T03:15:00,Atelier Sud,80.4
2026-06-07T03:15:00,Siège Est,79.8
2026-06-07T03:15:00,Usine Nord,354.3
2026-06-07T03:30:00,Atelier Sud,65.4
2026-06-07T03:30:00,Siège Est,87.7
2026-06-07T03:30:00,Usine Nord,367.4
2026-06-07T03:45:00,Atelier Sud,70.1
2026-06-07T03:45:00,Siège Est,71.6
2026-06-07T03:45:00,Usine Nord,376.6
2026-06-07T04:00:00,Atelier Sud,67.7
2026-06-07T04:00:00,Siège Est,83.6
2026-06-07T04:00:00,Usine Nord,343.4
2026-06-07T04:15:00,Atelier Sud,55.0
2026-06-07T04:15:00,Siège Est,74.4
2026-06-07T04:15:00,Usine Nord,323.3
2026-06-07T04:30:00,Atelier Sud,84.4
2026-06-07T04:30:00,Siège Est,67.4
2026-06-07T04:30:00,Usine Nord,336.0
2026-06-07T04:45:00,Atelier Sud,73.1
2026-06-07T04:45:00,Siège Est,70.0
2026-06-07T04:45:00,Usine Nord,350.1
2026-06-07T05:00:00,Atelier Sud,88.1
2026-06-07T05:00:00,Siège Est,78.7
2026-06-07T05:00:00,Usine Nord,353.3
2026-06-07T05:15:00,Atelier Sud,68.4
2026-06-07T05:15:00,Siège Est,66.9
2026-06-07T05:15:00,Usine Nord,366.2
2026-06-07T05:30:00,Atelier Sud,83.6
2026-06-07T05:30:00,Siège Est,69.7
2026-06-07T05:30:00,Usine Nord,351.7
2026-06-07T05:45:00,Atelier Sud,84.7
2026-06-07T05:45:00,Siège Est,88.3
2026-06-07T05:45:00,Usine Nord,379.2
2026-06-07T06:00:00,Atelier Sud,62.1
2026-06-07T06:00:00,Siège Est,70.5
2026-06-07T06:00:00,Usine Nord,507.5
2026-06-07T06:15:00,Atelier Sud,70.3
2026-06-07T06:15:00,Siège Est,78.9
2026-06-07T06:15:00,Usine Nord,532.1
2026-06-07T06:30:00,Atelier Sud,94.8
2026-06-07T06:30:00,Siège Est,81.2
2026-06-07T06:30:00,Usine Nord,535.9
2026-06-07T06:45:00,Atelier Sud,51.7
2026-06-07T06:45:00,Siège Est,71.2
2026-06-07T06:45:00,Usine Nord,530.3
2026-06-07T07:00:00,Atelier Sud,85.1
2026-06-07T07:00:00,Siège Est,72.0
2026-06-07T07:00:00,Usine Nord,533.6
2026-06-07T07:15:00,Atelier Sud,66.8
2026-06-07T07:15:00,Siège Est,66.9
2026-06-07T07:15:00,Usine Nord,497.5
2026-06-07T07:30:00,Atelier Sud,67.6
2026-06-07T07:30:00,Siège Est,63.3
2026-06-07T07:30:00,Usine Nord,541.3
2026-06-07T07:45:00,Atelier Sud,86.0
2026-06-07T07:45:00,Siège Est,79.6
2026-06-07T07:45:00,Usine Nord,510.4
2026-06-07T08:00:00,Atelier Sud,78.5
2026-06-07T08:00:00,Siège Est,81.7
2026-06-07T08:00:00,Usine Nord,517.7
2026-06-07T08:15:00,Atelier Sud,57.3
2026-06-07T08:15:00,Siège Est,68.1
2026-06-07T08:15:00,Usine Nord,499.3
2026-06-07T08:30:00,Atelier Sud,82.8
2026-06-07T08:30:00,Siège Est,85.3
2026-06-07T08:30:00,Usine Nord,530.0
2026-06-07T08:45:00,Atelier Sud,41.0
2026-06-07T08:45:00,Siège Est,74.2
2026-06-07T08:45:00,Usine Nord,512.0
2026-06-07T09:00:00,Atelier Sud,68.3
2026-06-07T09:00:00,Siège Est,60.8
2026-06-07T09:00:00,Usine Nord,506.6
2026-06-07T09:15:00,Atelier Sud,49.6
2026-06-07T09:15:00,Siège Est,65.4
2026-06-07T09:15:00,Usine Nord,537.0
2026-06-07T09:30:00,Atelier Sud,69.1
2026-06-07T09:30:00,Siège Est,78.9
2026-06-07T09:30:00,Usine Nord,504.9
2026-06-07T09:45:00,Atelier Sud,26.6
2026-06-07T09:45:00,Siège Est,54.9
2026-06-07T09:45:00,Usine Nord,529.9
2026-06-07T10:00:00,Atelier Sud,44.6
2026-06-07T10:00:00,Siège Est,77.7
2026-06-07T10:00:00,Usine Nord,525.9
2026-06-07T10:15:00,Atelier Sud,47.6
2026-06-07T10:15:00,Siège Est,77.4
2026-06-07T10:15:00,Usine Nord,533.7
2026-06-07T10:30:00,Atelier Sud,15.0
2026-06-07T10:30:00,Siège Est,83.3
2026-06-07T10:30:00,Usine Nord,523.0
2026-06-07T10:45:00,Atelier Sud,42.3
2026-06-07T10:45:00,Siège Est,59.8
2026-06-07T10:45:00,Usine Nord,495.0
2026-06-07T11:00:00,Atelier Sud,15.0
2026-06-07T11:00:00,Siège Est,82.1
2026-06-07T11:00:00,Usine Nord,525.2
2026-06-07T11:15:00,Atelier Sud,15.0
2026-06-07T11:15:00,Siège Est,82.5
2026-06-07T11:15:00,Usine Nord,530.1
2026-06-07T11:30:00,Atelier Sud,55.8
2026-06-07T11:30:00,Siège Est,64.7
2026-06-07T11:30:00,Usine Nord,563.5
2026-06-07T11:45:00,Atelier Sud,15.0
2026-06-07T11:45:00,Siège Est,77.4
2026-06-07T11:45:00,Usine Nord,563.3
2026-06-07T12:00:00,Atelier Sud,58.9
2026-06-07T12:00:00,Siège Est,73.8
2026-06-07T12:00:00,Usine Nord,541.5
2026-06-07T12:15:00,Atelier Sud,15.0
2026-06-07T12:15:00,Siège Est,60.6
2026-06-07T12:15:00,Usine Nord,543.8
2026-06-07T12:30:00,Atelier Sud,15.0
2026-06-07T12:30:00,Siège Est,77.1
2026-06-07T12:30:00,Usine Nord,465.1
2026-06-07T12:45:00,Atelier Sud,49.1
2026-06-07T12:45:00,Siège Est,71.7
2026-06-07T12:45:00,Usine Nord,510.2
2026-06-07T13:00:00,Atelier Sud,26.5
2026-06-07T13:00:00,Siège Est,59.9
2026-06-07T13:00:00,Usine Nord,497.9
2026-06-07T13:15:00,Atelier Sud,16.5
2026-06-07T13:15:00,Siège Est,75.6
2026-06-07T13:15:00,Usine Nord,535.5
2026-06-07T13:30:00,Atelier Sud,15.0
2026-06-07T13:30:00,Siège Est,71.7
2026-06-07T13:30:00,Usine Nord,534.1
2026-06-07T13:45:00,Atelier Sud,39.0
2026-06-07T13:45:00,Siège Est,77.9
2026-06-07T13:45:00,Usine Nord,534.3
2026-06-07T14:00:00,Atelier Sud,24.8
2026-06-07T14:00:00,Siège Est,76.2
2026-06-07T14:00:00,Usine Nord,535.2
2026-06-07T14:15:00,Atelier Sud,15.1
2026-06-07T14:15:00,Siège Est,68.3
2026-06-07T14:15:00,Usine Nord,530.2
2026-06-07T14:30:00,Atelier Sud,15.0
2026-06-07T14:30:00,Siège Est,62.9
2026-06-07T14:30:00,Usine Nord,519.8
2026-06-07T14:45:00,Atelier Sud,15.0
2026-06-07T14:45:00,Siège Est,82.5
2026-06-07T14:45:00,Usine Nord,509.2
2026-06-07T15:00:00,Atelier Sud,54.5
2026-06-07T15:00:00,Siège Est,84.1
2026-06-07T15:00:00,Usine Nord,538.0
2026-06-07T15:15:00,Atelier Sud,25.8
2026-06-07T15:15:00,Siège Est,65.3
2026-06-07T15:15:00,Usine Nord,522.4
2026-06-07T15:30:00,Atelier Sud,15.0
2026-06-07T15:30:00,Siège Est,79.0
2026-06-07T15:30:00,Usine Nord,545.8
2026-06-07T15:45:00,Atelier Sud,60.6
2026-06-07T15:45:00,Siège Est,75.3
2026-06-07T15:45:00,Usine Nord,512.4
2026-06-07T16:00:00,Atelier Sud,30.1
2026-06-07T16:00:00,Siège Est,72.7
2026-06-07T16:00:00,Usine Nord,516.2
2026-06-07T16:15:00,Atelier Sud,22.6
2026-06-07T16:15:00,Siège Est,78.9
2026-06-07T16:15:00,Usine Nord,504.8
2026-06-07T16:30:00,Atelier Sud,70.4
2026-06-07T16:30:00,Siège Est,71.7
2026-06-07T16:30:00,Usine Nord,536.9
2026-06-07T16:45:00,Atelier Sud,45.7
2026-06-07T16:45:00,Siège Est,95.0
2026-06-07T16:45:00,Usine Nord,504.0
2026-06-07T17:00:00,Atelier Sud,27.1
2026-06-07T17:00:00,Siège Est,67.3
2026-06-07T17:00:00,Usine Nord,469.7
2026-06-07T17:15:00,Atelier Sud,56.6
2026-06-07T17:15:00,Siège Est,75.4
2026-06-07T17:15:00,Usine Nord,504.3
2026-06-07T17:30:00,Atelier Sud,48.0
2026-06-07T17:30:00,Siège Est,56.8
2026-06-07T17:30:00,Usine Nord,506.8
2026-06-07T17:45:00,Atelier Sud,70.2
2026-06-07T17:45:00,Siège Est,75.7
2026-06-07T17:45:00,Usine Nord,522.1
2026-06-07T18:00:00,Atelier Sud,70.5
2026-06-07T18:00:00,Siège Est,64.9
2026-06-07T18:00:00,Usine Nord,514.3
2026-06-07T18:15:00,Atelier Sud,41.8
2026-06-07T18:15:00,Siège Est,48.5
2026-06-07T18:15:00,Usine Nord,550.4
2026-06-07T18:30:00,Atelier Sud,69.3
2026-06-07T18:30:00,Siège Est,70.1
2026-06-07T18:30:00,Usine Nord,529.4
2026-06-07T18:45:00,Atelier Sud,44.6
2026-06-07T18:45:00,Siège Est,77.2
2026-06-07T18:45:00,Usine Nord,543.9
2026-06-07T19:00:00,Atelier Sud,57.8
2026-06-07T19:00:00,Siège Est,66.4
2026-06-07T19:00:00,Usine Nord,553.4
2026-06-07T19:15:00,Atelier Sud,67.7
2026-06-07T19:15:00,Siège Est,73.1
2026-06-07T19:15:00,Usine Nord,545.6
2026-06-07T19:30:00,Atelier Sud,59.4
2026-06-07T19:30:00,Siège Est,68.7
2026-06-07T19:30:00,Usine Nord,542.9
2026-06-07T19:45:00,Atelier Sud,46.3
2026-06-07T19:45:00,Siège Est,73.1
2026-06-07T19:45:00,Usine Nord,511.9
2026-06-07T20:00:00,Atelier Sud,55.4
2026-06-07T20:00:00,Siège Est,53.0
2026-06-07T20:00:00,Usine Nord,532.3
2026-06-07T20:15:00,Atelier Sud,73.3
2026-06-07T20:15:00,Siège Est,75.9
2026-06-07T20:15:00,Usine Nord,520.3
2026-06-07T20:30:00,Atelier Sud,81.5
2026-06-07T20:30:00,Siège Est,62.0
2026-06-07T20:30:00,Usine Nord,539.7
2026-06-07T20:45:00,Atelier Sud,53.7
2026-06-07T20:45:00,Siège Est,71.9
2026-06-07T20:45:00,Usine Nord,509.6
2026-06-07T21:00:00,Atelier Sud,73.6
2026-06-07T21:00:00,Siège Est,71.7
2026-06-07T21:00:00,Usine Nord,537.2
2026-06-07T21:15:00,Atelier Sud,69.8
2026-06-07T21:15:00,Siège Est,69.8
2026-06-07T21:15:00,Usine Nord,511.4
2026-06-07T21:30:00,Atelier Sud,53.1
2026-06-07T21:30:00,Siège Est,78.5
2026-06-07T21:30:00,Usine Nord,539.1
2026-06-07T21:45:00,Atelier Sud,56.6
2026-06-07T21:45:00,Siège Est,63.6
2026-06-07T21:45:00,Usine Nord,549.8
2026-06-07T22:00:00,Atelier Sud,51.4
2026-06-07T22:00:00,Siège Est,68.4
2026-06-07T22:00:00,Usine Nord,384.0
2026-06-07T22:15:00,Atelier Sud,81.9
2026-06-07T22:15:00,Siège Est,92.3
2026-06-07T22:15:00,Usine Nord,347.7
2026-06-07T22:30:00,Atelier Sud,30.3
2026-06-07T22:30:00,Siège Est,84.5
2026-06-07T22:30:00,Usine Nord,386.2
2026-06-07T22:45:00,Atelier Sud,64.5
2026-06-07T22:45:00,Siège Est,77.3
2026-06-07T22:45:00,Usine Nord,318.6
2026-06-07T23:00:00,Atelier Sud,63.8
2026-06-07T23:00:00,Siège Est,75.7
2026-06-07T23:00:00,Usine Nord,360.5
2026-06-07T23:15:00,Atelier Sud,56.3
2026-06-07T23:15:00,Siège Est,81.7
2026-06-07T23:15:00,Usine Nord,325.2
2026-06-07T23:30:00,Atelier Sud,62.6
2026-06-07T23:30:00,Siège Est,68.3
2026-06-07T23:30:00,Usine Nord,357.2
2026-06-07T23:45:00,Atelier Sud,64.8
2026-06-07T23:45:00,Siège Est,61.8
2026-06-07T23:45:00,Usine Nord,330.5
2026-06-08T00:00:00,Atelier Sud,81.6
2026-06-08T00:00:00,Siège Est,70.8
2026-06-08T00:00:00,Usine Nord,647.7
2026-06-08T00:15:00,Atelier Sud,78.7
2026-06-08T00:15:00,Siège Est,65.2
2026-06-08T00:15:00,Usine Nord,632.8
2026-06-08T00:30:00,Atelier Sud,66.6
2026-06-08T00:30:00,Siège Est,76.3
2026-06-08T00:30:00,Usine Nord,676.9
2026-06-08T00:45:00,Atelier Sud,80.9
2026-06-08T00:45:00,Siège Est,61.4
2026-06-08T00:45:00,Usine Nord,696.7
2026-06-08T01:00:00,Atelier Sud,50.8
2026-06-08T01:00:00,Siège Est,72.0
2026-06-08T01:00:00,Usine Nord,667.9
2026-06-08T01:15:00,Atelier Sud,89.7
2026-06-08T01:15:00,Siège Est,72.0
2026-06-08T01:15:00,Usine Nord,671.7
2026-06-08T01:30:00,Atelier Sud,75.9
2026-06-08T01:30:00,Siège Est,82.0
2026-06-08T01:30:00,Usine Nord,659.2
2026-06-08T01:45:00,Atelier Sud,58.5
2026-06-08T01:45:00,Siège Est,76.3
2026-06-08T01:45:00,Usine Nord,646.9
2026-06-08T02:00:00,Atelier Sud,45.6
2026-06-08T02:00:00,Siège Est,71.2
2026-06-08T02:00:00,Usine Nord,643.9
2026-06-08T02:15:00,Atelier Sud,79.7
2026-06-08T02:15:00,Siège Est,65.2
2026-06-08T02:15:00,Usine Nord,623.0
2026-06-08T02:30:00,Atelier Sud,62.8
2026-06-08T02:30:00,Siège Est,89.0
2026-06-08T02:30:00,Usine Nord,631.4
2026-06-08T02:45:00,Atelier Sud,102.2
2026-06-08T02:45:00,Siège Est,73.0
2026-06-08T02:45:00,Usine Nord,666.6
2026-06-08T03:00:00,Atelier Sud,85.8
2026-06-08T03:00:00,Siège Est,75.5
2026-06-08T03:00:00,Usine Nord,639.8
2026-06-08T03:15:00,Atelier Sud,51.5
2026-06-08T03:15:00,Siège Est,72.4
2026-06-08T03:15:00,Usine Nord,657.5
2026-06-08T03:30:00,Atelier Sud,69.1
2026-06-08T03:30:00,Siège Est,74.1
2026-06-08T03:30:00,Usine Nord,629.1
2026-06-08T03:45:00,Atelier Sud,60.8
2026-06-08T03:45:00,Siège Est,68.0
2026-06-08T03:45:00,Usine Nord,700.0
2026-06-08T04:00:00,Atelier Sud,76.6
2026-06-08T04:00:00,Siège Est,84.0
2026-06-08T04:00:00,Usine Nord,679.2
2026-06-08T04:15:00,Atelier Sud,65.7
2026-06-08T04:15:00,Siège Est,85.8
2026-06-08T04:15:00,Usine Nord,647.1
2026-06-08T04:30:00,Atelier Sud,66.2
2026-06-08T04:30:00,Siège Est,71.9
2026-06-08T04:30:00,Usine Nord,690.7
2026-06-08T04:45:00,Atelier Sud,71.5
2026-06-08T04:45:00,Siège Est,82.2
2026-06-08T04:45:00,Usine Nord,660.5
2026-06-08T05:00:00,Atelier Sud,95.4
2026-06-08T05:00:00,Siège Est,72.5
2026-06-08T05:00:00,Usine Nord,673.5
2026-06-08T05:15:00,Atelier Sud,71.7
2026-06-08T05:15:00,Siège Est,66.2
2026-06-08T05:15:00,Usine Nord,645.7
2026-06-08T05:30:00,Atelier Sud,88.5
2026-06-08T05:30:00,Siège Est,75.2
2026-06-08T05:30:00,Usine Nord,639.2
2026-06-08T05:45:00,Atelier Sud,64.5
2026-06-08T05:45:00,Siège Est,87.6
2026-06-08T05:45:00,Usine Nord,680.8
2026-06-08T06:00:00,Atelier Sud,72.9
2026-06-08T06:00:00,Siège Est,78.8
2026-06-08T06:00:00,Usine Nord,967.3
2026-06-08T06:15:00,Atelier Sud,84.4
2026-06-08T06:15:00,Siège Est,62.5
2026-06-08T06:15:00,Usine Nord,969.3
2026-06-08T06:30:00,Atelier Sud,115.7
2026-06-08T06:30:00,Siège Est,82.6
2026-06-08T06:30:00,Usine Nord,973.3
2026-06-08T06:45:00,Atelier Sud,133.0
2026-06-08T06:45:00,Siège Est,79.3
2026-06-08T06:45:00,Usine Nord,953.8
2026-06-08T07:00:00,Atelier Sud,164.6
2026-06-08T07:00:00,Siège Est,75.4
2026-06-08T07:00:00,Usine Nord,940.8
2026-06-08T07:15:00,Atelier Sud,152.1
2026-06-08T07:15:00,Siège Est,81.0
2026-06-08T07:15:00,Usine Nord,959.4
2026-06-08T07:30:00,Atelier Sud,190.2
2026-06-08T07:30:00,Siège Est,66.7
2026-06-08T07:30:00,Usine Nord,912.1
2026-06-08T07:45:00,Atelier Sud,229.7
2026-06-08T07:45:00,Siège Est,75.4
2026-06-08T07:45:00,Usine Nord,953.0
2026-06-08T08:00:00,Atelier Sud,207.5
2026-06-08T08:00:00,Siège Est,252.1
2026-06-08T08:00:00,Usine Nord,976.0
2026-06-08T08:15:00,Atelier Sud,246.2
2026-06-08T08:15:00,Siège Est,242.2
2026-06-08T08:15:00,Usine Nord,946.0
2026-06-08T08:30:00,Atelier Sud,256.0
2026-06-08T08:30:00,Siège Est,239.1
2026-06-08T08:30:00,Usine Nord,992.4
2026-06-08T08:45:00,Atelier Sud,283.1
2026-06-08T08:45:00,Siège Est,251.7
2026-06-08T08:45:00,Usine Nord,943.4
2026-06-08T09:00:00,Atelier Sud,306.9
2026-06-08T09:00:00,Siège Est,265.6
2026-06-08T09:00:00,Usine Nord,928.1
2026-06-08T09:15:00,Atelier Sud,307.4
2026-06-08T09:15:00,Siège Est,230.4
2026-06-08T09:15:00,Usine Nord,964.0
2026-06-08T09:30:00,Atelier Sud,298.4
2026-06-08T09:30:00,Siège Est,243.6
2026-06-08T09:30:00,Usine Nord,947.2
2026-06-08T09:45:00,Atelier Sud,318.9
2026-06-08T09:45:00,Siège Est,231.2
2026-06-08T09:45:00,Usine Nord,964.7
2026-06-08T10:00:00,Atelier Sud,305.9
2026-06-08T10:00:00,Siège Est,243.9
2026-06-08T10:00:00,Usine Nord,936.8
2026-06-08T10:15:00,Atelier Sud,348.9
2026-06-08T10:15:00,Siège Est,234.0
2026-06-08T10:15:00,Usine Nord,963.2
2026-06-08T10:30:00,Atelier Sud,357.3
2026-06-08T10:30:00,Siège Est,245.2
2026-06-08T10:30:00,Usine Nord,953.6
2026-06-08T10:45:00,Atelier Sud,305.4
2026-06-08T10:45:00,Siège Est,236.2
2026-06-08T10:45:00,Usine Nord,956.6
2026-06-08T11:00:00,Atelier Sud,308.0
2026-06-08T11:00:00,Siège Est,241.1
2026-06-08T11:00:00,Usine Nord,972.1
2026-06-08T11:15:00,Atelier Sud,313.1
2026-06-08T11:15:00,Siège Est,236.2
2026-06-08T11:15:00,Usine Nord,934.0
2026-06-08T11:30:00,Atelier Sud,347.9
2026-06-08T11:30:00,Siège Est,258.0
2026-06-08T11:30:00,Usine Nord,947.3
2026-06-08T11:45:00,Atelier Sud,385.9
2026-06-08T11:45:00,Siège Est,245.0
2026-06-08T11:45:00,Usine Nord,975.5
2026-06-08T12:00:00,Atelier Sud,302.2
2026-06-08T12:00:00,Siège Est,247.0
2026-06-08T12:00:00,Usine Nord,978.1
2026-06-08T12:15:00,Atelier Sud,382.1
2026-06-08T12:15:00,Siège Est,242.6
2026-06-08T12:15:00,Usine Nord,966.9
2026-06-08T12:30:00,Atelier Sud,307.2
2026-06-08T12:30:00,Siège Est,246.3
2026-06-08T12:30:00,Usine Nord,926.4
2026-06-08T12:45:00,Atelier Sud,336.0
2026-06-08T12:45:00,Siège Est,240.5
2026-06-08T12:45:00,Usine Nord,955.5
2026-06-08T13:00:00,Atelier Sud,338.4
2026-06-08T13:00:00,Siège Est,246.3
2026-06-08T13:00:00,Usine Nord,942.1
2026-06-08T13:15:00,Atelier Sud,321.4
2026-06-08T13:15:00,Siège Est,234.2
2026-06-08T13:15:00,Usine Nord,944.0
2026-06-08T13:30:00,Atelier Sud,301.0
2026-06-08T13:30:00,Siège Est,255.3
2026-06-08T13:30:00,Usine Nord,917.0
2026-06-08T13:45:00,Atelier Sud,241.0
2026-06-08T13:45:00,Siège Est,244.1
2026-06-08T13:45:00,Usine Nord,904.9
2026-06-08T14:00:00,Atelier Sud,257.4
2026-06-08T14:00:00,Siège Est,242.3
2026-06-08T14:00:00,Usine Nord,972.7
2026-06-08T14:15:00,Atelier Sud,284.1
2026-06-08T14:15:00,Siège Est,250.6
2026-06-08T14:15:00,Usine Nord,968.8
2026-06-08T14:30:00,Atelier Sud,224.1
2026-06-08T14:30:00,Siège Est,248.7
2026-06-08T14:30:00,Usine Nord,918.9
2026-06-08T14:45:00,Atelier Sud,305.6
2026-06-08T14:45:00,Siège Est,255.3
2026-06-08T14:45:00,Usine Nord,943.0
2026-06-08T15:00:00,Atelier Sud,262.4
2026-06-08T15:00:00,Siège Est,238.0
2026-06-08T15:00:00,Usine Nord,952.1
2026-06-08T15:15:00,Atelier Sud,201.4
2026-06-08T15:15:00,Siège Est,240.2
2026-06-08T15:15:00,Usine Nord,938.0
2026-06-08T15:30:00,Atelier Sud,224.0
2026-06-08T15:30:00,Siège Est,236.1
2026-06-08T15:30:00,Usine Nord,961.9
2026-06-08T15:45:00,Atelier Sud,235.9
2026-06-08T15:45:00,Siège Est,226.5
2026-06-08T15:45:00,Usine Nord,942.2
2026-06-08T16:00:00,Atelier Sud,180.1
2026-06-08T16:00:00,Siège Est,241.3
2026-06-08T16:00:00,Usine Nord,920.1
2026-06-08T16:15:00,Atelier Sud,202.3
2026-06-08T16:15:00,Siège Est,233.0
2026-06-08T16:15:00,Usine Nord,941.5
2026-06-08T16:30:00,Atelier Sud,139.8
2026-06-08T16:30:00,Siège Est,247.5
2026-06-08T16:30:00,Usine Nord,960.6
2026-06-08T16:45:00,Atelier Sud,159.0
2026-06-08T16:45:00,Siège Est,225.7
2026-06-08T16:45:00,Usine Nord,930.4
2026-06-08T17:00:00,Atelier Sud,136.8
2026-06-08T17:00:00,Siège Est,248.8
2026-06-08T17:00:00,Usine Nord,967.3
2026-06-08T17:15:00,Atelier Sud,114.9
2026-06-08T17:15:00,Siège Est,251.4
2026-06-08T17:15:00,Usine Nord,973.9
2026-06-08T17:30:00,Atelier Sud,119.5
2026-06-08T17:30:00,Siège Est,233.5
2026-06-08T17:30:00,Usine Nord,964.1
2026-06-08T17:45:00,Atelier Sud,82.1
2026-06-08T17:45:00,Siège Est,251.9
2026-06-08T17:45:00,Usine Nord,963.1
2026-06-08T18:00:00,Atelier Sud,86.2
2026-06-08T18:00:00,Siège Est,243.0
2026-06-08T18:00:00,Usine Nord,948.7
2026-06-08T18:15:00,Atelier Sud,58.5
2026-06-08T18:15:00,Siège Est,248.4
2026-06-08T18:15:00,Usine Nord,962.7
2026-06-08T18:30:00,Atelier Sud,80.3
2026-06-08T18:30:00,Siège Est,241.8
2026-06-08T18:30:00,Usine Nord,934.6
2026-06-08T18:45:00,Atelier Sud,68.0
2026-06-08T18:45:00,Siège Est,219.7
2026-06-08T18:45:00,Usine Nord,899.0
2026-06-08T19:00:00,Atelier Sud,39.1
2026-06-08T19:00:00,Siège Est,61.5
2026-06-08T19:00:00,Usine Nord,935.2
2026-06-08T19:15:00,Atelier Sud,99.3
2026-06-08T19:15:00,Siège Est,85.1
2026-06-08T19:15:00,Usine Nord,982.6
2026-06-08T19:30:00,Atelier Sud,53.9
2026-06-08T19:30:00,Siège Est,75.4
2026-06-08T19:30:00,Usine Nord,973.3
2026-06-08T19:45:00,Atelier Sud,72.3
2026-06-08T19:45:00,Siège Est,67.5
2026-06-08T19:45:00,Usine Nord,927.1
2026-06-08T20:00:00,Atelier Sud,62.0
2026-06-08T20:00:00,Siège Est,70.9
2026-06-08T20:00:00,Usine Nord,945.6
2026-06-08T20:15:00,Atelier Sud,62.4
2026-06-08T20:15:00,Siège Est,72.1
2026-06-08T20:15:00,Usine Nord,934.6
2026-06-08T20:30:00,Atelier Sud,57.3
2026-06-08T20:30:00,Siège Est,76.0
2026-06-08T20:30:00,Usine Nord,1288.4
2026-06-08T20:45:00,Atelier Sud,81.0
2026-06-08T20:45:00,Siège Est,74.2
2026-06-08T20:45:00,Usine Nord,943.1
2026-06-08T21:00:00,Atelier Sud,46.2
2026-06-08T21:00:00,Siège Est,68.9
2026-06-08T21:00:00,Usine Nord,967.7
2026-06-08T21:15:00,Atelier Sud,55.5
2026-06-08T21:15:00,Siège Est,81.2
2026-06-08T21:15:00,Usine Nord,951.5
2026-06-08T21:30:00,Atelier Sud,66.6
2026-06-08T21:30:00,Siège Est,78.3
2026-06-08T21:30:00,Usine Nord,944.8
2026-06-08T21:45:00,Atelier Sud,63.8
2026-06-08T21:45:00,Siège Est,65.9
2026-06-08T21:45:00,Usine Nord,902.6
2026-06-08T22:00:00,Atelier Sud,32.1
2026-06-08T22:00:00,Siège Est,70.5
2026-06-08T22:00:00,Usine Nord,696.8
2026-06-08T22:15:00,Atelier Sud,63.5
2026-06-08T22:15:00,Siège Est,63.7
2026-06-08T22:15:00,Usine Nord,623.1
2026-06-08T22:30:00,Atelier Sud,66.5
2026-06-08T22:30:00,Siège Est,72.5
2026-06-08T22:30:00,Usine Nord,649.1
2026-06-08T22:45:00,Atelier Sud,70.4
2026-06-08T22:45:00,Siège Est,58.1
2026-06-08T22:45:00,Usine Nord,666.6
2026-06-08T23:00:00,Atelier Sud,47.2
2026-06-08T23:00:00,Siège Est,75.3
2026-06-08T23:00:00,Usine Nord,652.5
2026-06-08T23:15:00,Atelier Sud,72.5
2026-06-08T23:15:00,Siège Est,95.8
2026-06-08T23:15:00,Usine Nord,666.9
2026-06-08T23:30:00,Atelier Sud,52.1
2026-06-08T23:30:00,Siège Est,76.7
2026-06-08T23:30:00,Usine Nord,597.4
2026-06-08T23:45:00,Atelier Sud,69.3
2026-06-08T23:45:00,Siège Est,69.9
2026-06-08T23:45:00,Usine Nord,629.2
2026-06-09T00:00:00,Atelier Sud,69.4
2026-06-09T00:00:00,Siège Est,62.9
2026-06-09T00:00:00,Usine Nord,633.6
2026-06-09T00:15:00,Atelier Sud,40.7
2026-06-09T00:15:00,Siège Est,55.4
2026-06-09T00:15:00,Usine Nord,618.9
2026-06-09T00:30:00,Atelier Sud,53.2
2026-06-09T00:30:00,Siège Est,55.1
2026-06-09T00:30:00,Usine Nord,613.7
2026-06-09T00:45:00,Atelier Sud,55.0
2026-06-09T00:45:00,Siège Est,63.5
2026-06-09T00:45:00,Usine Nord,667.7
2026-06-09T01:00:00,Atelier Sud,40.2
2026-06-09T01:00:00,Siège Est,64.4
2026-06-09T01:00:00,Usine Nord,620.3
2026-06-09T01:15:00,Atelier Sud,84.1
2026-06-09T01:15:00,Siège Est,77.9
2026-06-09T01:15:00,Usine Nord,672.5
2026-06-09T01:30:00,Atelier Sud,55.0
2026-06-09T01:30:00,Siège Est,61.6
2026-06-09T01:30:00,Usine Nord,668.1
2026-06-09T01:45:00,Atelier Sud,71.3
2026-06-09T01:45:00,Siège Est,66.0
2026-06-09T01:45:00,Usine Nord,640.7
2026-06-09T02:00:00,Atelier Sud,60.0
2026-06-09T02:00:00,Siège Est,65.7
2026-06-09T02:00:00,Usine Nord,617.8
2026-06-09T02:15:00,Atelier Sud,49.2
2026-06-09T02:15:00,Siège Est,78.2
2026-06-09T02:15:00,Usine Nord,635.4
2026-06-09T02:30:00,Atelier Sud,78.2
2026-06-09T02:30:00,Siège Est,70.4
2026-06-09T02:30:00,Usine Nord,632.5
2026-06-09T02:45:00,Atelier Sud,70.4
2026-06-09T02:45:00,Siège Est,74.8
2026-06-09T02:45:00,Usine Nord,633.9
2026-06-09T03:00:00,Atelier Sud,50.8
2026-06-09T03:00:00,Siège Est,77.7
2026-06-09T03:00:00,Usine Nord,631.2
2026-06-09T03:15:00,Atelier Sud,63.0
2026-06-09T03:15:00,Siège Est,84.3
2026-06-09T03:15:00,Usine Nord,649.4
2026-06-09T03:30:00,Atelier Sud,76.0
2026-06-09T03:30:00,Siège Est,73.3
2026-06-09T03:30:00,Usine Nord,641.9
2026-06-09T03:45:00,Atelier Sud,52.0
2026-06-09T03:45:00,Siège Est,68.8
2026-06-09T03:45:00,Usine Nord,647.1
2026-06-09T04:00:00,Atelier Sud,77.3
2026-06-09T04:00:00,Siège Est,73.7
2026-06-09T04:00:00,Usine Nord,647.7
2026-06-09T04:15:00,Atelier Sud,66.4
2026-06-09T04:15:00,Siège Est,80.6
2026-06-09T04:15:00,Usine Nord,675.1
2026-06-09T04:30:00,Atelier Sud,84.2
2026-06-09T04:30:00,Siège Est,71.0
2026-06-09T04:30:00,Usine Nord,692.5
2026-06-09T04:45:00,Atelier Sud,90.5
2026-06-09T04:45:00,Siège Est,86.5
2026-06-09T04:45:00,Usine Nord,648.7
2026-06-09T05:00:00,Atelier Sud,52.4
2026-06-09T05:00:00,Siège Est,80.3
2026-06-09T05:00:00,Usine Nord,646.5
2026-06-09T05:15:00,Atelier Sud,79.8
2026-06-09T05:15:00,Siège Est,68.2
2026-06-09T05:15:00,Usine Nord,644.8
2026-06-09T05:30:00,Atelier Sud,72.6
2026-06-09T05:30:00,Siège Est,74.7
2026-06-09T05:30:00,Usine Nord,669.4
2026-06-09T05:45:00,Atelier Sud,54.2
2026-06-09T05:45:00,Siège Est,67.9
2026-06-09T05:45:00,Usine Nord,663.6
2026-06-09T06:00:00,Atelier Sud,83.9
2026-06-09T06:00:00,Siège Est,74.9
2026-06-09T06:00:00,Usine Nord,952.4
2026-06-09T06:15:00,Atelier Sud,76.8
2026-06-09T06:15:00,Siège Est,78.9
2026-06-09T06:15:00,Usine Nord,946.8
2026-06-09T06:30:00,Atelier Sud,118.0
2026-06-09T06:30:00,Siège Est,70.8
2026-06-09T06:30:00,Usine Nord,962.5
2026-06-09T06:45:00,Atelier Sud,136.1
2026-06-09T06:45:00,Siège Est,80.4
2026-06-09T06:45:00,Usine Nord,972.9
2026-06-09T07:00:00,Atelier Sud,129.2
2026-06-09T07:00:00,Siège Est,49.0
2026-06-09T07:00:00,Usine Nord,940.4
2026-06-09T07:15:00,Atelier Sud,176.7
2026-06-09T07:15:00,Siège Est,71.3
2026-06-09T07:15:00,Usine Nord,959.4
2026-06-09T07:30:00,Atelier Sud,200.6
2026-06-09T07:30:00,Siège Est,72.0
2026-06-09T07:30:00,Usine Nord,910.2
2026-06-09T07:45:00,Atelier Sud,212.2
2026-06-09T07:45:00,Siège Est,54.7
2026-06-09T07:45:00,Usine Nord,935.3
2026-06-09T08:00:00,Atelier Sud,196.5
2026-06-09T08:00:00,Siège Est,243.4
2026-06-09T08:00:00,Usine Nord,960.4
2026-06-09T08:15:00,Atelier Sud,230.2
2026-06-09T08:15:00,Siège Est,236.4
2026-06-09T08:15:00,Usine Nord,915.3
2026-06-09T08:30:00,Atelier Sud,255.1
2026-06-09T08:30:00,Siège Est,240.9
2026-06-09T08:30:00,Usine Nord,916.8
2026-06-09T08:45:00,Atelier Sud,281.5
2026-06-09T08:45:00,Siège Est,243.5
2026-06-09T08:45:00,Usine Nord,955.4
2026-06-09T09:00:00,Atelier Sud,297.5
2026-06-09T09:00:00,Siège Est,261.0
2026-06-09T09:00:00,Usine Nord,906.7
2026-06-09T09:15:00,Atelier Sud,275.7
2026-06-09T09:15:00,Siège Est,238.6
2026-06-09T09:15:00,Usine Nord,942.9
2026-06-09T09:30:00,Atelier Sud,297.6
2026-06-09T09:30:00,Siège Est,235.3
2026-06-09T09:30:00,Usine Nord,995.6
2026-06-09T09:45:00,Atelier Sud,265.1
2026-06-09T09:45:00,Siège Est,254.5
2026-06-09T09:45:00,Usine Nord,957.6
2026-06-09T10:00:00,Atelier Sud,278.3
2026-06-09T10:00:00,Siège Est,255.4
2026-06-09T10:00:00,Usine Nord,988.4
2026-06-09T10:15:00,Atelier Sud,350.4
2026-06-09T10:15:00,Siège Est,254.1
2026-06-09T10:15:00,Usine Nord,984.2
2026-06-09T10:30:00,Atelier Sud,304.3
2026-06-09T10:30:00,Siège Est,231.5
2026-06-09T10:30:00,Usine Nord,933.3
2026-06-09T10:45:00,Atelier Sud,377.0
2026-06-09T10:45:00,Siège Est,247.7
2026-06-09T10:45:00,Usine Nord,945.6
2026-06-09T11:00:00,Atelier Sud,298.6
2026-06-09T11:00:00,Siège Est,247.3
2026-06-09T11:00:00,Usine Nord,958.2
2026-06-09T11:15:00,Atelier Sud,305.8
2026-06-09T11:15:00,Siège Est,256.6
2026-06-09T11:15:00,Usine Nord,974.2
2026-06-09T11:30:00,Atelier Sud,364.0
2026-06-09T11:30:00,Siège Est,241.5
2026-06-09T11:30:00,Usine Nord,981.5
2026-06-09T11:45:00,Atelier Sud,314.7
2026-06-09T11:45:00,Siège Est,250.5
2026-06-09T11:45:00,Usine Nord,967.1
2026-06-09T12:00:00,Atelier Sud,327.6
2026-06-09T12:00:00,Siège Est,218.3
2026-06-09T12:00:00,Usine Nord,957.4
2026-06-09T12:15:00,Atelier Sud,349.5
2026-06-09T12:15:00,Siège Est,237.8
2026-06-09T12:15:00,Usine Nord,926.9
2026-06-09T12:30:00,Atelier Sud,330.5
2026-06-09T12:30:00,Siège Est,244.4
2026-06-09T12:30:00,Usine Nord,973.1
2026-06-09T12:45:00,Atelier Sud,339.3
2026-06-09T12:45:00,Siège Est,238.4
2026-06-09T12:45:00,Usine Nord,937.4
2026-06-09T13:00:00,Atelier Sud,304.5
2026-06-09T13:00:00,Siège Est,251.7
2026-06-09T13:00:00,Usine Nord,971.7
2026-06-09T13:15:00,Atelier Sud,298.6
2026-06-09T13:15:00,Siège Est,239.0
2026-06-09T13:15:00,Usine Nord,979.4
2026-06-09T13:30:00,Atelier Sud,260.6
2026-06-09T13:30:00,Siège Est,243.9
2026-06-09T13:30:00,Usine Nord,918.3
2026-06-09T13:45:00,Atelier Sud,318.4
2026-06-09T13:45:00,Siège Est,250.8
2026-06-09T13:45:00,Usine Nord,994.4
2026-06-09T14:00:00,Atelier Sud,337.3
2026-06-09T14:00:00,Siège Est,245.3
2026-06-09T14:00:00,Usine Nord,945.9
2026-06-09T14:15:00,Atelier Sud,309.9
2026-06-09T14:15:00,Siège Est,223.7
2026-06-09T14:15:00,Usine Nord,973.8
2026-06-09T14:30:00,Atelier Sud,268.0
2026-06-09T14:30:00,Siège Est,243.6
2026-06-09T14:30:00,Usine Nord,970.9
2026-06-09T14:45:00,Atelier Sud,270.5
2026-06-09T14:45:00,Siège Est,245.7
2026-06-09T14:45:00,Usine Nord,991.0
2026-06-09T15:00:00,Atelier Sud,294.6
2026-06-09T15:00:00,Siège Est,246.1
2026-06-09T15:00:00,Usine Nord,976.2
2026-06-09T15:15:00,Atelier Sud,249.4
2026-06-09T15:15:00,Siège Est,270.1
2026-06-09T15:15:00,Usine Nord,986.1
2026-06-09T15:30:00,Atelier Sud,238.7
2026-06-09T15:30:00,Siège Est,245.0
2026-06-09T15:30:00,Usine Nord,968.7
2026-06-09T15:45:00,Atelier Sud,223.4
2026-06-09T15:45:00,Siège Est,254.4
2026-06-09T15:45:00,Usine Nord,932.9
2026-06-09T16:00:00,Atelier Sud,214.7
2026-06-09T16:00:00,Siège Est,247.6
2026-06-09T16:00:00,Usine Nord,946.2
2026-06-09T16:15:00,Atelier Sud,179.2
2026-06-09T16:15:00,Siège Est,245.2
2026-06-09T16:15:00,Usine Nord,965.4
2026-06-09T16:30:00,Atelier Sud,154.2
2026-06-09T16:30:00,Siège Est,264.9
2026-06-09T16:30:00,Usine Nord,971.2
2026-06-09T16:45:00,Atelier Sud,143.0
2026-06-09T16:45:00,Siège Est,241.7
2026-06-09T16:45:00,Usine Nord,953.5
2026-06-09T17:00:00,Atelier Sud,126.8
2026-06-09T17:00:00,Siège Est,254.4
2026-06-09T17:00:00,Usine Nord,934.5
2026-06-09T17:15:00,Atelier Sud,126.2
2026-06-09T17:15:00,Siège Est,240.5
2026-06-09T17:15:00,Usine Nord,922.7
2026-06-09T17:30:00,Atelier Sud,101.1
2026-06-09T17:30:00,Siège Est,248.2
2026-06-09T17:30:00,Usine Nord,952.2
2026-06-09T17:45:00,Atelier Sud,85.6
2026-06-09T17:45:00,Siège Est,244.1
2026-06-09T17:45:00,Usine Nord,1016.4
2026-06-09T18:00:00,Atelier Sud,70.0
2026-06-09T18:00:00,Siège Est,254.0
2026-06-09T18:00:00,Usine Nord,947.6
2026-06-09T18:15:00,Atelier Sud,70.8
2026-06-09T18:15:00,Siège Est,246.5
2026-06-09T18:15:00,Usine Nord,939.5
2026-06-09T18:30:00,Atelier Sud,70.1
2026-06-09T18:30:00,Siège Est,259.1
2026-06-09T18:30:00,Usine Nord,963.6
2026-06-09T18:45:00,Atelier Sud,71.8
2026-06-09T18:45:00,Siège Est,247.5
2026-06-09T18:45:00,Usine Nord,966.4
2026-06-09T19:00:00,Atelier Sud,69.8
2026-06-09T19:00:00,Siège Est,68.6
2026-06-09T19:00:00,Usine Nord,953.2
2026-06-09T19:15:00,Atelier Sud,54.0
2026-06-09T19:15:00,Siège Est,72.6
2026-06-09T19:15:00,Usine Nord,906.3
2026-06-09T19:30:00,Atelier Sud,82.7
2026-06-09T19:30:00,Siège Est,84.3
2026-06-09T19:30:00,Usine Nord,935.4
2026-06-09T19:45:00,Atelier Sud,63.5
2026-06-09T19:45:00,Siège Est,79.6
2026-06-09T19:45:00,Usine Nord,936.5
2026-06-09T20:00:00,Atelier Sud,66.4
2026-06-09T20:00:00,Siège Est,61.8
2026-06-09T20:00:00,Usine Nord,964.1
2026-06-09T20:15:00,Atelier Sud,54.7
2026-06-09T20:15:00,Siège Est,82.8
2026-06-09T20:15:00,Usine Nord,936.5
2026-06-09T20:30:00,Atelier Sud,61.8
2026-06-09T20:30:00,Siège Est,49.9
2026-06-09T20:30:00,Usine Nord,945.2
2026-06-09T20:45:00,Atelier Sud,61.0
2026-06-09T20:45:00,Siège Est,76.9
2026-06-09T20:45:00,Usine Nord,926.0
2026-06-09T21:00:00,Atelier Sud,69.0
2026-06-09T21:00:00,Siège Est,78.0
2026-06-09T21:00:00,Usine Nord,938.2
2026-06-09T21:15:00,Atelier Sud,58.8
2026-06-09T21:15:00,Siège Est,73.2
2026-06-09T21:15:00,Usine Nord,998.9
2026-06-09T21:30:00,Atelier Sud,67.5
2026-06-09T21:30:00,Siège Est,75.0
2026-06-09T21:30:00,Usine Nord,968.6
2026-06-09T21:45:00,Atelier Sud,40.8
2026-06-09T21:45:00,Siège Est,72.1
2026-06-09T21:45:00,Usine Nord,959.8
2026-06-09T22:00:00,Atelier Sud,82.3
2026-06-09T22:00:00,Siège Est,67.9
2026-06-09T22:00:00,Usine Nord,630.2
2026-06-09T22:15:00,Atelier Sud,87.4
2026-06-09T22:15:00,Siège Est,60.3
2026-06-09T22:15:00,Usine Nord,621.9
2026-06-09T22:30:00,Atelier Sud,56.1
2026-06-09T22:30:00,Siège Est,65.7
2026-06-09T22:30:00,Usine Nord,671.3
2026-06-09T22:45:00,Atelier Sud,51.1
2026-06-09T22:45:00,Siège Est,68.4
2026-06-09T22:45:00,Usine Nord,648.6
2026-06-09T23:00:00,Atelier Sud,83.8
2026-06-09T23:00:00,Siège Est,70.0
2026-06-09T23:00:00,Usine Nord,661.9
2026-06-09T23:15:00,Atelier Sud,66.3
2026-06-09T23:15:00,Siège Est,55.6
2026-06-09T23:15:00,Usine Nord,655.4
2026-06-09T23:30:00,Atelier Sud,32.5
2026-06-09T23:30:00,Siège Est,84.8
2026-06-09T23:30:00,Usine Nord,651.6
2026-06-09T23:45:00,Atelier Sud,86.4
2026-06-09T23:45:00,Siège Est,83.2
2026-06-09T23:45:00,Usine Nord,594.3
2026-06-10T00:00:00,Atelier Sud,48.6
2026-06-10T00:00:00,Siège Est,90.7
2026-06-10T00:00:00,Usine Nord,668.8
2026-06-10T00:15:00,Atelier Sud,80.3
2026-06-10T00:15:00,Siège Est,74.6
2026-06-10T00:15:00,Usine Nord,687.6
2026-06-10T00:30:00,Atelier Sud,95.9
2026-06-10T00:30:00,Siège Est,84.1
2026-06-10T00:30:00,Usine Nord,650.5
2026-06-10T00:45:00,Atelier Sud,72.6
2026-06-10T00:45:00,Siège Est,68.6
2026-06-10T00:45:00,Usine Nord,645.1
2026-06-10T01:00:00,Atelier Sud,64.2
2026-06-10T01:00:00,Siège Est,76.5
2026-06-10T01:00:00,Usine Nord,653.7
2026-06-10T01:15:00,Atelier Sud,58.4
2026-06-10T01:15:00,Siège Est,74.0
2026-06-10T01:15:00,Usine Nord,643.3
2026-06-10T01:30:00,Atelier Sud,48.0
2026-06-10T01:30:00,Siège Est,63.1
2026-06-10T01:30:00,Usine Nord,608.7
2026-06-10T01:45:00,Atelier Sud,71.4
2026-06-10T01:45:00,Siège Est,70.5
2026-06-10T01:45:00,Usine Nord,641.0
2026-06-10T02:00:00,Atelier Sud,62.6
2026-06-10T02:00:00,Siège Est,72.3
2026-06-10T02:00:00,Usine Nord,648.7
2026-06-10T02:15:00,Atelier Sud,53.3
2026-06-10T02:15:00,Siège Est,63.6
2026-06-10T02:15:00,Usine Nord,672.3
2026-06-10T02:30:00,Atelier Sud,75.8
2026-06-10T02:30:00,Siège Est,76.7
2026-06-10T02:30:00,Usine Nord,627.3
2026-06-10T02:45:00,Atelier Sud,68.2
2026-06-10T02:45:00,Siège Est,74.8
2026-06-10T02:45:00,Usine Nord,642.0
2026-06-10T03:00:00,Atelier Sud,59.9
2026-06-10T03:00:00,Siège Est,65.8
2026-06-10T03:00:00,Usine Nord,649.4
2026-06-10T03:15:00,Atelier Sud,76.7
2026-06-10T03:15:00,Siège Est,61.8
2026-06-10T03:15:00,Usine Nord,659.3
2026-06-10T03:30:00,Atelier Sud,46.9
2026-06-10T03:30:00,Siège Est,82.2
2026-06-10T03:30:00,Usine Nord,691.7
2026-06-10T03:45:00,Atelier Sud,70.3
2026-06-10T03:45:00,Siège Est,79.8
2026-06-10T03:45:00,Usine Nord,663.1
2026-06-10T04:00:00,Atelier Sud,59.1
2026-06-10T04:00:00,Siège Est,70.4
2026-06-10T04:00:00,Usine Nord,663.5
2026-06-10T04:15:00,Atelier Sud,63.1
2026-06-10T04:15:00,Siège Est,78.0
2026-06-10T04:15:00,Usine Nord,622.7
2026-06-10T04:30:00,Atelier Sud,59.0
2026-06-10T04:30:00,Siège Est,76.0
2026-06-10T04:30:00,Usine Nord,684.3
2026-06-10T04:45:00,Atelier Sud,80.3
2026-06-10T04:45:00,Siège Est,63.5
2026-06-10T04:45:00,Usine Nord,611.2
2026-06-10T05:00:00,Atelier Sud,86.7
2026-06-10T05:00:00,Siège Est,74.1
2026-06-10T05:00:00,Usine Nord,678.8
2026-06-10T05:15:00,Atelier Sud,51.4
2026-06-10T05:15:00,Siège Est,70.6
2026-06-10T05:15:00,Usine Nord,668.3
2026-06-10T05:30:00,Atelier Sud,77.2
2026-06-10T05:30:00,Siège Est,77.0
2026-06-10T05:30:00,Usine Nord,651.4
2026-06-10T05:45:00,Atelier Sud,74.6
2026-06-10T05:45:00,Siège Est,66.1
2026-06-10T05:45:00,Usine Nord,625.9
2026-06-10T06:00:00,Atelier Sud,68.2
2026-06-10T06:00:00,Siège Est,61.4
2026-06-10T06:00:00,Usine Nord,962.6
2026-06-10T06:15:00,Atelier Sud,108.2
2026-06-10T06:15:00,Siège Est,64.1
2026-06-10T06:15:00,Usine Nord,940.4
2026-06-10T06:30:00,Atelier Sud,140.5
2026-06-10T06:30:00,Siège Est,62.2
2026-06-10T06:30:00,Usine Nord,980.5
2026-06-10T06:45:00,Atelier Sud,114.4
2026-06-10T06:45:00,Siège Est,75.0
2026-06-10T06:45:00,Usine Nord,886.3
2026-06-10T07:00:00,Atelier Sud,163.6
2026-06-10T07:00:00,Siège Est,59.1
2026-06-10T07:00:00,Usine Nord,952.6
2026-06-10T07:15:00,Atelier Sud,182.8
2026-06-10T07:15:00,Siège Est,78.8
2026-06-10T07:15:00,Usine Nord,893.1
2026-06-10T07:30:00,Atelier Sud,189.6
2026-06-10T07:30:00,Siège Est,72.6
2026-06-10T07:30:00,Usine Nord,952.4
2026-06-10T07:45:00,Atelier Sud,183.0
2026-06-10T07:45:00,Siège Est,84.3
2026-06-10T07:45:00,Usine Nord,943.9
2026-06-10T08:00:00,Atelier Sud,212.0
2026-06-10T08:00:00,Siège Est,256.9
2026-06-10T08:00:00,Usine Nord,969.2
2026-06-10T08:15:00,Atelier Sud,219.2
2026-06-10T08:15:00,Siège Est,241.6
2026-06-10T08:15:00,Usine Nord,925.5
2026-06-10T08:30:00,Atelier Sud,255.1
2026-06-10T08:30:00,Siège Est,255.3
2026-06-10T08:30:00,Usine Nord,928.9
2026-06-10T08:45:00,Atelier Sud,250.7
2026-06-10T08:45:00,Siège Est,258.6
2026-06-10T08:45:00,Usine Nord,903.1
2026-06-10T09:00:00,Atelier Sud,297.0
2026-06-10T09:00:00,Siège Est,254.1
2026-06-10T09:00:00,Usine Nord,940.7
2026-06-10T09:15:00,Atelier Sud,249.6
2026-06-10T09:15:00,Siège Est,252.4
2026-06-10T09:15:00,Usine Nord,954.3
2026-06-10T09:30:00,Atelier Sud,317.5
2026-06-10T09:30:00,Siège Est,244.9
2026-06-10T09:30:00,Usine Nord,945.1
2026-06-10T09:45:00,Atelier Sud,319.5
2026-06-10T09:45:00,Siège Est,248.6
2026-06-10T09:45:00,Usine Nord,929.1
2026-06-10T10:00:00,Atelier Sud,326.7
2026-06-10T10:00:00,Siège Est,265.0
2026-06-10T10:00:00,Usine Nord,945.6
2026-06-10T10:15:00,Atelier Sud,312.2
2026-06-10T10:15:00,Siège Est,239.6
2026-06-10T10:15:00,Usine Nord,962.9
2026-06-10T10:30:00,Atelier Sud,323.3
2026-06-10T10:30:00,Siège Est,254.9
2026-06-10T10:30:00,Usine Nord,957.2
2026-06-10T10:45:00,Atelier Sud,362.8
2026-06-10T10:45:00,Siège Est,246.4
2026-06-10T10:45:00,Usine Nord,907.1
2026-06-10T11:00:00,Atelier Sud,311.4
2026-06-10T11:00:00,Siège Est,235.6
2026-06-10T11:00:00,Usine Nord,939.4
2026-06-10T11:15:00,Atelier Sud,317.4
2026-06-10T11:15:00,Siège Est,254.3
2026-06-10T11:15:00,Usine Nord,930.8
2026-06-10T11:30:00,Atelier Sud,310.4
2026-06-10T11:30:00,Siège Est,264.9
2026-06-10T11:30:00,Usine Nord,889.2
2026-06-10T11:45:00,Atelier Sud,370.8
2026-06-10T11:45:00,Siège Est,259.1
2026-06-10T11:45:00,Usine Nord,963.7
2026-06-10T12:00:00,Atelier Sud,361.7
2026-06-10T12:00:00,Siège Est,268.7
2026-06-10T12:00:00,Usine Nord,957.5
2026-06-10T12:15:00,Atelier Sud,335.3
2026-06-10T12:15:00,Siège Est,259.1
2026-06-10T12:15:00,Usine Nord,927.5
2026-06-10T12:30:00,Atelier Sud,319.2
2026-06-10T12:30:00,Siège Est,262.0
2026-06-10T12:30:00,Usine Nord,962.0
2026-06-10T12:45:00,Atelier Sud,328.8
2026-06-10T12:45:00,Siège Est,248.6
2026-06-10T12:45:00,Usine Nord,955.7
2026-06-10T13:00:00,Atelier Sud,281.9
2026-06-10T13:00:00,Siège Est,246.8
2026-06-10T13:00:00,Usine Nord,939.7
2026-06-10T13:15:00,Atelier Sud,367.4
2026-06-10T13:15:00,Siège Est,248.7
2026-06-10T13:15:00,Usine Nord,957.2
2026-06-10T13:30:00,Atelier Sud,311.4
2026-06-10T13:30:00,Siège Est,248.9
2026-06-10T13:30:00,Usine Nord,945.6
2026-06-10T13:45:00,Atelier Sud,295.7
2026-06-10T13:45:00,Siège Est,246.7
2026-06-10T13:45:00,Usine Nord,935.2
2026-06-10T14:00:00,Atelier Sud,319.1
2026-06-10T14:00:00,Siège Est,246.9
2026-06-10T14:00:00,Usine Nord,973.1
2026-06-10T14:15:00,Atelier Sud,334.7
2026-06-10T14:15:00,Siège Est,249.2
2026-06-10T14:15:00,Usine Nord,915.8
2026-06-10T14:30:00,Atelier Sud,298.6
2026-06-10T14:30:00,Siège Est,246.7
2026-06-10T14:30:00,Usine Nord,992.4
2026-06-10T14:45:00,Atelier Sud,237.0
2026-06-10T14:45:00,Siège Est,237.1
2026-06-10T14:45:00,Usine Nord,955.9
2026-06-10T15:00:00,Atelier Sud,223.1
2026-06-10T15:00:00,Siège Est,235.7
2026-06-10T15:00:00,Usine Nord,941.1
2026-06-10T15:15:00,Atelier Sud,223.1
2026-06-10T15:15:00,Siège Est,246.0
2026-06-10T15:15:00,Usine Nord,959.8
2026-06-10T15:30:00,Atelier Sud,276.5
2026-06-10T15:30:00,Siège Est,266.4
2026-06-10T15:30:00,Usine Nord,929.7
2026-06-10T15:45:00,Atelier Sud,204.4
2026-06-10T15:45:00,Siège Est,259.1
2026-06-10T15:45:00,Usine Nord,941.4
2026-06-10T16:00:00,Atelier Sud,187.6
2026-06-10T16:00:00,Siège Est,248.0
2026-06-10T16:00:00,Usine Nord,994.4
2026-06-10T16:15:00,Atelier Sud,204.2
2026-06-10T16:15:00,Siège Est,248.4
2026-06-10T16:15:00,Usine Nord,960.8
2026-06-10T16:30:00,Atelier Sud,157.6
2026-06-10T16:30:00,Siège Est,256.7
2026-06-10T16:30:00,Usine Nord,946.9
2026-06-10T16:45:00,Atelier Sud,164.5
2026-06-10T16:45:00,Siège Est,230.6
2026-06-10T16:45:00,Usine Nord,947.0
2026-06-10T17:00:00,Atelier Sud,167.5
2026-06-10T17:00:00,Siège Est,263.2
2026-06-10T17:00:00,Usine Nord,970.7
2026-06-10T17:15:00,Atelier Sud,105.0
2026-06-10T17:15:00,Siège Est,228.8
2026-06-10T17:15:00,Usine Nord,970.7
2026-06-10T17:30:00,Atelier Sud,96.8
2026-06-10T17:30:00,Siège Est,251.1
2026-06-10T17:30:00,Usine Nord,943.2
2026-06-10T17:45:00,Atelier Sud,101.6
2026-06-10T17:45:00,Siège Est,237.4
2026-06-10T17:45:00,Usine Nord,976.6
2026-06-10T18:00:00,Atelier Sud,68.0
2026-06-10T18:00:00,Siège Est,264.6
2026-06-10T18:00:00,Usine Nord,950.0
2026-06-10T18:15:00,Atelier Sud,70.0
2026-06-10T18:15:00,Siège Est,252.6
2026-06-10T18:15:00,Usine Nord,949.5
2026-06-10T18:30:00,Atelier Sud,72.0
2026-06-10T18:30:00,Siège Est,259.1
2026-06-10T18:30:00,Usine Nord,967.2
2026-06-10T18:45:00,Atelier Sud,62.2
2026-06-10T18:45:00,Siège Est,230.8
2026-06-10T18:45:00,Usine Nord,934.2
2026-06-10T19:00:00,Atelier Sud,62.1
2026-06-10T19:00:00,Siège Est,70.5
2026-06-10T19:00:00,Usine Nord,916.1
2026-06-10T19:15:00,Atelier Sud,90.4
2026-06-10T19:15:00,Siège Est,84.1
2026-06-10T19:15:00,Usine Nord,947.1
2026-06-10T19:30:00,Atelier Sud,72.7
2026-06-10T19:30:00,Siège Est,59.8
2026-06-10T19:30:00,Usine Nord,969.9
2026-06-10T19:45:00,Atelier Sud,44.5
2026-06-10T19:45:00,Siège Est,87.1
2026-06-10T19:45:00,Usine Nord,943.9
2026-06-10T20:00:00,Atelier Sud,71.9
2026-06-10T20:00:00,Siège Est,75.9
2026-06-10T20:00:00,Usine Nord,969.9
2026-06-10T20:15:00,Atelier Sud,57.0
2026-06-10T20:15:00,Siège Est,72.5
2026-06-10T20:15:00,Usine Nord,977.3
2026-06-10T20:30:00,Atelier Sud,58.0
2026-06-10T20:30:00,Siège Est,92.6
2026-06-10T20:30:00,Usine Nord,942.9
2026-06-10T20:45:00,Atelier Sud,92.0
2026-06-10T20:45:00,Siège Est,66.1
2026-06-10T20:45:00,Usine Nord,950.7
2026-06-10T21:00:00,Atelier Sud,81.0
2026-06-10T21:00:00,Siège Est,75.4
2026-06-10T21:00:00,Usine Nord,947.5
2026-06-10T21:15:00,Atelier Sud,74.3
2026-06-10T21:15:00,Siège Est,70.8
2026-06-10T21:15:00,Usine Nord,965.0
2026-06-10T21:30:00,Atelier Sud,69.6
2026-06-10T21:30:00,Siège Est,64.8
2026-06-10T21:30:00,Usine Nord,961.4
2026-06-10T21:45:00,Atelier Sud,53.1
2026-06-10T21:45:00,Siège Est,90.9
2026-06-10T21:45:00,Usine Nord,954.8
2026-06-10T22:00:00,Atelier Sud,64.7
2026-06-10T22:00:00,Siège Est,54.9
2026-06-10T22:00:00,Usine Nord,679.3
2026-06-10T22:15:00,Atelier Sud,75.8
2026-06-10T22:15:00,Siège Est,73.9
2026-06-10T22:15:00,Usine Nord,657.8
2026-06-10T22:30:00,Atelier Sud,77.3
2026-06-10T22:30:00,Siège Est,80.6
2026-06-10T22:30:00,Usine Nord,655.4
2026-06-10T22:45:00,Atelier Sud,42.2
2026-06-10T22:45:00,Siège Est,58.2
2026-06-10T22:45:00,Usine Nord,632.9
2026-06-10T23:00:00,Atelier Sud,62.2
2026-06-10T23:00:00,Siège Est,73.2
2026-06-10T23:00:00,Usine Nord,650.8
2026-06-10T23:15:00,Atelier Sud,63.2
2026-06-10T23:15:00,Siège Est,70.9
2026-06-10T23:15:00,Usine Nord,678.7
2026-06-10T23:30:00,Atelier Sud,76.0
2026-06-10T23:30:00,Siège Est,69.5
2026-06-10T23:30:00,Usine Nord,664.8
2026-06-10T23:45:00,Atelier Sud,56.5
2026-06-10T23:45:00,Siège Est,64.8
2026-06-10T23:45:00,Usine Nord,651.7
2026-06-11T00:00:00,Atelier Sud,67.4
2026-06-11T00:00:00,Siège Est,94.6
2026-06-11T00:00:00,Usine Nord,647.2
2026-06-11T00:15:00,Atelier Sud,44.7
2026-06-11T00:15:00,Siège Est,74.8
2026-06-11T00:15:00,Usine Nord,628.8
2026-06-11T00:30:00,Atelier Sud,53.3
2026-06-11T00:30:00,Siège Est,77.1
2026-06-11T00:30:00,Usine Nord,633.2
2026-06-11T00:45:00,Atelier Sud,70.8
2026-06-11T00:45:00,Siège Est,46.3
2026-06-11T00:45:00,Usine Nord,671.9
2026-06-11T01:00:00,Atelier Sud,73.8
2026-06-11T01:00:00,Siège Est,63.2
2026-06-11T01:00:00,Usine Nord,649.9
2026-06-11T01:15:00,Atelier Sud,70.7
2026-06-11T01:15:00,Siège Est,62.2
2026-06-11T01:15:00,Usine Nord,651.3
2026-06-11T01:30:00,Atelier Sud,65.3
2026-06-11T01:30:00,Siège Est,66.9
2026-06-11T01:30:00,Usine Nord,677.3
2026-06-11T01:45:00,Atelier Sud,48.6
2026-06-11T01:45:00,Siège Est,70.0
2026-06-11T01:45:00,Usine Nord,640.2
2026-06-11T02:00:00,Atelier Sud,60.1
2026-06-11T02:00:00,Siège Est,86.8
2026-06-11T02:00:00,Usine Nord,638.8
2026-06-11T02:15:00,Atelier Sud,65.3
2026-06-11T02:15:00,Siège Est,69.6
2026-06-11T02:15:00,Usine Nord,680.7
2026-06-11T02:30:00,Atelier Sud,64.2
2026-06-11T02:30:00,Siège Est,74.8
2026-06-11T02:30:00,Usine Nord,663.2
2026-06-11T02:45:00,Atelier Sud,62.4
2026-06-11T02:45:00,Siège Est,78.3
2026-06-11T02:45:00,Usine Nord,614.6
2026-06-11T03:00:00,Atelier Sud,78.3
2026-06-11T03:00:00,Siège Est,106.4
2026-06-11T03:00:00,Usine Nord,649.1
2026-06-11T03:15:00,Atelier Sud,61.4
2026-06-11T03:15:00,Siège Est,68.5
2026-06-11T03:15:00,Usine Nord,632.2
2026-06-11T03:30:00,Atelier Sud,66.4
2026-06-11T03:30:00,Siège Est,70.5
2026-06-11T03:30:00,Usine Nord,638.3
2026-06-11T03:45:00,Atelier Sud,72.4
2026-06-11T03:45:00,Siège Est,93.1
2026-06-11T03:45:00,Usine Nord,644.3
2026-06-11T04:00:00,Atelier Sud,79.2
2026-06-11T04:00:00,Siège Est,79.8
2026-06-11T04:00:00,Usine Nord,613.5
2026-06-11T04:15:00,Atelier Sud,83.0
2026-06-11T04:15:00,Siège Est,67.9
2026-06-11T04:15:00,Usine Nord,633.6
2026-06-11T04:30:00,Atelier Sud,50.2
2026-06-11T04:30:00,Siège Est,76.3
2026-06-11T04:30:00,Usine Nord,689.4
2026-06-11T04:45:00,Atelier Sud,83.2
2026-06-11T04:45:00,Siège Est,68.3
2026-06-11T04:45:00,Usine Nord,645.0
2026-06-11T05:00:00,Atelier Sud,74.0
2026-06-11T05:00:00,Siège Est,80.9
2026-06-11T05:00:00,Usine Nord,639.0
2026-06-11T05:15:00,Atelier Sud,76.7
2026-06-11T05:15:00,Siège Est,61.1
2026-06-11T05:15:00,Usine Nord,670.6
2026-06-11T05:30:00,Atelier Sud,78.6
2026-06-11T05:30:00,Siège Est,67.5
2026-06-11T05:30:00,Usine Nord,619.5
2026-06-11T05:45:00,Atelier Sud,58.3
2026-06-11T05:45:00,Siège Est,55.7
2026-06-11T05:45:00,Usine Nord,644.4
2026-06-11T06:00:00,Atelier Sud,69.4
2026-06-11T06:00:00,Siège Est,84.2
2026-06-11T06:00:00,Usine Nord,979.4
2026-06-11T06:15:00,Atelier Sud,120.0
2026-06-11T06:15:00,Siège Est,86.7
2026-06-11T06:15:00,Usine Nord,951.3
2026-06-11T06:30:00,Atelier Sud,146.6
2026-06-11T06:30:00,Siège Est,88.3
2026-06-11T06:30:00,Usine Nord,958.6
2026-06-11T06:45:00,Atelier Sud,104.2
2026-06-11T06:45:00,Siège Est,67.7
2026-06-11T06:45:00,Usine Nord,946.3
2026-06-11T07:00:00,Atelier Sud,126.5
2026-06-11T07:00:00,Siège Est,65.3
2026-06-11T07:00:00,Usine Nord,958.8
2026-06-11T07:15:00,Atelier Sud,200.5
2026-06-11T07:15:00,Siège Est,74.6
2026-06-11T07:15:00,Usine Nord,966.6
2026-06-11T07:30:00,Atelier Sud,181.0
2026-06-11T07:30:00,Siège Est,71.2
2026-06-11T07:30:00,Usine Nord,947.5
2026-06-11T07:45:00,Atelier Sud,206.8
2026-06-11T07:45:00,Siège Est,85.5
2026-06-11T07:45:00,Usine Nord,953.5
2026-06-11T08:00:00,Atelier Sud,229.4
2026-06-11T08:00:00,Siège Est,260.6
2026-06-11T08:00:00,Usine Nord,956.7
2026-06-11T08:15:00,Atelier Sud,248.9
2026-06-11T08:15:00,Siège Est,226.6
2026-06-11T08:15:00,Usine Nord,909.5
2026-06-11T08:30:00,Atelier Sud,234.7
2026-06-11T08:30:00,Siège Est,250.1
2026-06-11T08:30:00,Usine Nord,971.2
2026-06-11T08:45:00,Atelier Sud,258.4
2026-06-11T08:45:00,Siège Est,246.1
2026-06-11T08:45:00,Usine Nord,991.1
2026-06-11T09:00:00,Atelier Sud,286.4
2026-06-11T09:00:00,Siège Est,239.2
2026-06-11T09:00:00,Usine Nord,969.3
2026-06-11T09:15:00,Atelier Sud,229.2
2026-06-11T09:15:00,Siège Est,244.7
2026-06-11T09:15:00,Usine Nord,956.5
2026-06-11T09:30:00,Atelier Sud,263.8
2026-06-11T09:30:00,Siège Est,249.5
2026-06-11T09:30:00,Usine Nord,943.2
2026-06-11T09:45:00,Atelier Sud,291.3
2026-06-11T09:45:00,Siège Est,249.5
2026-06-11T09:45:00,Usine Nord,959.3
2026-06-11T10:00:00,Atelier Sud,344.2
2026-06-11T10:00:00,Siège Est,241.4
2026-06-11T10:00:00,Usine Nord,994.3
2026-06-11T10:15:00,Atelier Sud,293.9
2026-06-11T10:15:00,Siège Est,224.0
2026-06-11T10:15:00,Usine Nord,983.9
2026-06-11T10:30:00,Atelier Sud,347.6
2026-06-11T10:30:00,Siège Est,241.7
2026-06-11T10:30:00,Usine Nord,936.2
2026-06-11T10:45:00,Atelier Sud,361.3
2026-06-11T10:45:00,Siège Est,236.1
2026-06-11T10:45:00,Usine Nord,984.8
2026-06-11T11:00:00,Atelier Sud,320.3
2026-06-11T11:00:00,Siège Est,260.1
2026-06-11T11:00:00,Usine Nord,936.2
2026-06-11T11:15:00,Atelier Sud,366.9
2026-06-11T11:15:00,Siège Est,264.1
2026-06-11T11:15:00,Usine Nord,937.4
2026-06-11T11:30:00,Atelier Sud,308.0
2026-06-11T11:30:00,Siège Est,245.5
2026-06-11T11:30:00,Usine Nord,948.3
2026-06-11T11:45:00,Atelier Sud,314.6
2026-06-11T11:45:00,Siège Est,242.0
2026-06-11T11:45:00,Usine Nord,965.2
2026-06-11T12:00:00,Atelier Sud,292.6
2026-06-11T12:00:00,Siège Est,249.8
2026-06-11T12:00:00,Usine Nord,946.6
2026-06-11T12:15:00,Atelier Sud,272.4
2026-06-11T12:15:00,Siège Est,261.4
2026-06-11T12:15:00,Usine Nord,973.4
2026-06-11T12:30:00,Atelier Sud,370.6
2026-06-11T12:30:00,Siège Est,247.3
2026-06-11T12:30:00,Usine Nord,958.3
2026-06-11T12:45:00,Atelier Sud,313.5
2026-06-11T12:45:00,Siège Est,237.4
2026-06-11T12:45:00,Usine Nord,986.0
2026-06-11T13:00:00,Atelier Sud,348.6
2026-06-11T13:00:00,Siège Est,255.5
2026-06-11T13:00:00,Usine Nord,921.4
2026-06-11T13:15:00,Atelier Sud,370.2
2026-06-11T13:15:00,Siège Est,229.9
2026-06-11T13:15:00,Usine Nord,954.1
2026-06-11T13:30:00,Atelier Sud,349.8
2026-06-11T13:30:00,Siège Est,232.7
2026-06-11T13:30:00,Usine Nord,966.2
2026-06-11T13:45:00,Atelier Sud,262.1
2026-06-11T13:45:00,Siège Est,247.1
2026-06-11T13:45:00,Usine Nord,985.3
2026-06-11T14:00:00,Atelier Sud,261.3
2026-06-11T14:00:00,Siège Est,245.3
2026-06-11T14:00:00,Usine Nord,906.1
2026-06-11T14:15:00,Atelier Sud,318.2
2026-06-11T14:15:00,Siège Est,245.4
2026-06-11T14:15:00,Usine Nord,946.6
2026-06-11T14:30:00,Atelier Sud,296.1
2026-06-11T14:30:00,Siège Est,254.9
2026-06-11T14:30:00,Usine Nord,908.5
2026-06-11T14:45:00,Atelier Sud,310.9
2026-06-11T14:45:00,Siège Est,266.5
2026-06-11T14:45:00,Usine Nord,961.2
2026-06-11T15:00:00,Atelier Sud,310.8
2026-06-11T15:00:00,Siège Est,258.1
2026-06-11T15:00:00,Usine Nord,939.6
2026-06-11T15:15:00,Atelier Sud,291.9
2026-06-11T15:15:00,Siège Est,254.4
2026-06-11T15:15:00,Usine Nord,958.9
2026-06-11T15:30:00,Atelier Sud,247.0
2026-06-11T15:30:00,Siège Est,258.6
2026-06-11T15:30:00,Usine Nord,973.8
2026-06-11T15:45:00,Atelier Sud,221.9
2026-06-11T15:45:00,Siège Est,253.3
2026-06-11T15:45:00,Usine Nord,970.8
2026-06-11T16:00:00,Atelier Sud,178.4
2026-06-11T16:00:00,Siège Est,265.0
2026-06-11T16:00:00,Usine Nord,947.3
2026-06-11T16:15:00,Atelier Sud,193.5
2026-06-11T16:15:00,Siège Est,248.9
2026-06-11T16:15:00,Usine Nord,965.3
2026-06-11T16:30:00,Atelier Sud,162.4
2026-06-11T16:30:00,Siège Est,257.2
2026-06-11T16:30:00,Usine Nord,1019.5
2026-06-11T16:45:00,Atelier Sud,171.1
2026-06-11T16:45:00,Siège Est,260.9
2026-06-11T16:45:00,Usine Nord,941.3
2026-06-11T17:00:00,Atelier Sud,162.4
2026-06-11T17:00:00,Siège Est,251.9
2026-06-11T17:00:00,Usine Nord,964.3
2026-06-11T17:15:00,Atelier Sud,113.0
2026-06-11T17:15:00,Siège Est,256.0
2026-06-11T17:15:00,Usine Nord,941.2
2026-06-11T17:30:00,Atelier Sud,118.6
2026-06-11T17:30:00,Siège Est,247.3
2026-06-11T17:30:00,Usine Nord,970.3
2026-06-11T17:45:00,Atelier Sud,82.5
2026-06-11T17:45:00,Siège Est,251.0
2026-06-11T17:45:00,Usine Nord,934.5
2026-06-11T18:00:00,Atelier Sud,65.2
2026-06-11T18:00:00,Siège Est,233.5
2026-06-11T18:00:00,Usine Nord,965.2
2026-06-11T18:15:00,Atelier Sud,79.6
2026-06-11T18:15:00,Siège Est,247.9
2026-06-11T18:15:00,Usine Nord,919.7
2026-06-11T18:30:00,Atelier Sud,57.8
2026-06-11T18:30:00,Siège Est,247.9
2026-06-11T18:30:00,Usine Nord,956.3
2026-06-11T18:45:00,Atelier Sud,71.4
2026-06-11T18:45:00,Siège Est,245.8
2026-06-11T18:45:00,Usine Nord,1007.0
2026-06-11T19:00:00,Atelier Sud,58.4
2026-06-11T19:00:00,Siège Est,58.0
2026-06-11T19:00:00,Usine Nord,927.2
2026-06-11T19:15:00,Atelier Sud,55.1
2026-06-11T19:15:00,Siège Est,60.3
2026-06-11T19:15:00,Usine Nord,939.3
2026-06-11T19:30:00,Atelier Sud,86.0
2026-06-11T19:30:00,Siège Est,65.8
2026-06-11T19:30:00,Usine Nord,972.2
2026-06-11T19:45:00,Atelier Sud,64.4
2026-06-11T19:45:00,Siège Est,73.6
2026-06-11T19:45:00,Usine Nord,928.1
2026-06-11T20:00:00,Atelier Sud,91.2
2026-06-11T20:00:00,Siège Est,62.9
2026-06-11T20:00:00,Usine Nord,901.2
2026-06-11T20:15:00,Atelier Sud,56.3
2026-06-11T20:15:00,Siège Est,65.8
2026-06-11T20:15:00,Usine Nord,916.0
2026-06-11T20:30:00,Atelier Sud,63.7
2026-06-11T20:30:00,Siège Est,80.3
2026-06-11T20:30:00,Usine Nord,956.4
2026-06-11T20:45:00,Atelier Sud,64.8
2026-06-11T20:45:00,Siège Est,82.0
2026-06-11T20:45:00,Usine Nord,976.1
2026-06-11T21:00:00,Atelier Sud,75.3
2026-06-11T21:00:00,Siège Est,74.2
2026-06-11T21:00:00,Usine Nord,954.2
2026-06-11T21:15:00,Atelier Sud,45.3
2026-06-11T21:15:00,Siège Est,58.2
2026-06-11T21:15:00,Usine Nord,953.6
2026-06-11T21:30:00,Atelier Sud,61.7
2026-06-11T21:30:00,Siège Est,63.0
2026-06-11T21:30:00,Usine Nord,975.8
2026-06-11T21:45:00,Atelier Sud,46.5
2026-06-11T21:45:00,Siège Est,68.3
2026-06-11T21:45:00,Usine Nord,951.3
2026-06-11T22:00:00,Atelier Sud,51.8
2026-06-11T22:00:00,Siège Est,64.6
2026-06-11T22:00:00,Usine Nord,679.9
2026-06-11T22:15:00,Atelier Sud,70.1
2026-06-11T22:15:00,Siège Est,75.0
2026-06-11T22:15:00,Usine Nord,683.1
2026-06-11T22:30:00,Atelier Sud,70.2
2026-06-11T22:30:00,Siège Est,80.6
2026-06-11T22:30:00,Usine Nord,643.7
2026-06-11T22:45:00,Atelier Sud,89.9
2026-06-11T22:45:00,Siège Est,74.2
2026-06-11T22:45:00,Usine Nord,678.4
2026-06-11T23:00:00,Atelier Sud,93.7
2026-06-11T23:00:00,Siège Est,82.0
2026-06-11T23:00:00,Usine Nord,666.0
2026-06-11T23:15:00,Atelier Sud,74.4
2026-06-11T23:15:00,Siège Est,74.8
2026-06-11T23:15:00,Usine Nord,647.9
2026-06-11T23:30:00,Atelier Sud,68.4
2026-06-11T23:30:00,Siège Est,69.9
2026-06-11T23:30:00,Usine Nord,650.1
2026-06-11T23:45:00,Atelier Sud,86.9
2026-06-11T23:45:00,Siège Est,66.6
2026-06-11T23:45:00,Usine Nord,674.2
2026-06-12T00:00:00,Atelier Sud,70.7
2026-06-12T00:00:00,Siège Est,82.1
2026-06-12T00:00:00,Usine Nord,623.5
2026-06-12T00:15:00,Atelier Sud,81.8
2026-06-12T00:15:00,Siège Est,73.9
2026-06-12T00:15:00,Usine Nord,615.7
2026-06-12T00:30:00,Atelier Sud,63.4
2026-06-12T00:30:00,Siège Est,78.8
2026-06-12T00:30:00,Usine Nord,676.0
2026-06-12T00:45:00,Atelier Sud,39.0
2026-06-12T00:45:00,Siège Est,75.7
2026-06-12T00:45:00,Usine Nord,693.3
2026-06-12T01:00:00,Atelier Sud,74.5
2026-06-12T01:00:00,Siège Est,65.9
2026-06-12T01:00:00,Usine Nord,656.6
2026-06-12T01:15:00,Atelier Sud,55.6
2026-06-12T01:15:00,Siège Est,102.7
2026-06-12T01:15:00,Usine Nord,673.2
2026-06-12T01:30:00,Atelier Sud,74.7
2026-06-12T01:30:00,Siège Est,82.4
2026-06-12T01:30:00,Usine Nord,614.7
2026-06-12T01:45:00,Atelier Sud,74.0
2026-06-12T01:45:00,Siège Est,78.9
2026-06-12T01:45:00,Usine Nord,621.4
2026-06-12T02:00:00,Atelier Sud,76.8
2026-06-12T02:00:00,Siège Est,68.3
2026-06-12T02:00:00,Usine Nord,638.4
2026-06-12T02:15:00,Atelier Sud,74.2
2026-06-12T02:15:00,Siège Est,57.4
2026-06-12T02:15:00,Usine Nord,642.6
2026-06-12T02:30:00,Atelier Sud,75.7
2026-06-12T02:30:00,Siège Est,78.7
2026-06-12T02:30:00,Usine Nord,653.9
2026-06-12T02:45:00,Atelier Sud,64.7
2026-06-12T02:45:00,Siège Est,86.3
2026-06-12T02:45:00,Usine Nord,639.9
2026-06-12T03:00:00,Atelier Sud,83.3
2026-06-12T03:00:00,Siège Est,76.6
2026-06-12T03:00:00,Usine Nord,648.8
2026-06-12T03:15:00,Atelier Sud,71.4
2026-06-12T03:15:00,Siège Est,78.6
2026-06-12T03:15:00,Usine Nord,646.1
2026-06-12T03:30:00,Atelier Sud,54.1
2026-06-12T03:30:00,Siège Est,74.9
2026-06-12T03:30:00,Usine Nord,663.8
2026-06-12T03:45:00,Atelier Sud,68.0
2026-06-12T03:45:00,Siège Est,61.5
2026-06-12T03:45:00,Usine Nord,673.8
2026-06-12T04:00:00,Atelier Sud,88.6
2026-06-12T04:00:00,Siège Est,83.2
2026-06-12T04:00:00,Usine Nord,669.6
2026-06-12T04:15:00,Atelier Sud,76.6
2026-06-12T04:15:00,Siège Est,73.7
2026-06-12T04:15:00,Usine Nord,681.0
2026-06-12T04:30:00,Atelier Sud,81.1
2026-06-12T04:30:00,Siège Est,80.8
2026-06-12T04:30:00,Usine Nord,646.1
2026-06-12T04:45:00,Atelier Sud,76.6
2026-06-12T04:45:00,Siège Est,89.5
2026-06-12T04:45:00,Usine Nord,640.2
2026-06-12T05:00:00,Atelier Sud,60.0
2026-06-12T05:00:00,Siège Est,87.7
2026-06-12T05:00:00,Usine Nord,609.0
2026-06-12T05:15:00,Atelier Sud,99.5
2026-06-12T05:15:00,Siège Est,71.5
2026-06-12T05:15:00,Usine Nord,613.4
2026-06-12T05:30:00,Atelier Sud,79.0
2026-06-12T05:30:00,Siège Est,80.3
2026-06-12T05:30:00,Usine Nord,667.8
2026-06-12T05:45:00,Atelier Sud,95.3
2026-06-12T05:45:00,Siège Est,66.5
2026-06-12T05:45:00,Usine Nord,660.7
2026-06-12T06:00:00,Atelier Sud,49.8
2026-06-12T06:00:00,Siège Est,64.8
2026-06-12T06:00:00,Usine Nord,952.6
2026-06-12T06:15:00,Atelier Sud,70.9
2026-06-12T06:15:00,Siège Est,60.2
2026-06-12T06:15:00,Usine Nord,944.7
2026-06-12T06:30:00,Atelier Sud,112.9
2026-06-12T06:30:00,Siège Est,73.8
2026-06-12T06:30:00,Usine Nord,924.5
2026-06-12T06:45:00,Atelier Sud,159.0
2026-06-12T06:45:00,Siège Est,85.2
2026-06-12T06:45:00,Usine Nord,903.2
2026-06-12T07:00:00,Atelier Sud,183.1
2026-06-12T07:00:00,Siège Est,80.7
2026-06-12T07:00:00,Usine Nord,938.6
2026-06-12T07:15:00,Atelier Sud,191.8
2026-06-12T07:15:00,Siège Est,63.0
2026-06-12T07:15:00,Usine Nord,945.8
2026-06-12T07:30:00,Atelier Sud,206.8
2026-06-12T07:30:00,Siège Est,82.1
2026-06-12T07:30:00,Usine Nord,894.8
2026-06-12T07:45:00,Atelier Sud,221.0
2026-06-12T07:45:00,Siège Est,76.8
2026-06-12T07:45:00,Usine Nord,980.5
2026-06-12T08:00:00,Atelier Sud,217.7
2026-06-12T08:00:00,Siège Est,251.6
2026-06-12T08:00:00,Usine Nord,936.5
2026-06-12T08:15:00,Atelier Sud,256.1
2026-06-12T08:15:00,Siège Est,270.0
2026-06-12T08:15:00,Usine Nord,961.0
2026-06-12T08:30:00,Atelier Sud,230.4
2026-06-12T08:30:00,Siège Est,255.0
2026-06-12T08:30:00,Usine Nord,980.2
2026-06-12T08:45:00,Atelier Sud,257.3
2026-06-12T08:45:00,Siège Est,254.9
2026-06-12T08:45:00,Usine Nord,984.5
2026-06-12T09:00:00,Atelier Sud,302.1
2026-06-12T09:00:00,Siège Est,257.6
2026-06-12T09:00:00,Usine Nord,944.6
2026-06-12T09:15:00,Atelier Sud,274.0
2026-06-12T09:15:00,Siège Est,253.8
2026-06-12T09:15:00,Usine Nord,972.7
2026-06-12T09:30:00,Atelier Sud,288.7
2026-06-12T09:30:00,Siège Est,244.0
2026-06-12T09:30:00,Usine Nord,971.4
2026-06-12T09:45:00,Atelier Sud,325.0
2026-06-12T09:45:00,Siège Est,232.8
2026-06-12T09:45:00,Usine Nord,952.7
2026-06-12T10:00:00,Atelier Sud,268.2
2026-06-12T10:00:00,Siège Est,246.5
2026-06-12T10:00:00,Usine Nord,958.5
2026-06-12T10:15:00,Atelier Sud,318.3
2026-06-12T10:15:00,Siège Est,248.2
2026-06-12T10:15:00,Usine Nord,931.9
2026-06-12T10:30:00,Atelier Sud,279.3
2026-06-12T10:30:00,Siège Est,231.0
2026-06-12T10:30:00,Usine Nord,957.1
2026-06-12T10:45:00,Atelier Sud,350.0
2026-06-12T10:45:00,Siège Est,240.7
2026-06-12T10:45:00,Usine Nord,936.8
2026-06-12T11:00:00,Atelier Sud,360.0
2026-06-12T11:00:00,Siège Est,253.0
2026-06-12T11:00:00,Usine Nord,946.5
2026-06-12T11:15:00,Atelier Sud,317.2
2026-06-12T11:15:00,Siège Est,244.0
2026-06-12T11:15:00,Usine Nord,953.6
2026-06-12T11:30:00,Atelier Sud,351.7
2026-06-12T11:30:00,Siège Est,241.4
2026-06-12T11:30:00,Usine Nord,972.2
2026-06-12T11:45:00,Atelier Sud,367.3
2026-06-12T11:45:00,Siège Est,247.6
2026-06-12T11:45:00,Usine Nord,946.1
2026-06-12T12:00:00,Atelier Sud,301.4
2026-06-12T12:00:00,Siège Est,243.3
2026-06-12T12:00:00,Usine Nord,945.4
2026-06-12T12:15:00,Atelier Sud,401.0
2026-06-12T12:15:00,Siège Est,247.7
2026-06-12T12:15:00,Usine Nord,942.1
2026-06-12T12:30:00,Atelier Sud,341.2
2026-06-12T12:30:00,Siège Est,255.3
2026-06-12T12:30:00,Usine Nord,1011.8
2026-06-12T12:45:00,Atelier Sud,360.5
2026-06-12T12:45:00,Siège Est,253.1
2026-06-12T12:45:00,Usine Nord,942.0
2026-06-12T13:00:00,Atelier Sud,267.0
2026-06-12T13:00:00,Siège Est,252.0
2026-06-12T13:00:00,Usine Nord,961.7
2026-06-12T13:15:00,Atelier Sud,298.3
2026-06-12T13:15:00,Siège Est,256.1
2026-06-12T13:15:00,Usine Nord,918.0
2026-06-12T13:30:00,Atelier Sud,309.2
2026-06-12T13:30:00,Siège Est,257.0
2026-06-12T13:30:00,Usine Nord,952.4
2026-06-12T13:45:00,Atelier Sud,307.0
2026-06-12T13:45:00,Siège Est,244.9
2026-06-12T13:45:00,Usine Nord,924.7
2026-06-12T14:00:00,Atelier Sud,322.8
2026-06-12T14:00:00,Siège Est,254.7
2026-06-12T14:00:00,Usine Nord,938.8
2026-06-12T14:15:00,Atelier Sud,255.6
2026-06-12T14:15:00,Siège Est,256.6
2026-06-12T14:15:00,Usine Nord,967.8
2026-06-12T14:30:00,Atelier Sud,281.9
2026-06-12T14:30:00,Siège Est,254.9
2026-06-12T14:30:00,Usine Nord,989.5
2026-06-12T14:45:00,Atelier Sud,227.5
2026-06-12T14:45:00,Siège Est,264.7
2026-06-12T14:45:00,Usine Nord,955.1
2026-06-12T15:00:00,Atelier Sud,250.5
2026-06-12T15:00:00,Siège Est,255.1
2026-06-12T15:00:00,Usine Nord,964.8
2026-06-12T15:15:00,Atelier Sud,275.0
2026-06-12T15:15:00,Siège Est,247.6
2026-06-12T15:15:00,Usine Nord,955.2
2026-06-12T15:30:00,Atelier Sud,213.8
2026-06-12T15:30:00,Siège Est,257.5
2026-06-12T15:30:00,Usine Nord,941.5
2026-06-12T15:45:00,Atelier Sud,191.5
2026-06-12T15:45:00,Siège Est,257.9
2026-06-12T15:45:00,Usine Nord,953.1
2026-06-12T16:00:00,Atelier Sud,202.6
2026-06-12T16:00:00,Siège Est,246.8
2026-06-12T16:00:00,Usine Nord,972.9
2026-06-12T16:15:00,Atelier Sud,200.7
2026-06-12T16:15:00,Siège Est,235.2
2026-06-12T16:15:00,Usine Nord,955.8
2026-06-12T16:30:00,Atelier Sud,171.4
2026-06-12T16:30:00,Siège Est,246.4
2026-06-12T16:30:00,Usine Nord,942.9
2026-06-12T16:45:00,Atelier Sud,137.8
2026-06-12T16:45:00,Siège Est,255.0
2026-06-12T16:45:00,Usine Nord,940.8
2026-06-12T17:00:00,Atelier Sud,131.1
2026-06-12T17:00:00,Siège Est,242.8
2026-06-12T17:00:00,Usine Nord,961.9
2026-06-12T17:15:00,Atelier Sud,120.5
2026-06-12T17:15:00,Siège Est,245.9
2026-06-12T17:15:00,Usine Nord,944.0
2026-06-12T17:30:00,Atelier Sud,102.4
2026-06-12T17:30:00,Siège Est,252.9
2026-06-12T17:30:00,Usine Nord,971.8
2026-06-12T17:45:00,Atelier Sud,77.1
2026-06-12T17:45:00,Siège Est,238.8
2026-06-12T17:45:00,Usine Nord,920.2
2026-06-12T18:00:00,Atelier Sud,15.1
2026-06-12T18:00:00,Siège Est,262.1
2026-06-12T18:00:00,Usine Nord,968.2
2026-06-12T18:15:00,Atelier Sud,92.5
2026-06-12T18:15:00,Siège Est,247.6
2026-06-12T18:15:00,Usine Nord,933.2
2026-06-12T18:30:00,Atelier Sud,54.8
2026-06-12T18:30:00,Siège Est,258.4
2026-06-12T18:30:00,Usine Nord,949.6
2026-06-12T18:45:00,Atelier Sud,71.3
2026-06-12T18:45:00,Siège Est,257.7
2026-06-12T18:45:00,Usine Nord,998.2
2026-06-12T19:00:00,Atelier Sud,68.0
2026-06-12T19:00:00,Siège Est,70.6
2026-06-12T19:00:00,Usine Nord,974.4
2026-06-12T19:15:00,Atelier Sud,73.5
2026-06-12T19:15:00,Siège Est,72.0
2026-06-12T19:15:00,Usine Nord,939.9
2026-06-12T19:30:00,Atelier Sud,52.9
2026-06-12T19:30:00,Siège Est,87.2
2026-06-12T19:30:00,Usine Nord,942.8
2026-06-12T19:45:00,Atelier Sud,62.1
2026-06-12T19:45:00,Siège Est,81.0
2026-06-12T19:45:00,Usine Nord,971.2
2026-06-12T20:00:00,Atelier Sud,59.0
2026-06-12T20:00:00,Siège Est,67.5
2026-06-12T20:00:00,Usine Nord,972.2
2026-06-12T20:15:00,Atelier Sud,88.6
2026-06-12T20:15:00,Siège Est,70.9
2026-06-12T20:15:00,Usine Nord,950.8
2026-06-12T20:30:00,Atelier Sud,58.8
2026-06-12T20:30:00,Siège Est,73.6
2026-06-12T20:30:00,Usine Nord,968.0
2026-06-12T20:45:00,Atelier Sud,49.5
2026-06-12T20:45:00,Siège Est,67.2
2026-06-12T20:45:00,Usine Nord,942.1
2026-06-12T21:00:00,Atelier Sud,50.4
2026-06-12T21:00:00,Siège Est,87.4
2026-06-12T21:00:00,Usine Nord,890.4
2026-06-12T21:15:00,Atelier Sud,80.8
2026-06-12T21:15:00,Siège Est,81.7
2026-06-12T21:15:00,Usine Nord,975.6
2026-06-12T21:30:00,Atelier Sud,76.3
2026-06-12T21:30:00,Siège Est,87.7
2026-06-12T21:30:00,Usine Nord,940.5
2026-06-12T21:45:00,Atelier Sud,38.6
2026-06-12T21:45:00,Siège Est,81.3
2026-06-12T21:45:00,Usine Nord,964.6
2026-06-12T22:00:00,Atelier Sud,57.5
2026-06-12T22:00:00,Siège Est,77.8
2026-06-12T22:00:00,Usine Nord,645.9
2026-06-12T22:15:00,Atelier Sud,66.2
2026-06-12T22:15:00,Siège Est,83.7
2026-06-12T22:15:00,Usine Nord,643.5
2026-06-12T22:30:00,Atelier Sud,52.4
2026-06-12T22:30:00,Siège Est,100.8
2026-06-12T22:30:00,Usine Nord,630.0
2026-06-12T22:45:00,Atelier Sud,75.8
2026-06-12T22:45:00,Siège Est,78.6
2026-06-12T22:45:00,Usine Nord,666.7
2026-06-12T23:00:00,Atelier Sud,73.2
2026-06-12T23:00:00,Siège Est,71.9
2026-06-12T23:00:00,Usine Nord,668.4
2026-06-12T23:15:00,Atelier Sud,93.8
2026-06-12T23:15:00,Siège Est,67.5
2026-06-12T23:15:00,Usine Nord,677.8
2026-06-12T23:30:00,Atelier Sud,59.1
2026-06-12T23:30:00,Siège Est,65.1
2026-06-12T23:30:00,Usine Nord,665.4
2026-06-12T23:45:00,Atelier Sud,75.9
2026-06-12T23:45:00,Siège Est,69.6
2026-06-12T23:45:00,Usine Nord,659.4
2026-06-13T00:00:00,Atelier Sud,105.6
2026-06-13T00:00:00,Siège Est,73.6
2026-06-13T00:00:00,Usine Nord,346.5
2026-06-13T00:15:00,Atelier Sud,78.9
2026-06-13T00:15:00,Siège Est,62.8
2026-06-13T00:15:00,Usine Nord,359.1
2026-06-13T00:30:00,Atelier Sud,73.0
2026-06-13T00:30:00,Siège Est,60.4
2026-06-13T00:30:00,Usine Nord,367.6
2026-06-13T00:45:00,Atelier Sud,89.0
2026-06-13T00:45:00,Siège Est,67.8
2026-06-13T00:45:00,Usine Nord,302.8
2026-06-13T01:00:00,Atelier Sud,93.3
2026-06-13T01:00:00,Siège Est,68.1
2026-06-13T01:00:00,Usine Nord,332.3
2026-06-13T01:15:00,Atelier Sud,68.6
2026-06-13T01:15:00,Siège Est,77.3
2026-06-13T01:15:00,Usine Nord,354.0
2026-06-13T01:30:00,Atelier Sud,83.4
2026-06-13T01:30:00,Siège Est,80.2
2026-06-13T01:30:00,Usine Nord,376.1
2026-06-13T01:45:00,Atelier Sud,97.7
2026-06-13T01:45:00,Siège Est,81.8
2026-06-13T01:45:00,Usine Nord,389.1
2026-06-13T02:00:00,Atelier Sud,67.8
2026-06-13T02:00:00,Siège Est,61.3
2026-06-13T02:00:00,Usine Nord,395.9
2026-06-13T02:15:00,Atelier Sud,64.9
2026-06-13T02:15:00,Siège Est,72.4
2026-06-13T02:15:00,Usine Nord,341.1
2026-06-13T02:30:00,Atelier Sud,82.9
2026-06-13T02:30:00,Siège Est,78.6
2026-06-13T02:30:00,Usine Nord,359.5
2026-06-13T02:45:00,Atelier Sud,78.0
2026-06-13T02:45:00,Siège Est,63.1
2026-06-13T02:45:00,Usine Nord,346.5
2026-06-13T03:00:00,Atelier Sud,80.5
2026-06-13T03:00:00,Siège Est,74.8
2026-06-13T03:00:00,Usine Nord,339.9
2026-06-13T03:15:00,Atelier Sud,72.4
2026-06-13T03:15:00,Siège Est,63.7
2026-06-13T03:15:00,Usine Nord,350.1
2026-06-13T03:30:00,Atelier Sud,66.6
2026-06-13T03:30:00,Siège Est,71.0
2026-06-13T03:30:00,Usine Nord,360.5
2026-06-13T03:45:00,Atelier Sud,68.1
2026-06-13T03:45:00,Siège Est,98.0
2026-06-13T03:45:00,Usine Nord,376.0
2026-06-13T04:00:00,Atelier Sud,72.3
2026-06-13T04:00:00,Siège Est,76.9
2026-06-13T04:00:00,Usine Nord,325.0
2026-06-13T04:15:00,Atelier Sud,45.2
2026-06-13T04:15:00,Siège Est,59.7
2026-06-13T04:15:00,Usine Nord,355.0
2026-06-13T04:30:00,Atelier Sud,78.9
2026-06-13T04:30:00,Siège Est,68.7
2026-06-13T04:30:00,Usine Nord,335.8
2026-06-13T04:45:00,Atelier Sud,99.5
2026-06-13T04:45:00,Siège Est,75.9
2026-06-13T04:45:00,Usine Nord,389.0
2026-06-13T05:00:00,Atelier Sud,63.0
2026-06-13T05:00:00,Siège Est,78.1
2026-06-13T05:00:00,Usine Nord,395.8
2026-06-13T05:15:00,Atelier Sud,54.1
2026-06-13T05:15:00,Siège Est,67.2
2026-06-13T05:15:00,Usine Nord,347.3
2026-06-13T05:30:00,Atelier Sud,91.6
2026-06-13T05:30:00,Siège Est,77.0
2026-06-13T05:30:00,Usine Nord,342.1
2026-06-13T05:45:00,Atelier Sud,81.2
2026-06-13T05:45:00,Siège Est,80.0
2026-06-13T05:45:00,Usine Nord,371.5
2026-06-13T06:00:00,Atelier Sud,78.1
2026-06-13T06:00:00,Siège Est,74.3
2026-06-13T06:00:00,Usine Nord,544.9
2026-06-13T06:15:00,Atelier Sud,60.1
2026-06-13T06:15:00,Siège Est,58.4
2026-06-13T06:15:00,Usine Nord,501.6
2026-06-13T06:30:00,Atelier Sud,58.9
2026-06-13T06:30:00,Siège Est,59.6
2026-06-13T06:30:00,Usine Nord,514.1
2026-06-13T06:45:00,Atelier Sud,90.5
2026-06-13T06:45:00,Siège Est,69.6
2026-06-13T06:45:00,Usine Nord,529.6
2026-06-13T07:00:00,Atelier Sud,96.1
2026-06-13T07:00:00,Siège Est,77.5
2026-06-13T07:00:00,Usine Nord,500.2
2026-06-13T07:15:00,Atelier Sud,68.2
2026-06-13T07:15:00,Siège Est,70.4
2026-06-13T07:15:00,Usine Nord,556.9
2026-06-13T07:30:00,Atelier Sud,80.2
2026-06-13T07:30:00,Siège Est,85.9
2026-06-13T07:30:00,Usine Nord,524.5
2026-06-13T07:45:00,Atelier Sud,72.8
2026-06-13T07:45:00,Siège Est,91.8
2026-06-13T07:45:00,Usine Nord,525.0
2026-06-13T08:00:00,Atelier Sud,66.6
2026-06-13T08:00:00,Siège Est,67.2
2026-06-13T08:00:00,Usine Nord,497.7
2026-06-13T08:15:00,Atelier Sud,45.7
2026-06-13T08:15:00,Siège Est,70.3
2026-06-13T08:15:00,Usine Nord,550.7
2026-06-13T08:30:00,Atelier Sud,46.1
2026-06-13T08:30:00,Siège Est,64.8
2026-06-13T08:30:00,Usine Nord,493.6
2026-06-13T08:45:00,Atelier Sud,39.9
2026-06-13T08:45:00,Siège Est,74.5
2026-06-13T08:45:00,Usine Nord,507.4
2026-06-13T09:00:00,Atelier Sud,23.9
2026-06-13T09:00:00,Siège Est,70.6
2026-06-13T09:00:00,Usine Nord,510.2
2026-06-13T09:15:00,Atelier Sud,15.0
2026-06-13T09:15:00,Siège Est,79.1
2026-06-13T09:15:00,Usine Nord,520.5
2026-06-13T09:30:00,Atelier Sud,21.9
2026-06-13T09:30:00,Siège Est,76.3
2026-06-13T09:30:00,Usine Nord,491.5
2026-06-13T09:45:00,Atelier Sud,73.4
2026-06-13T09:45:00,Siège Est,69.3
2026-06-13T09:45:00,Usine Nord,506.1
2026-06-13T10:00:00,Atelier Sud,45.9
2026-06-13T10:00:00,Siège Est,82.5
2026-06-13T10:00:00,Usine Nord,536.5
2026-06-13T10:15:00,Atelier Sud,15.0
2026-06-13T10:15:00,Siège Est,73.4
2026-06-13T10:15:00,Usine Nord,522.5
2026-06-13T10:30:00,Atelier Sud,60.0
2026-06-13T10:30:00,Siège Est,66.3
2026-06-13T10:30:00,Usine Nord,526.1
2026-06-13T10:45:00,Atelier Sud,15.0
2026-06-13T10:45:00,Siège Est,55.6
2026-06-13T10:45:00,Usine Nord,545.0
2026-06-13T11:00:00,Atelier Sud,40.0
2026-06-13T11:00:00,Siège Est,66.5
2026-06-13T11:00:00,Usine Nord,533.3
2026-06-13T11:15:00,Atelier Sud,48.7
2026-06-13T11:15:00,Siège Est,82.3
2026-06-13T11:15:00,Usine Nord,545.8
2026-06-13T11:30:00,Atelier Sud,18.2
2026-06-13T11:30:00,Siège Est,70.8
2026-06-13T11:30:00,Usine Nord,523.9
2026-06-13T11:45:00,Atelier Sud,68.9
2026-06-13T11:45:00,Siège Est,82.9
2026-06-13T11:45:00,Usine Nord,503.6
2026-06-13T12:00:00,Atelier Sud,15.0
2026-06-13T12:00:00,Siège Est,63.2
2026-06-13T12:00:00,Usine Nord,560.2
2026-06-13T12:15:00,Atelier Sud,43.8
2026-06-13T12:15:00,Siège Est,67.8
2026-06-13T12:15:00,Usine Nord,485.6
2026-06-13T12:30:00,Atelier Sud,26.5
2026-06-13T12:30:00,Siège Est,58.9
2026-06-13T12:30:00,Usine Nord,492.9
2026-06-13T12:45:00,Atelier Sud,15.0
2026-06-13T12:45:00,Siège Est,72.1
2026-06-13T12:45:00,Usine Nord,497.8
2026-06-13T13:00:00,Atelier Sud,15.0
2026-06-13T13:00:00,Siège Est,55.5
2026-06-13T13:00:00,Usine Nord,575.8
2026-06-13T13:15:00,Atelier Sud,15.0
2026-06-13T13:15:00,Siège Est,66.9
2026-06-13T13:15:00,Usine Nord,525.1
2026-06-13T13:30:00,Atelier Sud,32.4
2026-06-13T13:30:00,Siège Est,81.3
2026-06-13T13:30:00,Usine Nord,547.3
2026-06-13T13:45:00,Atelier Sud,36.9
2026-06-13T13:45:00,Siège Est,86.9
2026-06-13T13:45:00,Usine Nord,488.7
2026-06-13T14:00:00,Atelier Sud,15.0
2026-06-13T14:00:00,Siège Est,88.9
2026-06-13T14:00:00,Usine Nord,498.9
2026-06-13T14:15:00,Atelier Sud,51.3
2026-06-13T14:15:00,Siège Est,64.7
2026-06-13T14:15:00,Usine Nord,530.4
2026-06-13T14:30:00,Atelier Sud,15.0
2026-06-13T14:30:00,Siège Est,78.2
2026-06-13T14:30:00,Usine Nord,513.1
2026-06-13T14:45:00,Atelier Sud,27.7
2026-06-13T14:45:00,Siège Est,71.3
2026-06-13T14:45:00,Usine Nord,525.9
2026-06-13T15:00:00,Atelier Sud,47.5
2026-06-13T15:00:00,Siège Est,71.5
2026-06-13T15:00:00,Usine Nord,536.8
2026-06-13T15:15:00,Atelier Sud,46.8
2026-06-13T15:15:00,Siège Est,80.8
2026-06-13T15:15:00,Usine Nord,525.4
2026-06-13T15:30:00,Atelier Sud,29.2
2026-06-13T15:30:00,Siège Est,66.3
2026-06-13T15:30:00,Usine Nord,525.3
2026-06-13T15:45:00,Atelier Sud,41.7
2026-06-13T15:45:00,Siège Est,51.5
2026-06-13T15:45:00,Usine Nord,528.1
2026-06-13T16:00:00,Atelier Sud,49.0
2026-06-13T16:00:00,Siège Est,84.9
2026-06-13T16:00:00,Usine Nord,518.8
2026-06-13T16:15:00,Atelier Sud,41.8
2026-06-13T16:15:00,Siège Est,86.0
2026-06-13T16:15:00,Usine Nord,530.3
2026-06-13T16:30:00,Atelier Sud,70.8
2026-06-13T16:30:00,Siège Est,60.8
2026-06-13T16:30:00,Usine Nord,544.9
2026-06-13T16:45:00,Atelier Sud,56.1
2026-06-13T16:45:00,Siège Est,74.0
2026-06-13T16:45:00,Usine Nord,502.9
2026-06-13T17:00:00,Atelier Sud,57.0
2026-06-13T17:00:00,Siège Est,78.8
2026-06-13T17:00:00,Usine Nord,529.6
2026-06-13T17:15:00,Atelier Sud,80.1
2026-06-13T17:15:00,Siège Est,84.9
2026-06-13T17:15:00,Usine Nord,543.1
2026-06-13T17:30:00,Atelier Sud,66.8
2026-06-13T17:30:00,Siège Est,75.4
2026-06-13T17:30:00,Usine Nord,519.2
2026-06-13T17:45:00,Atelier Sud,61.4
2026-06-13T17:45:00,Siège Est,71.7
2026-06-13T17:45:00,Usine Nord,521.5
2026-06-13T18:00:00,Atelier Sud,69.7
2026-06-13T18:00:00,Siège Est,77.4
2026-06-13T18:00:00,Usine Nord,564.4
2026-06-13T18:15:00,Atelier Sud,85.3
2026-06-13T18:15:00,Siège Est,79.9
2026-06-13T18:15:00,Usine Nord,548.4
2026-06-13T18:30:00,Atelier Sud,85.0
2026-06-13T18:30:00,Siège Est,75.6
2026-06-13T18:30:00,Usine Nord,574.3
2026-06-13T18:45:00,Atelier Sud,98.8
2026-06-13T18:45:00,Siège Est,80.1
2026-06-13T18:45:00,Usine Nord,564.9
2026-06-13T19:00:00,Atelier Sud,68.5
2026-06-13T19:00:00,Siège Est,83.4
2026-06-13T19:00:00,Usine Nord,516.2
2026-06-13T19:15:00,Atelier Sud,66.5
2026-06-13T19:15:00,Siège Est,80.9
2026-06-13T19:15:00,Usine Nord,508.2
2026-06-13T19:30:00,Atelier Sud,52.8
2026-06-13T19:30:00,Siège Est,92.5
2026-06-13T19:30:00,Usine Nord,517.2
2026-06-13T19:45:00,Atelier Sud,56.4
2026-06-13T19:45:00,Siège Est,81.8
2026-06-13T19:45:00,Usine Nord,542.9
2026-06-13T20:00:00,Atelier Sud,60.6
2026-06-13T20:00:00,Siège Est,55.8
2026-06-13T20:00:00,Usine Nord,447.9
2026-06-13T20:15:00,Atelier Sud,80.1
2026-06-13T20:15:00,Siège Est,75.1
2026-06-13T20:15:00,Usine Nord,524.7
2026-06-13T20:30:00,Atelier Sud,61.4
2026-06-13T20:30:00,Siège Est,78.6
2026-06-13T20:30:00,Usine Nord,550.4
2026-06-13T20:45:00,Atelier Sud,80.0
2026-06-13T20:45:00,Siège Est,75.1
2026-06-13T20:45:00,Usine Nord,524.7
2026-06-13T21:00:00,Atelier Sud,62.9
2026-06-13T21:00:00,Siège Est,71.9
2026-06-13T21:00:00,Usine Nord,530.9
2026-06-13T21:15:00,Atelier Sud,65.0
2026-06-13T21:15:00,Siège Est,69.8
2026-06-13T21:15:00,Usine Nord,518.6
2026-06-13T21:30:00,Atelier Sud,88.7
2026-06-13T21:30:00,Siège Est,67.6
2026-06-13T21:30:00,Usine Nord,486.7
2026-06-13T21:45:00,Atelier Sud,81.3
2026-06-13T21:45:00,Siège Est,75.3
2026-06-13T21:45:00,Usine Nord,544.7
2026-06-13T22:00:00,Atelier Sud,67.8
2026-06-13T22:00:00,Siège Est,71.6
2026-06-13T22:00:00,Usine Nord,351.5
2026-06-13T22:15:00,Atelier Sud,89.5
2026-06-13T22:15:00,Siège Est,71.9
2026-06-13T22:15:00,Usine Nord,368.3
2026-06-13T22:30:00,Atelier Sud,56.7
2026-06-13T22:30:00,Siège Est,67.8
2026-06-13T22:30:00,Usine Nord,358.3
2026-06-13T22:45:00,Atelier Sud,74.1
2026-06-13T22:45:00,Siège Est,72.1
2026-06-13T22:45:00,Usine Nord,401.0
2026-06-13T23:00:00,Atelier Sud,54.1
2026-06-13T23:00:00,Siège Est,74.1
2026-06-13T23:00:00,Usine Nord,368.3
2026-06-13T23:15:00,Atelier Sud,84.8
2026-06-13T23:15:00,Siège Est,77.6
2026-06-13T23:15:00,Usine Nord,367.5
2026-06-13T23:30:00,Atelier Sud,79.1
2026-06-13T23:30:00,Siège Est,69.8
2026-06-13T23:30:00,Usine Nord,355.8
2026-06-13T23:45:00,Atelier Sud,66.6
2026-06-13T23:45:00,Siège Est,60.7
2026-06-13T23:45:00,Usine Nord,339.8
2026-06-14T00:00:00,Atelier Sud,65.9
2026-06-14T00:00:00,Siège Est,75.8
2026-06-14T00:00:00,Usine Nord,366.8
2026-06-14T00:15:00,Atelier Sud,88.8
2026-06-14T00:15:00,Siège Est,71.5
2026-06-14T00:15:00,Usine Nord,381.9
2026-06-14T00:30:00,Atelier Sud,72.5
2026-06-14T00:30:00,Siège Est,75.2
2026-06-14T00:30:00,Usine Nord,358.0
2026-06-14T00:45:00,Atelier Sud,60.1
2026-06-14T00:45:00,Siège Est,62.3
2026-06-14T00:45:00,Usine Nord,310.1
2026-06-14T01:00:00,Atelier Sud,49.3
2026-06-14T01:00:00,Siège Est,60.1
2026-06-14T01:00:00,Usine Nord,340.7
2026-06-14T01:15:00,Atelier Sud,89.0
2026-06-14T01:15:00,Siège Est,57.4
2026-06-14T01:15:00,Usine Nord,400.7
2026-06-14T01:30:00,Atelier Sud,92.2
2026-06-14T01:30:00,Siège Est,65.3
2026-06-14T01:30:00,Usine Nord,345.5
2026-06-14T01:45:00,Atelier Sud,86.4
2026-06-14T01:45:00,Siège Est,69.5
2026-06-14T01:45:00,Usine Nord,362.0
2026-06-14T02:00:00,Atelier Sud,81.2
2026-06-14T02:00:00,Siège Est,53.4
2026-06-14T02:00:00,Usine Nord,315.8
2026-06-14T02:15:00,Atelier Sud,73.5
2026-06-14T02:15:00,Siège Est,63.0
2026-06-14T02:15:00,Usine Nord,345.2
2026-06-14T02:30:00,Atelier Sud,68.2
2026-06-14T02:30:00,Siège Est,71.5
2026-06-14T02:30:00,Usine Nord,338.8
2026-06-14T02:45:00,Atelier Sud,59.4
2026-06-14T02:45:00,Siège Est,66.1
2026-06-14T02:45:00,Usine Nord,375.5
2026-06-14T03:00:00,Atelier Sud,80.5
2026-06-14T03:00:00,Siège Est,64.1
2026-06-14T03:00:00,Usine Nord,371.8
2026-06-14T03:15:00,Atelier Sud,69.5
2026-06-14T03:15:00,Siège Est,88.1
2026-06-14T03:15:00,Usine Nord,370.0
2026-06-14T03:30:00,Atelier Sud,79.5
2026-06-14T03:30:00,Siège Est,79.4
2026-06-14T03:30:00,Usine Nord,380.3
2026-06-14T03:45:00,Atelier Sud,71.8
2026-06-14T03:45:00,Siège Est,69.5
2026-06-14T03:45:00,Usine Nord,347.2
2026-06-14T04:00:00,Atelier Sud,72.4
2026-06-14T04:00:00,Siège Est,74.7
2026-06-14T04:00:00,Usine Nord,395.5
2026-06-14T04:15:00,Atelier Sud,84.0
2026-06-14T04:15:00,Siège Est,78.9
2026-06-14T04:15:00,Usine Nord,352.5
2026-06-14T04:30:00,Atelier Sud,73.4
2026-06-14T04:30:00,Siège Est,66.5
2026-06-14T04:30:00,Usine Nord,378.2
2026-06-14T04:45:00,Atelier Sud,109.3
2026-06-14T04:45:00,Siège Est,55.5
2026-06-14T04:45:00,Usine Nord,404.6
2026-06-14T05:00:00,Atelier Sud,90.1
2026-06-14T05:00:00,Siège Est,84.8
2026-06-14T05:00:00,Usine Nord,346.4
2026-06-14T05:15:00,Atelier Sud,67.5
2026-06-14T05:15:00,Siège Est,71.8
2026-06-14T05:15:00,Usine Nord,366.2
2026-06-14T05:30:00,Atelier Sud,73.0
2026-06-14T05:30:00,Siège Est,69.6
2026-06-14T05:30:00,Usine Nord,355.2
2026-06-14T05:45:00,Atelier Sud,89.9
2026-06-14T05:45:00,Siège Est,91.0
2026-06-14T05:45:00,Usine Nord,360.8
2026-06-14T06:00:00,Atelier Sud,103.3
2026-06-14T06:00:00,Siège Est,78.7
2026-06-14T06:00:00,Usine Nord,530.5
2026-06-14T06:15:00,Atelier Sud,54.5
2026-06-14T06:15:00,Siège Est,69.3
2026-06-14T06:15:00,Usine Nord,522.2
2026-06-14T06:30:00,Atelier Sud,75.5
2026-06-14T06:30:00,Siège Est,77.3
2026-06-14T06:30:00,Usine Nord,524.1
2026-06-14T06:45:00,Atelier Sud,55.0
2026-06-14T06:45:00,Siège Est,72.0
2026-06-14T06:45:00,Usine Nord,539.4
2026-06-14T07:00:00,Atelier Sud,86.3
2026-06-14T07:00:00,Siège Est,61.4
2026-06-14T07:00:00,Usine Nord,494.5
2026-06-14T07:15:00,Atelier Sud,73.3
2026-06-14T07:15:00,Siège Est,98.9
2026-06-14T07:15:00,Usine Nord,507.5
2026-06-14T07:30:00,Atelier Sud,76.4
2026-06-14T07:30:00,Siège Est,63.3
2026-06-14T07:30:00,Usine Nord,512.8
2026-06-14T07:45:00,Atelier Sud,89.1
2026-06-14T07:45:00,Siège Est,68.7
2026-06-14T07:45:00,Usine Nord,493.4
2026-06-14T08:00:00,Atelier Sud,47.2
2026-06-14T08:00:00,Siège Est,73.4
2026-06-14T08:00:00,Usine Nord,531.4
2026-06-14T08:15:00,Atelier Sud,38.8
2026-06-14T08:15:00,Siège Est,91.8
2026-06-14T08:15:00,Usine Nord,513.7
2026-06-14T08:30:00,Atelier Sud,66.1
2026-06-14T08:30:00,Siège Est,88.9
2026-06-14T08:30:00,Usine Nord,504.8
2026-06-14T08:45:00,Atelier Sud,53.9
2026-06-14T08:45:00,Siège Est,75.5
2026-06-14T08:45:00,Usine Nord,493.7
2026-06-14T09:00:00,Atelier Sud,58.0
2026-06-14T09:00:00,Siège Est,77.1
2026-06-14T09:00:00,Usine Nord,504.2
2026-06-14T09:15:00,Atelier Sud,20.8
2026-06-14T09:15:00,Siège Est,98.5
2026-06-14T09:15:00,Usine Nord,533.4
2026-06-14T09:30:00,Atelier Sud,32.0
2026-06-14T09:30:00,Siège Est,91.6
2026-06-14T09:30:00,Usine Nord,495.7
2026-06-14T09:45:00,Atelier Sud,15.0
2026-06-14T09:45:00,Siège Est,69.4
2026-06-14T09:45:00,Usine Nord,543.9
2026-06-14T10:00:00,Atelier Sud,35.7
2026-06-14T10:00:00,Siège Est,74.7
2026-06-14T10:00:00,Usine Nord,537.5
2026-06-14T10:15:00,Atelier Sud,38.3
2026-06-14T10:15:00,Siège Est,69.5
2026-06-14T10:15:00,Usine Nord,530.1
2026-06-14T10:30:00,Atelier Sud,86.8
2026-06-14T10:30:00,Siège Est,69.1
2026-06-14T10:30:00,Usine Nord,486.5
2026-06-14T10:45:00,Atelier Sud,64.3
2026-06-14T10:45:00,Siège Est,76.1
2026-06-14T10:45:00,Usine Nord,506.8
2026-06-14T11:00:00,Atelier Sud,15.0
2026-06-14T11:00:00,Siège Est,88.5
2026-06-14T11:00:00,Usine Nord,546.7
2026-06-14T11:15:00,Atelier Sud,36.9
2026-06-14T11:15:00,Siège Est,66.7
2026-06-14T11:15:00,Usine Nord,515.3
2026-06-14T11:30:00,Atelier Sud,40.8
2026-06-14T11:30:00,Siège Est,51.8
2026-06-14T11:30:00,Usine Nord,506.8
2026-06-14T11:45:00,Atelier Sud,15.0
2026-06-14T11:45:00,Siège Est,57.5
2026-06-14T11:45:00,Usine Nord,507.7
2026-06-14T12:00:00,Atelier Sud,16.2
2026-06-14T12:00:00,Siège Est,56.1
2026-06-14T12:00:00,Usine Nord,532.0
2026-06-14T12:15:00,Atelier Sud,15.0
2026-06-14T12:15:00,Siège Est,68.8
2026-06-14T12:15:00,Usine Nord,483.1
2026-06-14T12:30:00,Atelier Sud,15.0
2026-06-14T12:30:00,Siège Est,73.8
2026-06-14T12:30:00,Usine Nord,546.2
2026-06-14T12:45:00,Atelier Sud,15.0
2026-06-14T12:45:00,Siège Est,54.8
2026-06-14T12:45:00,Usine Nord,528.7
2026-06-14T13:00:00,Atelier Sud,26.8
2026-06-14T13:00:00,Siège Est,50.5
2026-06-14T13:00:00,Usine Nord,500.8
2026-06-14T13:15:00,Atelier Sud,29.0
2026-06-14T13:15:00,Siège Est,76.0
2026-06-14T13:15:00,Usine Nord,537.0
2026-06-14T13:30:00,Atelier Sud,56.1
2026-06-14T13:30:00,Siège Est,74.9
2026-06-14T13:30:00,Usine Nord,463.8
2026-06-14T13:45:00,Atelier Sud,74.0
2026-06-14T13:45:00,Siège Est,64.7
2026-06-14T13:45:00,Usine Nord,496.3
2026-06-14T14:00:00,Atelier Sud,17.2
2026-06-14T14:00:00,Siège Est,71.1
2026-06-14T14:00:00,Usine Nord,530.3
2026-06-14T14:15:00,Atelier Sud,83.1
2026-06-14T14:15:00,Siège Est,70.4
2026-06-14T14:15:00,Usine Nord,556.5
2026-06-14T14:30:00,Atelier Sud,15.0
2026-06-14T14:30:00,Siège Est,79.7
2026-06-14T14:30:00,Usine Nord,497.2
2026-06-14T14:45:00,Atelier Sud,15.0
2026-06-14T14:45:00,Siège Est,82.4
2026-06-14T14:45:00,Usine Nord,492.2
2026-06-14T15:00:00,Atelier Sud,40.1
2026-06-14T15:00:00,Siège Est,50.2
2026-06-14T15:00:00,Usine Nord,522.0
2026-06-14T15:15:00,Atelier Sud,15.0
2026-06-14T15:15:00,Siège Est,63.4
2026-06-14T15:15:00,Usine Nord,525.5
2026-06-14T15:30:00,Atelier Sud,15.0
2026-06-14T15:30:00,Siège Est,81.0
2026-06-14T15:30:00,Usine Nord,506.6
2026-06-14T15:45:00,Atelier Sud,59.8
2026-06-14T15:45:00,Siège Est,77.7
2026-06-14T15:45:00,Usine Nord,506.0
2026-06-14T16:00:00,Atelier Sud,54.7
2026-06-14T16:00:00,Siège Est,67.1
2026-06-14T16:00:00,Usine Nord,557.7
2026-06-14T16:15:00,Atelier Sud,28.8
2026-06-14T16:15:00,Siège Est,70.9
2026-06-14T16:15:00,Usine Nord,502.8
2026-06-14T16:30:00,Atelier Sud,68.6
2026-06-14T16:30:00,Siège Est,69.9
2026-06-14T16:30:00,Usine Nord,487.6
2026-06-14T16:45:00,Atelier Sud,43.1
2026-06-14T16:45:00,Siège Est,65.8
2026-06-14T16:45:00,Usine Nord,514.2
2026-06-14T17:00:00,Atelier Sud,37.3
2026-06-14T17:00:00,Siège Est,65.6
2026-06-14T17:00:00,Usine Nord,552.0
2026-06-14T17:15:00,Atelier Sud,40.4
2026-06-14T17:15:00,Siège Est,62.1
2026-06-14T17:15:00,Usine Nord,538.5
2026-06-14T17:30:00,Atelier Sud,64.5
2026-06-14T17:30:00,Siège Est,60.0
2026-06-14T17:30:00,Usine Nord,522.4
2026-06-14T17:45:00,Atelier Sud,56.2
2026-06-14T17:45:00,Siège Est,70.1
2026-06-14T17:45:00,Usine Nord,494.7
2026-06-14T18:00:00,Atelier Sud,87.9
2026-06-14T18:00:00,Siège Est,67.7
2026-06-14T18:00:00,Usine Nord,521.2
2026-06-14T18:15:00,Atelier Sud,80.0
2026-06-14T18:15:00,Siège Est,79.0
2026-06-14T18:15:00,Usine Nord,586.4
2026-06-14T18:30:00,Atelier Sud,55.7
2026-06-14T18:30:00,Siège Est,66.4
2026-06-14T18:30:00,Usine Nord,536.6
2026-06-14T18:45:00,Atelier Sud,65.1
2026-06-14T18:45:00,Siège Est,53.2
2026-06-14T18:45:00,Usine Nord,546.4
2026-06-14T19:00:00,Atelier Sud,54.5
2026-06-14T19:00:00,Siège Est,75.6
2026-06-14T19:00:00,Usine Nord,488.2
2026-06-14T19:15:00,Atelier Sud,78.3
2026-06-14T19:15:00,Siège Est,63.8
2026-06-14T19:15:00,Usine Nord,514.1
2026-06-14T19:30:00,Atelier Sud,78.1
2026-06-14T19:30:00,Siège Est,73.8
2026-06-14T19:30:00,Usine Nord,510.8
2026-06-14T19:45:00,Atelier Sud,68.9
2026-06-14T19:45:00,Siège Est,71.5
2026-06-14T19:45:00,Usine Nord,561.5
2026-06-14T20:00:00,Atelier Sud,71.6
2026-06-14T20:00:00,Siège Est,62.0
2026-06-14T20:00:00,Usine Nord,516.8
2026-06-14T20:15:00,Atelier Sud,76.9
2026-06-14T20:15:00,Siège Est,60.3
2026-06-14T20:15:00,Usine Nord,521.8
2026-06-14T20:30:00,Atelier Sud,73.2
2026-06-14T20:30:00,Siège Est,79.5
2026-06-14T20:30:00,Usine Nord,512.4
2026-06-14T20:45:00,Atelier Sud,89.8
2026-06-14T20:45:00,Siège Est,60.4
2026-06-14T20:45:00,Usine Nord,460.3
2026-06-14T21:00:00,Atelier Sud,70.3
2026-06-14T21:00:00,Siège Est,75.8
2026-06-14T21:00:00,Usine Nord,548.3
2026-06-14T21:15:00,Atelier Sud,84.9
2026-06-14T21:15:00,Siège Est,79.6
2026-06-14T21:15:00,Usine Nord,481.3
2026-06-14T21:30:00,Atelier Sud,97.5
2026-06-14T21:30:00,Siège Est,66.0
2026-06-14T21:30:00,Usine Nord,510.4
2026-06-14T21:45:00,Atelier Sud,54.0
2026-06-14T21:45:00,Siège Est,66.0
2026-06-14T21:45:00,Usine Nord,488.3
2026-06-14T22:00:00,Atelier Sud,59.7
2026-06-14T22:00:00,Siège Est,70.0
2026-06-14T22:00:00,Usine Nord,343.9
2026-06-14T22:15:00,Atelier Sud,52.1
2026-06-14T22:15:00,Siège Est,69.9
2026-06-14T22:15:00,Usine Nord,347.0
2026-06-14T22:30:00,Atelier Sud,63.5
2026-06-14T22:30:00,Siège Est,72.3
2026-06-14T22:30:00,Usine Nord,345.9
2026-06-14T22:45:00,Atelier Sud,70.0
2026-06-14T22:45:00,Siège Est,61.1
2026-06-14T22:45:00,Usine Nord,389.1
2026-06-14T23:00:00,Atelier Sud,76.3
2026-06-14T23:00:00,Siège Est,68.6
2026-06-14T23:00:00,Usine Nord,330.7
2026-06-14T23:15:00,Atelier Sud,47.5
2026-06-14T23:15:00,Siège Est,68.4
2026-06-14T23:15:00,Usine Nord,350.3
2026-06-14T23:30:00,Atelier Sud,70.1
2026-06-14T23:30:00,Siège Est,76.4
2026-06-14T23:30:00,Usine Nord,369.1
2026-06-14T23:45:00,Atelier Sud,66.0
2026-06-14T23:45:00,Siège Est,75.0
2026-06-14T23:45:00,Usine Nord,348.0
2026-06-15T00:00:00,Atelier Sud,86.1
2026-06-15T00:00:00,Siège Est,60.4
2026-06-15T00:00:00,Usine Nord,637.4
2026-06-15T00:15:00,Atelier Sud,56.6
2026-06-15T00:15:00,Siège Est,74.6
2026-06-15T00:15:00,Usine Nord,691.8
2026-06-15T00:30:00,Atelier Sud,75.5
2026-06-15T00:30:00,Siège Est,61.8
2026-06-15T00:30:00,Usine Nord,666.1
2026-06-15T00:45:00,Atelier Sud,90.8
2026-06-15T00:45:00,Siège Est,62.2
2026-06-15T00:45:00,Usine Nord,630.4
2026-06-15T01:00:00,Atelier Sud,77.9
2026-06-15T01:00:00,Siège Est,74.0
2026-06-15T01:00:00,Usine Nord,654.6
2026-06-15T01:15:00,Atelier Sud,76.1
2026-06-15T01:15:00,Siège Est,47.5
2026-06-15T01:15:00,Usine Nord,629.0
2026-06-15T01:30:00,Atelier Sud,53.4
2026-06-15T01:30:00,Siège Est,68.1
2026-06-15T01:30:00,Usine Nord,658.9
2026-06-15T01:45:00,Atelier Sud,56.9
2026-06-15T01:45:00,Siège Est,73.2
2026-06-15T01:45:00,Usine Nord,617.3
2026-06-15T02:00:00,Atelier Sud,47.5
2026-06-15T02:00:00,Siège Est,74.2
2026-06-15T02:00:00,Usine Nord,666.7
2026-06-15T02:15:00,Atelier Sud,92.0
2026-06-15T02:15:00,Siège Est,80.7
2026-06-15T02:15:00,Usine Nord,657.2
2026-06-15T02:30:00,Atelier Sud,72.6
2026-06-15T02:30:00,Siège Est,76.0
2026-06-15T02:30:00,Usine Nord,656.4
2026-06-15T02:45:00,Atelier Sud,76.7
2026-06-15T02:45:00,Siège Est,71.6
2026-06-15T02:45:00,Usine Nord,648.8
2026-06-15T03:00:00,Atelier Sud,77.0
2026-06-15T03:00:00,Siège Est,75.1
2026-06-15T03:00:00,Usine Nord,653.8
2026-06-15T03:15:00,Atelier Sud,92.9
2026-06-15T03:15:00,Siège Est,70.9
2026-06-15T03:15:00,Usine Nord,629.7
2026-06-15T03:30:00,Atelier Sud,66.6
2026-06-15T03:30:00,Siège Est,69.0
2026-06-15T03:30:00,Usine Nord,650.2
2026-06-15T03:45:00,Atelier Sud,78.2
2026-06-15T03:45:00,Siège Est,73.6
2026-06-15T03:45:00,Usine Nord,662.0
2026-06-15T04:00:00,Atelier Sud,57.0
2026-06-15T04:00:00,Siège Est,78.0
2026-06-15T04:00:00,Usine Nord,658.5
2026-06-15T04:15:00,Atelier Sud,90.8
2026-06-15T04:15:00,Siège Est,89.0
2026-06-15T04:15:00,Usine Nord,628.2
2026-06-15T04:30:00,Atelier Sud,65.7
2026-06-15T04:30:00,Siège Est,78.9
2026-06-15T04:30:00,Usine Nord,661.4
2026-06-15T04:45:00,Atelier Sud,53.7
2026-06-15T04:45:00,Siège Est,78.1
2026-06-15T04:45:00,Usine Nord,622.3
2026-06-15T05:00:00,Atelier Sud,63.4
2026-06-15T05:00:00,Siège Est,70.8
2026-06-15T05:00:00,Usine Nord,632.7
2026-06-15T05:15:00,Atelier Sud,39.5
2026-06-15T05:15:00,Siège Est,67.5
2026-06-15T05:15:00,Usine Nord,629.9
2026-06-15T05:30:00,Atelier Sud,56.0
2026-06-15T05:30:00,Siège Est,63.6
2026-06-15T05:30:00,Usine Nord,635.3
2026-06-15T05:45:00,Atelier Sud,67.6
2026-06-15T05:45:00,Siège Est,70.3
2026-06-15T05:45:00,Usine Nord,646.0
2026-06-15T06:00:00,Atelier Sud,63.8
2026-06-15T06:00:00,Siège Est,80.9
2026-06-15T06:00:00,Usine Nord,965.3
2026-06-15T06:15:00,Atelier Sud,92.3
2026-06-15T06:15:00,Siège Est,81.7
2026-06-15T06:15:00,Usine Nord,973.9
2026-06-15T06:30:00,Atelier Sud,112.2
2026-06-15T06:30:00,Siège Est,73.2
2026-06-15T06:30:00,Usine Nord,960.3
2026-06-15T06:45:00,Atelier Sud,126.9
2026-06-15T06:45:00,Siège Est,63.1
2026-06-15T06:45:00,Usine Nord,934.0
2026-06-15T07:00:00,Atelier Sud,177.3
2026-06-15T07:00:00,Siège Est,76.0
2026-06-15T07:00:00,Usine Nord,966.9
2026-06-15T07:15:00,Atelier Sud,157.2
2026-06-15T07:15:00,Siège Est,75.9
2026-06-15T07:15:00,Usine Nord,972.1
2026-06-15T07:30:00,Atelier Sud,186.9
2026-06-15T07:30:00,Siège Est,72.5
2026-06-15T07:30:00,Usine Nord,933.5
2026-06-15T07:45:00,Atelier Sud,202.8
2026-06-15T07:45:00,Siège Est,82.0
2026-06-15T07:45:00,Usine Nord,924.0
2026-06-15T08:00:00,Atelier Sud,223.4
2026-06-15T08:00:00,Siège Est,262.1
2026-06-15T08:00:00,Usine Nord,946.9
2026-06-15T08:15:00,Atelier Sud,232.2
2026-06-15T08:15:00,Siège Est,263.2
2026-06-15T08:15:00,Usine Nord,993.1
2026-06-15T08:30:00,Atelier Sud,252.3
2026-06-15T08:30:00,Siège Est,256.3
2026-06-15T08:30:00,Usine Nord,943.6
2026-06-15T08:45:00,Atelier Sud,261.7
2026-06-15T08:45:00,Siège Est,270.1
2026-06-15T08:45:00,Usine Nord,946.4
2026-06-15T09:00:00,Atelier Sud,307.8
2026-06-15T09:00:00,Siège Est,250.9
2026-06-15T09:00:00,Usine Nord,965.9
2026-06-15T09:15:00,Atelier Sud,316.9
2026-06-15T09:15:00,Siège Est,250.4
2026-06-15T09:15:00,Usine Nord,924.2
2026-06-15T09:30:00,Atelier Sud,296.4
2026-06-15T09:30:00,Siège Est,251.0
2026-06-15T09:30:00,Usine Nord,926.3
2026-06-15T09:45:00,Atelier Sud,298.7
2026-06-15T09:45:00,Siège Est,240.7
2026-06-15T09:45:00,Usine Nord,947.6
2026-06-15T10:00:00,Atelier Sud,341.5
2026-06-15T10:00:00,Siège Est,253.7
2026-06-15T10:00:00,Usine Nord,968.9
2026-06-15T10:15:00,Atelier Sud,356.3
2026-06-15T10:15:00,Siège Est,256.9
2026-06-15T10:15:00,Usine Nord,943.4
2026-06-15T10:30:00,Atelier Sud,300.8
2026-06-15T10:30:00,Siège Est,247.2
2026-06-15T10:30:00,Usine Nord,935.9
2026-06-15T10:45:00,Atelier Sud,354.7
2026-06-15T10:45:00,Siège Est,246.5
2026-06-15T10:45:00,Usine Nord,913.2
2026-06-15T11:00:00,Atelier Sud,303.4
2026-06-15T11:00:00,Siège Est,230.2
2026-06-15T11:00:00,Usine Nord,985.3
2026-06-15T11:15:00,Atelier Sud,293.1
2026-06-15T11:15:00,Siège Est,266.7
2026-06-15T11:15:00,Usine Nord,922.3
2026-06-15T11:30:00,Atelier Sud,330.2
2026-06-15T11:30:00,Siège Est,244.7
2026-06-15T11:30:00,Usine Nord,979.2
2026-06-15T11:45:00,Atelier Sud,318.5
2026-06-15T11:45:00,Siège Est,252.7
2026-06-15T11:45:00,Usine Nord,934.4
2026-06-15T12:00:00,Atelier Sud,278.5
2026-06-15T12:00:00,Siège Est,260.5
2026-06-15T12:00:00,Usine Nord,975.5
2026-06-15T12:15:00,Atelier Sud,294.0
2026-06-15T12:15:00,Siège Est,248.9
2026-06-15T12:15:00,Usine Nord,987.9
2026-06-15T12:30:00,Atelier Sud,332.7
2026-06-15T12:30:00,Siège Est,258.0
2026-06-15T12:30:00,Usine Nord,930.8
2026-06-15T12:45:00,Atelier Sud,362.4
2026-06-15T12:45:00,Siège Est,257.2
2026-06-15T12:45:00,Usine Nord,963.0
2026-06-15T13:00:00,Atelier Sud,270.2
2026-06-15T13:00:00,Siège Est,247.7
2026-06-15T13:00:00,Usine Nord,966.4
2026-06-15T13:15:00,Atelier Sud,334.8
2026-06-15T13:15:00,Siège Est,259.3
2026-06-15T13:15:00,Usine Nord,977.9
2026-06-15T13:30:00,Atelier Sud,333.8
2026-06-15T13:30:00,Siège Est,262.7
2026-06-15T13:30:00,Usine Nord,943.3
2026-06-15T13:45:00,Atelier Sud,336.2
2026-06-15T13:45:00,Siège Est,252.9
2026-06-15T13:45:00,Usine Nord,977.5
2026-06-15T14:00:00,Atelier Sud,302.0
2026-06-15T14:00:00,Siège Est,258.5
2026-06-15T14:00:00,Usine Nord,952.5
2026-06-15T14:15:00,Atelier Sud,276.2
2026-06-15T14:15:00,Siège Est,255.3
2026-06-15T14:15:00,Usine Nord,927.9
2026-06-15T14:30:00,Atelier Sud,282.9
2026-06-15T14:30:00,Siège Est,260.7
2026-06-15T14:30:00,Usine Nord,972.4
2026-06-15T14:45:00,Atelier Sud,242.3
2026-06-15T14:45:00,Siège Est,252.3
2026-06-15T14:45:00,Usine Nord,978.1
2026-06-15T15:00:00,Atelier Sud,273.0
2026-06-15T15:00:00,Siège Est,247.7
2026-06-15T15:00:00,Usine Nord,949.9
2026-06-15T15:15:00,Atelier Sud,230.6
2026-06-15T15:15:00,Siège Est,242.2
2026-06-15T15:15:00,Usine Nord,947.4
2026-06-15T15:30:00,Atelier Sud,224.1
2026-06-15T15:30:00,Siège Est,248.8
2026-06-15T15:30:00,Usine Nord,967.3
2026-06-15T15:45:00,Atelier Sud,208.4
2026-06-15T15:45:00,Siège Est,262.0
2026-06-15T15:45:00,Usine Nord,987.5
2026-06-15T16:00:00,Atelier Sud,168.3
2026-06-15T16:00:00,Siège Est,259.9
2026-06-15T16:00:00,Usine Nord,922.7
2026-06-15T16:15:00,Atelier Sud,174.7
2026-06-15T16:15:00,Siège Est,246.3
2026-06-15T16:15:00,Usine Nord,973.7
2026-06-15T16:30:00,Atelier Sud,150.9
2026-06-15T16:30:00,Siège Est,252.2
2026-06-15T16:30:00,Usine Nord,995.0
2026-06-15T16:45:00,Atelier Sud,181.5
2026-06-15T16:45:00,Siège Est,241.4
2026-06-15T16:45:00,Usine Nord,930.7
2026-06-15T17:00:00,Atelier Sud,150.6
2026-06-15T17:00:00,Siège Est,245.5
2026-06-15T17:00:00,Usine Nord,962.9
2026-06-15T17:15:00,Atelier Sud,147.3
2026-06-15T17:15:00,Siège Est,242.3
2026-06-15T17:15:00,Usine Nord,951.5
2026-06-15T17:30:00,Atelier Sud,100.3
2026-06-15T17:30:00,Siège Est,234.7
2026-06-15T17:30:00,Usine Nord,958.0
2026-06-15T17:45:00,Atelier Sud,87.4
2026-06-15T17:45:00,Siège Est,239.5
2026-06-15T17:45:00,Usine Nord,977.8
2026-06-15T18:00:00,Atelier Sud,63.2
2026-06-15T18:00:00,Siège Est,241.0
2026-06-15T18:00:00,Usine Nord,914.8
2026-06-15T18:15:00,Atelier Sud,40.5
2026-06-15T18:15:00,Siège Est,242.8
2026-06-15T18:15:00,Usine Nord,938.9
2026-06-15T18:30:00,Atelier Sud,64.8
2026-06-15T18:30:00,Siège Est,257.0
2026-06-15T18:30:00,Usine Nord,919.6
2026-06-15T18:45:00,Atelier Sud,72.4
2026-06-15T18:45:00,Siège Est,248.6
2026-06-15T18:45:00,Usine Nord,943.1
2026-06-15T19:00:00,Atelier Sud,61.9
2026-06-15T19:00:00,Siège Est,66.2
2026-06-15T19:00:00,Usine Nord,991.5
2026-06-15T19:15:00,Atelier Sud,60.4
2026-06-15T19:15:00,Siège Est,79.3
2026-06-15T19:15:00,Usine Nord,926.9
2026-06-15T19:30:00,Atelier Sud,60.9
2026-06-15T19:30:00,Siège Est,73.5
2026-06-15T19:30:00,Usine Nord,939.7
2026-06-15T19:45:00,Atelier Sud,56.9
2026-06-15T19:45:00,Siège Est,58.9
2026-06-15T19:45:00,Usine Nord,936.6
2026-06-15T20:00:00,Atelier Sud,63.1
2026-06-15T20:00:00,Siège Est,80.7
2026-06-15T20:00:00,Usine Nord,959.0
2026-06-15T20:15:00,Atelier Sud,49.1
2026-06-15T20:15:00,Siège Est,71.3
2026-06-15T20:15:00,Usine Nord,943.1
2026-06-15T20:30:00,Atelier Sud,72.7
2026-06-15T20:30:00,Siège Est,73.1
2026-06-15T20:30:00,Usine Nord,932.8
2026-06-15T20:45:00,Atelier Sud,34.7
2026-06-15T20:45:00,Siège Est,71.5
2026-06-15T20:45:00,Usine Nord,933.1
2026-06-15T21:00:00,Atelier Sud,43.9
2026-06-15T21:00:00,Siège Est,68.4
2026-06-15T21:00:00,Usine Nord,946.5
2026-06-15T21:15:00,Atelier Sud,65.8
2026-06-15T21:15:00,Siège Est,75.7
2026-06-15T21:15:00,Usine Nord,922.9
2026-06-15T21:30:00,Atelier Sud,75.7
2026-06-15T21:30:00,Siège Est,72.7
2026-06-15T21:30:00,Usine Nord,896.8
2026-06-15T21:45:00,Atelier Sud,65.4
2026-06-15T21:45:00,Siège Est,59.6
2026-06-15T21:45:00,Usine Nord,975.9
2026-06-15T22:00:00,Atelier Sud,49.5
2026-06-15T22:00:00,Siège Est,80.3
2026-06-15T22:00:00,Usine Nord,651.3
2026-06-15T22:15:00,Atelier Sud,66.3
2026-06-15T22:15:00,Siège Est,77.2
2026-06-15T22:15:00,Usine Nord,635.2
2026-06-15T22:30:00,Atelier Sud,49.7
2026-06-15T22:30:00,Siège Est,59.4
2026-06-15T22:30:00,Usine Nord,644.9
2026-06-15T22:45:00,Atelier Sud,75.1
2026-06-15T22:45:00,Siège Est,73.7
2026-06-15T22:45:00,Usine Nord,664.6
2026-06-15T23:00:00,Atelier Sud,92.5
2026-06-15T23:00:00,Siège Est,63.6
2026-06-15T23:00:00,Usine Nord,629.4
2026-06-15T23:15:00,Atelier Sud,74.5
2026-06-15T23:15:00,Siège Est,79.9
2026-06-15T23:15:00,Usine Nord,649.1
2026-06-15T23:30:00,Atelier Sud,55.9
2026-06-15T23:30:00,Siège Est,60.4
2026-06-15T23:30:00,Usine Nord,636.6
2026-06-15T23:45:00,Atelier Sud,77.8
2026-06-15T23:45:00,Siège Est,83.8
2026-06-15T23:45:00,Usine Nord,675.6
2026-06-16T00:00:00,Atelier Sud,88.0
2026-06-16T00:00:00,Siège Est,63.9
2026-06-16T00:00:00,Usine Nord,594.6
2026-06-16T00:15:00,Atelier Sud,55.3
2026-06-16T00:15:00,Siège Est,78.9
2026-06-16T00:15:00,Usine Nord,617.4
2026-06-16T00:30:00,Atelier Sud,80.8
2026-06-16T00:30:00,Siège Est,82.4
2026-06-16T00:30:00,Usine Nord,679.6
2026-06-16T00:45:00,Atelier Sud,64.4
2026-06-16T00:45:00,Siège Est,91.4
2026-06-16T00:45:00,Usine Nord,622.0
2026-06-16T01:00:00,Atelier Sud,75.7
2026-06-16T01:00:00,Siège Est,76.3
2026-06-16T01:00:00,Usine Nord,630.9
2026-06-16T01:15:00,Atelier Sud,79.5
2026-06-16T01:15:00,Siège Est,75.4
2026-06-16T01:15:00,Usine Nord,621.4
2026-06-16T01:30:00,Atelier Sud,57.1
2026-06-16T01:30:00,Siège Est,78.5
2026-06-16T01:30:00,Usine Nord,596.8
2026-06-16T01:45:00,Atelier Sud,51.3
2026-06-16T01:45:00,Siège Est,85.2
2026-06-16T01:45:00,Usine Nord,646.2
2026-06-16T02:00:00,Atelier Sud,103.4
2026-06-16T02:00:00,Siège Est,76.4
2026-06-16T02:00:00,Usine Nord,663.4
2026-06-16T02:15:00,Atelier Sud,93.0
2026-06-16T02:15:00,Siège Est,79.7
2026-06-16T02:15:00,Usine Nord,655.2
2026-06-16T02:30:00,Atelier Sud,90.6
2026-06-16T02:30:00,Siège Est,97.4
2026-06-16T02:30:00,Usine Nord,620.9
2026-06-16T02:45:00,Atelier Sud,76.6
2026-06-16T02:45:00,Siège Est,84.7
2026-06-16T02:45:00,Usine Nord,636.5
2026-06-16T03:00:00,Atelier Sud,74.4
2026-06-16T03:00:00,Siège Est,75.0
2026-06-16T03:00:00,Usine Nord,684.7
2026-06-16T03:15:00,Atelier Sud,78.8
2026-06-16T03:15:00,Siège Est,86.2
2026-06-16T03:15:00,Usine Nord,644.1
2026-06-16T03:30:00,Atelier Sud,66.1
2026-06-16T03:30:00,Siège Est,78.7
2026-06-16T03:30:00,Usine Nord,627.7
2026-06-16T03:45:00,Atelier Sud,69.5
2026-06-16T03:45:00,Siège Est,77.5
2026-06-16T03:45:00,Usine Nord,667.9
2026-06-16T04:00:00,Atelier Sud,77.6
2026-06-16T04:00:00,Siège Est,77.3
2026-06-16T04:00:00,Usine Nord,641.7
2026-06-16T04:15:00,Atelier Sud,78.1
2026-06-16T04:15:00,Siège Est,61.2
2026-06-16T04:15:00,Usine Nord,606.8
2026-06-16T04:30:00,Atelier Sud,67.8
2026-06-16T04:30:00,Siège Est,75.9
2026-06-16T04:30:00,Usine Nord,629.3
2026-06-16T04:45:00,Atelier Sud,64.1
2026-06-16T04:45:00,Siège Est,75.2
2026-06-16T04:45:00,Usine Nord,668.5
2026-06-16T05:00:00,Atelier Sud,92.1
2026-06-16T05:00:00,Siège Est,85.5
2026-06-16T05:00:00,Usine Nord,644.5
2026-06-16T05:15:00,Atelier Sud,66.5
2026-06-16T05:15:00,Siège Est,86.6
2026-06-16T05:15:00,Usine Nord,646.1
2026-06-16T05:30:00,Atelier Sud,60.4
2026-06-16T05:30:00,Siège Est,60.7
2026-06-16T05:30:00,Usine Nord,662.4
2026-06-16T05:45:00,Atelier Sud,72.0
2026-06-16T05:45:00,Siège Est,69.8
2026-06-16T05:45:00,Usine Nord,631.0
2026-06-16T06:00:00,Atelier Sud,63.8
2026-06-16T06:00:00,Siège Est,69.5
2026-06-16T06:00:00,Usine Nord,916.6
2026-06-16T06:15:00,Atelier Sud,69.4
2026-06-16T06:15:00,Siège Est,76.4
2026-06-16T06:15:00,Usine Nord,949.4
2026-06-16T06:30:00,Atelier Sud,99.1
2026-06-16T06:30:00,Siège Est,71.4
2026-06-16T06:30:00,Usine Nord,935.8
2026-06-16T06:45:00,Atelier Sud,103.4
2026-06-16T06:45:00,Siège Est,81.5
2026-06-16T06:45:00,Usine Nord,949.5
2026-06-16T07:00:00,Atelier Sud,139.4
2026-06-16T07:00:00,Siège Est,55.7
2026-06-16T07:00:00,Usine Nord,933.6
2026-06-16T07:15:00,Atelier Sud,194.3
2026-06-16T07:15:00,Siège Est,78.8
2026-06-16T07:15:00,Usine Nord,933.1
2026-06-16T07:30:00,Atelier Sud,189.4
2026-06-16T07:30:00,Siège Est,77.9
2026-06-16T07:30:00,Usine Nord,918.4
2026-06-16T07:45:00,Atelier Sud,168.1
2026-06-16T07:45:00,Siège Est,77.4
2026-06-16T07:45:00,Usine Nord,956.1
2026-06-16T08:00:00,Atelier Sud,222.1
2026-06-16T08:00:00,Siège Est,262.5
2026-06-16T08:00:00,Usine Nord,992.7
2026-06-16T08:15:00,Atelier Sud,253.1
2026-06-16T08:15:00,Siège Est,240.5
2026-06-16T08:15:00,Usine Nord,922.5
2026-06-16T08:30:00,Atelier Sud,208.4
2026-06-16T08:30:00,Siège Est,241.7
2026-06-16T08:30:00,Usine Nord,975.4
2026-06-16T08:45:00,Atelier Sud,282.3
2026-06-16T08:45:00,Siège Est,249.1
2026-06-16T08:45:00,Usine Nord,964.9
2026-06-16T09:00:00,Atelier Sud,277.1
2026-06-16T09:00:00,Siège Est,257.3
2026-06-16T09:00:00,Usine Nord,935.5
2026-06-16T09:15:00,Atelier Sud,265.8
2026-06-16T09:15:00,Siège Est,258.3
2026-06-16T09:15:00,Usine Nord,927.4
2026-06-16T09:30:00,Atelier Sud,310.9
2026-06-16T09:30:00,Siège Est,245.0
2026-06-16T09:30:00,Usine Nord,961.8
2026-06-16T09:45:00,Atelier Sud,319.3
2026-06-16T09:45:00,Siège Est,251.6
2026-06-16T09:45:00,Usine Nord,942.1
2026-06-16T10:00:00,Atelier Sud,309.0
2026-06-16T10:00:00,Siège Est,250.4
2026-06-16T10:00:00,Usine Nord,943.6
2026-06-16T10:15:00,Atelier Sud,272.3
2026-06-16T10:15:00,Siège Est,238.4
2026-06-16T10:15:00,Usine Nord,939.8
2026-06-16T10:30:00,Atelier Sud,313.5
2026-06-16T10:30:00,Siège Est,263.6
2026-06-16T10:30:00,Usine Nord,992.2
2026-06-16T10:45:00,Atelier Sud,374.6
2026-06-16T10:45:00,Siège Est,259.9
2026-06-16T10:45:00,Usine Nord,914.2
2026-06-16T11:00:00,Atelier Sud,350.9
2026-06-16T11:00:00,Siège Est,260.0
2026-06-16T11:00:00,Usine Nord,959.6
2026-06-16T11:15:00,Atelier Sud,317.6
2026-06-16T11:15:00,Siège Est,240.5
2026-06-16T11:15:00,Usine Nord,991.9
2026-06-16T11:30:00,Atelier Sud,274.5
2026-06-16T11:30:00,Siège Est,250.4
2026-06-16T11:30:00,Usine Nord,953.6
2026-06-16T11:45:00,Atelier Sud,285.5
2026-06-16T11:45:00,Siège Est,247.7
2026-06-16T11:45:00,Usine Nord,997.5
2026-06-16T12:00:00,Atelier Sud,299.3
2026-06-16T12:00:00,Siège Est,257.3
2026-06-16T12:00:00,Usine Nord,950.1
2026-06-16T12:15:00,Atelier Sud,307.4
2026-06-16T12:15:00,Siège Est,236.6
2026-06-16T12:15:00,Usine Nord,953.8
2026-06-16T12:30:00,Atelier Sud,322.5
2026-06-16T12:30:00,Siège Est,257.1
2026-06-16T12:30:00,Usine Nord,967.4
2026-06-16T12:45:00,Atelier Sud,346.5
2026-06-16T12:45:00,Siège Est,251.8
2026-06-16T12:45:00,Usine Nord,934.1
2026-06-16T13:00:00,Atelier Sud,296.3
2026-06-16T13:00:00,Siège Est,262.0
2026-06-16T13:00:00,Usine Nord,950.8
2026-06-16T13:15:00,Atelier Sud,322.4
2026-06-16T13:15:00,Siège Est,246.9
2026-06-16T13:15:00,Usine Nord,962.9
2026-06-16T13:30:00,Atelier Sud,332.7
2026-06-16T13:30:00,Siège Est,254.2
2026-06-16T13:30:00,Usine Nord,935.4
2026-06-16T13:45:00,Atelier Sud,298.8
2026-06-16T13:45:00,Siège Est,247.2
2026-06-16T13:45:00,Usine Nord,960.5
2026-06-16T14:00:00,Atelier Sud,302.2
2026-06-16T14:00:00,Siège Est,235.1
2026-06-16T14:00:00,Usine Nord,974.4
2026-06-16T14:15:00,Atelier Sud,328.0
2026-06-16T14:15:00,Siège Est,246.6
2026-06-16T14:15:00,Usine Nord,924.4
2026-06-16T14:30:00,Atelier Sud,272.8
2026-06-16T14:30:00,Siège Est,257.5
2026-06-16T14:30:00,Usine Nord,947.5
2026-06-16T14:45:00,Atelier Sud,231.4
2026-06-16T14:45:00,Siège Est,260.1
2026-06-16T14:45:00,Usine Nord,959.1
2026-06-16T15:00:00,Atelier Sud,261.6
2026-06-16T15:00:00,Siège Est,247.9
2026-06-16T15:00:00,Usine Nord,934.3
2026-06-16T15:15:00,Atelier Sud,219.5
2026-06-16T15:15:00,Siège Est,248.0
2026-06-16T15:15:00,Usine Nord,972.7
2026-06-16T15:30:00,Atelier Sud,196.1
2026-06-16T15:30:00,Siège Est,249.6
2026-06-16T15:30:00,Usine Nord,977.6
2026-06-16T15:45:00,Atelier Sud,254.9
2026-06-16T15:45:00,Siège Est,252.5
2026-06-16T15:45:00,Usine Nord,937.9
2026-06-16T16:00:00,Atelier Sud,159.1
2026-06-16T16:00:00,Siège Est,250.6
2026-06-16T16:00:00,Usine Nord,955.8
2026-06-16T16:15:00,Atelier Sud,189.1
2026-06-16T16:15:00,Siège Est,247.5
2026-06-16T16:15:00,Usine Nord,936.4
2026-06-16T16:30:00,Atelier Sud,181.7
2026-06-16T16:30:00,Siège Est,254.5
2026-06-16T16:30:00,Usine Nord,947.7
2026-06-16T16:45:00,Atelier Sud,192.3
2026-06-16T16:45:00,Siège Est,273.2
2026-06-16T16:45:00,Usine Nord,960.8
2026-06-16T17:00:00,Atelier Sud,133.7
2026-06-16T17:00:00,Siège Est,254.1
2026-06-16T17:00:00,Usine Nord,947.0
2026-06-16T17:15:00,Atelier Sud,128.6
2026-06-16T17:15:00,Siège Est,261.8
2026-06-16T17:15:00,Usine Nord,954.3
2026-06-16T17:30:00,Atelier Sud,84.7
2026-06-16T17:30:00,Siège Est,234.8
2026-06-16T17:30:00,Usine Nord,940.6
2026-06-16T17:45:00,Atelier Sud,93.1
2026-06-16T17:45:00,Siège Est,254.9
2026-06-16T17:45:00,Usine Nord,976.9
2026-06-16T18:00:00,Atelier Sud,89.7
2026-06-16T18:00:00,Siège Est,244.8
2026-06-16T18:00:00,Usine Nord,971.2
2026-06-16T18:15:00,Atelier Sud,61.6
2026-06-16T18:15:00,Siège Est,266.8
2026-06-16T18:15:00,Usine Nord,936.8
2026-06-16T18:30:00,Atelier Sud,74.3
2026-06-16T18:30:00,Siège Est,258.8
2026-06-16T18:30:00,Usine Nord,962.9
2026-06-16T18:45:00,Atelier Sud,83.7
2026-06-16T18:45:00,Siège Est,262.5
2026-06-16T18:45:00,Usine Nord,1009.0
2026-06-16T19:00:00,Atelier Sud,58.4
2026-06-16T19:00:00,Siège Est,73.3
2026-06-16T19:00:00,Usine Nord,940.4
2026-06-16T19:15:00,Atelier Sud,55.3
2026-06-16T19:15:00,Siège Est,77.8
2026-06-16T19:15:00,Usine Nord,981.3
2026-06-16T19:30:00,Atelier Sud,48.6
2026-06-16T19:30:00,Siège Est,57.7
2026-06-16T19:30:00,Usine Nord,1009.9
2026-06-16T19:45:00,Atelier Sud,69.0
2026-06-16T19:45:00,Siège Est,73.8
2026-06-16T19:45:00,Usine Nord,946.2
2026-06-16T20:00:00,Atelier Sud,55.0
2026-06-16T20:00:00,Siège Est,62.8
2026-06-16T20:00:00,Usine Nord,968.6
2026-06-16T20:15:00,Atelier Sud,93.7
2026-06-16T20:15:00,Siège Est,80.5
2026-06-16T20:15:00,Usine Nord,902.3
2026-06-16T20:30:00,Atelier Sud,69.8
2026-06-16T20:30:00,Siège Est,71.6
2026-06-16T20:30:00,Usine Nord,981.3
2026-06-16T20:45:00,Atelier Sud,85.4
2026-06-16T20:45:00,Siège Est,54.1
2026-06-16T20:45:00,Usine Nord,965.2
2026-06-16T21:00:00,Atelier Sud,70.4
2026-06-16T21:00:00,Siège Est,50.0
2026-06-16T21:00:00,Usine Nord,969.5
2026-06-16T21:15:00,Atelier Sud,100.0
2026-06-16T21:15:00,Siège Est,63.3
2026-06-16T21:15:00,Usine Nord,955.2
2026-06-16T21:30:00,Atelier Sud,88.7
2026-06-16T21:30:00,Siège Est,77.9
2026-06-16T21:30:00,Usine Nord,972.4
2026-06-16T21:45:00,Atelier Sud,66.2
2026-06-16T21:45:00,Siège Est,77.5
2026-06-16T21:45:00,Usine Nord,975.7
2026-06-16T22:00:00,Atelier Sud,70.4
2026-06-16T22:00:00,Siège Est,59.0
2026-06-16T22:00:00,Usine Nord,665.1
2026-06-16T22:15:00,Atelier Sud,40.6
2026-06-16T22:15:00,Siège Est,66.6
2026-06-16T22:15:00,Usine Nord,643.3
2026-06-16T22:30:00,Atelier Sud,74.0
2026-06-16T22:30:00,Siège Est,85.0
2026-06-16T22:30:00,Usine Nord,645.8
2026-06-16T22:45:00,Atelier Sud,55.6
2026-06-16T22:45:00,Siège Est,75.1
2026-06-16T22:45:00,Usine Nord,650.3
2026-06-16T23:00:00,Atelier Sud,81.3
2026-06-16T23:00:00,Siège Est,78.0
2026-06-16T23:00:00,Usine Nord,644.6
2026-06-16T23:15:00,Atelier Sud,80.8
2026-06-16T23:15:00,Siège Est,78.4
2026-06-16T23:15:00,Usine Nord,631.0
2026-06-16T23:30:00,Atelier Sud,58.7
2026-06-16T23:30:00,Siège Est,83.3
2026-06-16T23:30:00,Usine Nord,621.3
2026-06-16T23:45:00,Atelier Sud,83.5
2026-06-16T23:45:00,Siège Est,82.4
2026-06-16T23:45:00,Usine Nord,647.2
2026-06-17T00:00:00,Atelier Sud,53.4
2026-06-17T00:00:00,Siège Est,98.1
2026-06-17T00:00:00,Usine Nord,629.1
2026-06-17T00:15:00,Atelier Sud,57.1
2026-06-17T00:15:00,Siège Est,66.7
2026-06-17T00:15:00,Usine Nord,641.3
2026-06-17T00:30:00,Atelier Sud,42.5
2026-06-17T00:30:00,Siège Est,71.6
2026-06-17T00:30:00,Usine Nord,621.1
2026-06-17T00:45:00,Atelier Sud,60.5
2026-06-17T00:45:00,Siège Est,75.2
2026-06-17T00:45:00,Usine Nord,619.2
2026-06-17T01:00:00,Atelier Sud,59.4
2026-06-17T01:00:00,Siège Est,68.8
2026-06-17T01:00:00,Usine Nord,640.1
2026-06-17T01:15:00,Atelier Sud,77.4
2026-06-17T01:15:00,Siège Est,77.3
2026-06-17T01:15:00,Usine Nord,644.2
2026-06-17T01:30:00,Atelier Sud,81.5
2026-06-17T01:30:00,Siège Est,69.1
2026-06-17T01:30:00,Usine Nord,697.4
2026-06-17T01:45:00,Atelier Sud,65.0
2026-06-17T01:45:00,Siège Est,92.8
2026-06-17T01:45:00,Usine Nord,647.6
2026-06-17T02:00:00,Atelier Sud,83.9
2026-06-17T02:00:00,Siège Est,78.0
2026-06-17T02:00:00,Usine Nord,672.6
2026-06-17T02:15:00,Atelier Sud,87.3
2026-06-17T02:15:00,Siège Est,73.1
2026-06-17T02:15:00,Usine Nord,660.4
2026-06-17T02:30:00,Atelier Sud,38.5
2026-06-17T02:30:00,Siège Est,79.6
2026-06-17T02:30:00,Usine Nord,656.1
2026-06-17T02:45:00,Atelier Sud,64.2
2026-06-17T02:45:00,Siège Est,61.6
2026-06-17T02:45:00,Usine Nord,642.8
2026-06-17T03:00:00,Atelier Sud,66.1
2026-06-17T03:00:00,Siège Est,78.8
2026-06-17T03:00:00,Usine Nord,663.6
2026-06-17T03:15:00,Atelier Sud,94.1
2026-06-17T03:15:00,Siège Est,80.7
2026-06-17T03:15:00,Usine Nord,661.1
2026-06-17T03:30:00,Atelier Sud,80.0
2026-06-17T03:30:00,Siège Est,73.2
2026-06-17T03:30:00,Usine Nord,618.4
2026-06-17T03:45:00,Atelier Sud,73.8
2026-06-17T03:45:00,Siège Est,54.9
2026-06-17T03:45:00,Usine Nord,664.2
2026-06-17T04:00:00,Atelier Sud,60.6
2026-06-17T04:00:00,Siège Est,75.3
2026-06-17T04:00:00,Usine Nord,644.9
2026-06-17T04:15:00,Atelier Sud,76.7
2026-06-17T04:15:00,Siège Est,71.4
2026-06-17T04:15:00,Usine Nord,614.1
2026-06-17T04:30:00,Atelier Sud,88.0
2026-06-17T04:30:00,Siège Est,73.0
2026-06-17T04:30:00,Usine Nord,632.2
2026-06-17T04:45:00,Atelier Sud,68.0
2026-06-17T04:45:00,Siège Est,82.4
2026-06-17T04:45:00,Usine Nord,665.0
2026-06-17T05:00:00,Atelier Sud,55.1
2026-06-17T05:00:00,Siège Est,72.7
2026-06-17T05:00:00,Usine Nord,670.1
2026-06-17T05:15:00,Atelier Sud,83.4
2026-06-17T05:15:00,Siège Est,98.9
2026-06-17T05:15:00,Usine Nord,646.8
2026-06-17T05:30:00,Atelier Sud,47.9
2026-06-17T05:30:00,Siège Est,80.2
2026-06-17T05:30:00,Usine Nord,676.3
2026-06-17T05:45:00,Atelier Sud,65.1
2026-06-17T05:45:00,Siège Est,81.1
2026-06-17T05:45:00,Usine Nord,666.9
2026-06-17T06:00:00,Atelier Sud,82.8
2026-06-17T06:00:00,Siège Est,79.3
2026-06-17T06:00:00,Usine Nord,916.8
2026-06-17T06:15:00,Atelier Sud,80.1
2026-06-17T06:15:00,Siège Est,92.9
2026-06-17T06:15:00,Usine Nord,926.7
2026-06-17T06:30:00,Atelier Sud,114.2
2026-06-17T06:30:00,Siège Est,71.5
2026-06-17T06:30:00,Usine Nord,958.6
2026-06-17T06:45:00,Atelier Sud,121.0
2026-06-17T06:45:00,Siège Est,64.9
2026-06-17T06:45:00,Usine Nord,931.1
2026-06-17T07:00:00,Atelier Sud,186.2
2026-06-17T07:00:00,Siège Est,78.1
2026-06-17T07:00:00,Usine Nord,937.1
2026-06-17T07:15:00,Atelier Sud,177.4
2026-06-17T07:15:00,Siège Est,77.6
2026-06-17T07:15:00,Usine Nord,957.5
2026-06-17T07:30:00,Atelier Sud,195.1
2026-06-17T07:30:00,Siège Est,62.7
2026-06-17T07:30:00,Usine Nord,944.5
2026-06-17T07:45:00,Atelier Sud,200.5
2026-06-17T07:45:00,Siège Est,89.1
2026-06-17T07:45:00,Usine Nord,935.5
2026-06-17T08:00:00,Atelier Sud,250.7
2026-06-17T08:00:00,Siège Est,273.5
2026-06-17T08:00:00,Usine Nord,919.8
2026-06-17T08:15:00,Atelier Sud,259.1
2026-06-17T08:15:00,Siège Est,257.0
2026-06-17T08:15:00,Usine Nord,996.3
2026-06-17T08:30:00,Atelier Sud,266.2
2026-06-17T08:30:00,Siège Est,260.5
2026-06-17T08:30:00,Usine Nord,920.0
2026-06-17T08:45:00,Atelier Sud,259.0
2026-06-17T08:45:00,Siège Est,244.0
2026-06-17T08:45:00,Usine Nord,941.3
2026-06-17T09:00:00,Atelier Sud,262.6
2026-06-17T09:00:00,Siège Est,240.6
2026-06-17T09:00:00,Usine Nord,975.0
2026-06-17T09:15:00,Atelier Sud,289.2
2026-06-17T09:15:00,Siège Est,249.2
2026-06-17T09:15:00,Usine Nord,948.6
2026-06-17T09:30:00,Atelier Sud,288.3
2026-06-17T09:30:00,Siège Est,260.3
2026-06-17T09:30:00,Usine Nord,929.7
2026-06-17T09:45:00,Atelier Sud,320.2
2026-06-17T09:45:00,Siège Est,242.5
2026-06-17T09:45:00,Usine Nord,925.5
2026-06-17T10:00:00,Atelier Sud,303.9
2026-06-17T10:00:00,Siège Est,248.0
2026-06-17T10:00:00,Usine Nord,976.4
2026-06-17T10:15:00,Atelier Sud,326.0
2026-06-17T10:15:00,Siège Est,262.1
2026-06-17T10:15:00,Usine Nord,968.0
2026-06-17T10:30:00,Atelier Sud,298.5
2026-06-17T10:30:00,Siège Est,250.0
2026-06-17T10:30:00,Usine Nord,907.4
2026-06-17T10:45:00,Atelier Sud,348.0
2026-06-17T10:45:00,Siège Est,255.5
2026-06-17T10:45:00,Usine Nord,920.0
2026-06-17T11:00:00,Atelier Sud,273.0
2026-06-17T11:00:00,Siège Est,243.0
2026-06-17T11:00:00,Usine Nord,964.9
2026-06-17T11:15:00,Atelier Sud,380.2
2026-06-17T11:15:00,Siège Est,262.6
2026-06-17T11:15:00,Usine Nord,986.7
2026-06-17T11:30:00,Atelier Sud,321.6
2026-06-17T11:30:00,Siège Est,259.2
2026-06-17T11:30:00,Usine Nord,938.6
2026-06-17T11:45:00,Atelier Sud,294.0
2026-06-17T11:45:00,Siège Est,249.6
2026-06-17T11:45:00,Usine Nord,971.9
2026-06-17T12:00:00,Atelier Sud,306.0
2026-06-17T12:00:00,Siège Est,242.7
2026-06-17T12:00:00,Usine Nord,915.1
2026-06-17T12:15:00,Atelier Sud,278.1
2026-06-17T12:15:00,Siège Est,254.8
2026-06-17T12:15:00,Usine Nord,913.5
2026-06-17T12:30:00,Atelier Sud,361.3
2026-06-17T12:30:00,Siège Est,251.1
2026-06-17T12:30:00,Usine Nord,922.8
2026-06-17T12:45:00,Atelier Sud,337.0
2026-06-17T12:45:00,Siège Est,252.9
2026-06-17T12:45:00,Usine Nord,961.8
2026-06-17T13:00:00,Atelier Sud,311.5
2026-06-17T13:00:00,Siège Est,260.0
2026-06-17T13:00:00,Usine Nord,955.2
2026-06-17T13:15:00,Atelier Sud,296.2
2026-06-17T13:15:00,Siège Est,256.4
2026-06-17T13:15:00,Usine Nord,966.7
2026-06-17T13:30:00,Atelier Sud,283.8
2026-06-17T13:30:00,Siège Est,250.1
2026-06-17T13:30:00,Usine Nord,911.3
2026-06-17T13:45:00,Atelier Sud,278.0
2026-06-17T13:45:00,Siège Est,246.7
2026-06-17T13:45:00,Usine Nord,987.8
2026-06-17T14:00:00,Atelier Sud,262.5
2026-06-17T14:00:00,Siège Est,261.6
2026-06-17T14:00:00,Usine Nord,941.5
2026-06-17T14:15:00,Atelier Sud,272.2
2026-06-17T14:15:00,Siège Est,267.2
2026-06-17T14:15:00,Usine Nord,1009.9
2026-06-17T14:30:00,Atelier Sud,237.9
2026-06-17T14:30:00,Siège Est,244.8
2026-06-17T14:30:00,Usine Nord,956.4
2026-06-17T14:45:00,Atelier Sud,280.2
2026-06-17T14:45:00,Siège Est,261.9
2026-06-17T14:45:00,Usine Nord,910.3
2026-06-17T15:00:00,Atelier Sud,283.9
2026-06-17T15:00:00,Siège Est,267.8
2026-06-17T15:00:00,Usine Nord,949.7
2026-06-17T15:15:00,Atelier Sud,261.6
2026-06-17T15:15:00,Siège Est,245.6
2026-06-17T15:15:00,Usine Nord,931.7
2026-06-17T15:30:00,Atelier Sud,238.3
2026-06-17T15:30:00,Siège Est,243.1
2026-06-17T15:30:00,Usine Nord,985.0
2026-06-17T15:45:00,Atelier Sud,215.1
2026-06-17T15:45:00,Siège Est,249.1
2026-06-17T15:45:00,Usine Nord,955.5
2026-06-17T16:00:00,Atelier Sud,205.4
2026-06-17T16:00:00,Siège Est,262.7
2026-06-17T16:00:00,Usine Nord,978.5
2026-06-17T16:15:00,Atelier Sud,175.7
2026-06-17T16:15:00,Siège Est,241.0
2026-06-17T16:15:00,Usine Nord,932.7
2026-06-17T16:30:00,Atelier Sud,165.3
2026-06-17T16:30:00,Siège Est,256.6
2026-06-17T16:30:00,Usine Nord,933.4
2026-06-17T16:45:00,Atelier Sud,166.9
2026-06-17T16:45:00,Siège Est,247.7
2026-06-17T16:45:00,Usine Nord,953.8
2026-06-17T17:00:00,Atelier Sud,140.2
2026-06-17T17:00:00,Siège Est,262.2
2026-06-17T17:00:00,Usine Nord,952.2
2026-06-17T17:15:00,Atelier Sud,105.1
2026-06-17T17:15:00,Siège Est,242.4
2026-06-17T17:15:00,Usine Nord,929.7
2026-06-17T17:30:00,Atelier Sud,90.5
2026-06-17T17:30:00,Siège Est,269.0
2026-06-17T17:30:00,Usine Nord,962.2
2026-06-17T17:45:00,Atelier Sud,87.1
2026-06-17T17:45:00,Siège Est,256.3
2026-06-17T17:45:00,Usine Nord,976.7
2026-06-17T18:00:00,Atelier Sud,75.3
2026-06-17T18:00:00,Siège Est,255.5
2026-06-17T18:00:00,Usine Nord,942.6
2026-06-17T18:15:00,Atelier Sud,69.1
2026-06-17T18:15:00,Siège Est,254.3
2026-06-17T18:15:00,Usine Nord,939.3
2026-06-17T18:30:00,Atelier Sud,36.0
2026-06-17T18:30:00,Siège Est,271.5
2026-06-17T18:30:00,Usine Nord,939.4
2026-06-17T18:45:00,Atelier Sud,53.2
2026-06-17T18:45:00,Siège Est,239.6
2026-06-17T18:45:00,Usine Nord,962.5
2026-06-17T19:00:00,Atelier Sud,71.8
2026-06-17T19:00:00,Siège Est,83.9
2026-06-17T19:00:00,Usine Nord,947.6
2026-06-17T19:15:00,Atelier Sud,63.6
2026-06-17T19:15:00,Siège Est,87.5
2026-06-17T19:15:00,Usine Nord,960.3
2026-06-17T19:30:00,Atelier Sud,69.4
2026-06-17T19:30:00,Siège Est,64.7
2026-06-17T19:30:00,Usine Nord,975.3
2026-06-17T19:45:00,Atelier Sud,62.6
2026-06-17T19:45:00,Siège Est,71.5
2026-06-17T19:45:00,Usine Nord,943.6
2026-06-17T20:00:00,Atelier Sud,84.3
2026-06-17T20:00:00,Siège Est,70.9
2026-06-17T20:00:00,Usine Nord,944.2
2026-06-17T20:15:00,Atelier Sud,75.9
2026-06-17T20:15:00,Siège Est,71.0
2026-06-17T20:15:00,Usine Nord,943.7
2026-06-17T20:30:00,Atelier Sud,80.3
2026-06-17T20:30:00,Siège Est,75.8
2026-06-17T20:30:00,Usine Nord,983.5
2026-06-17T20:45:00,Atelier Sud,53.0
2026-06-17T20:45:00,Siège Est,96.8
2026-06-17T20:45:00,Usine Nord,947.7
2026-06-17T21:00:00,Atelier Sud,85.1
2026-06-17T21:00:00,Siège Est,70.8
2026-06-17T21:00:00,Usine Nord,951.7
2026-06-17T21:15:00,Atelier Sud,60.3
2026-06-17T21:15:00,Siège Est,66.0
2026-06-17T21:15:00,Usine Nord,943.5
2026-06-17T21:30:00,Atelier Sud,96.3
2026-06-17T21:30:00,Siège Est,92.0
2026-06-17T21:30:00,Usine Nord,970.3
2026-06-17T21:45:00,Atelier Sud,64.0
2026-06-17T21:45:00,Siège Est,74.3
2026-06-17T21:45:00,Usine Nord,959.4
2026-06-17T22:00:00,Atelier Sud,67.5
2026-06-17T22:00:00,Siège Est,64.6
2026-06-17T22:00:00,Usine Nord,622.8
2026-06-17T22:15:00,Atelier Sud,43.9
2026-06-17T22:15:00,Siège Est,85.3
2026-06-17T22:15:00,Usine Nord,669.9
2026-06-17T22:30:00,Atelier Sud,72.9
2026-06-17T22:30:00,Siège Est,80.7
2026-06-17T22:30:00,Usine Nord,657.7
2026-06-17T22:45:00,Atelier Sud,57.1
2026-06-17T22:45:00,Siège Est,74.0
2026-06-17T22:45:00,Usine Nord,675.6
2026-06-17T23:00:00,Atelier Sud,60.5
2026-06-17T23:00:00,Siège Est,72.9
2026-06-17T23:00:00,Usine Nord,660.5
2026-06-17T23:15:00,Atelier Sud,80.9
2026-06-17T23:15:00,Siège Est,76.6
2026-06-17T23:15:00,Usine Nord,647.3
2026-06-17T23:30:00,Atelier Sud,100.8
2026-06-17T23:30:00,Siège Est,77.4
2026-06-17T23:30:00,Usine Nord,626.1
2026-06-17T23:45:00,Atelier Sud,61.9
2026-06-17T23:45:00,Siège Est,73.6
2026-06-17T23:45:00,Usine Nord,670.8
2026-06-18T00:00:00,Atelier Sud,52.2
2026-06-18T00:00:00,Siège Est,91.5
2026-06-18T00:00:00,Usine Nord,676.5
2026-06-18T00:15:00,Atelier Sud,39.2
2026-06-18T00:15:00,Siège Est,65.7
2026-06-18T00:15:00,Usine Nord,628.9
2026-06-18T00:30:00,Atelier Sud,60.6
2026-06-18T00:30:00,Siège Est,71.1
2026-06-18T00:30:00,Usine Nord,647.1
2026-06-18T00:45:00,Atelier Sud,74.6
2026-06-18T00:45:00,Siège Est,68.6
2026-06-18T00:45:00,Usine Nord,659.1
2026-06-18T01:00:00,Atelier Sud,50.6
2026-06-18T01:00:00,Siège Est,76.1
2026-06-18T01:00:00,Usine Nord,645.6
2026-06-18T01:15:00,Atelier Sud,55.7
2026-06-18T01:15:00,Siège Est,68.4
2026-06-18T01:15:00,Usine Nord,657.3
2026-06-18T01:30:00,Atelier Sud,89.1
2026-06-18T01:30:00,Siège Est,91.5
2026-06-18T01:30:00,Usine Nord,640.1
2026-06-18T01:45:00,Atelier Sud,85.4
2026-06-18T01:45:00,Siège Est,84.8
2026-06-18T01:45:00,Usine Nord,634.2
2026-06-18T02:00:00,Atelier Sud,86.2
2026-06-18T02:00:00,Siège Est,85.6
2026-06-18T02:00:00,Usine Nord,675.8
2026-06-18T02:15:00,Atelier Sud,55.1
2026-06-18T02:15:00,Siège Est,70.0
2026-06-18T02:15:00,Usine Nord,610.4
2026-06-18T02:30:00,Atelier Sud,58.7
2026-06-18T02:30:00,Siège Est,78.7
2026-06-18T02:30:00,Usine Nord,662.8
2026-06-18T02:45:00,Atelier Sud,54.4
2026-06-18T02:45:00,Siège Est,71.8
2026-06-18T02:45:00,Usine Nord,630.8
2026-06-18T03:00:00,Atelier Sud,64.9
2026-06-18T03:00:00,Siège Est,86.2
2026-06-18T03:00:00,Usine Nord,649.2
2026-06-18T03:15:00,Atelier Sud,65.6
2026-06-18T03:15:00,Siège Est,70.4
2026-06-18T03:15:00,Usine Nord,633.5
2026-06-18T03:30:00,Atelier Sud,76.0
2026-06-18T03:30:00,Siège Est,65.3
2026-06-18T03:30:00,Usine Nord,651.9
2026-06-18T03:45:00,Atelier Sud,79.3
2026-06-18T03:45:00,Siège Est,63.9
2026-06-18T03:45:00,Usine Nord,634.6
2026-06-18T04:00:00,Atelier Sud,77.6
2026-06-18T04:00:00,Siège Est,75.4
2026-06-18T04:00:00,Usine Nord,654.6
2026-06-18T04:15:00,Atelier Sud,81.2
2026-06-18T04:15:00,Siège Est,79.2
2026-06-18T04:15:00,Usine Nord,616.6
2026-06-18T04:30:00,Atelier Sud,83.3
2026-06-18T04:30:00,Siège Est,70.6
2026-06-18T04:30:00,Usine Nord,624.4
2026-06-18T04:45:00,Atelier Sud,65.4
2026-06-18T04:45:00,Siège Est,66.8
2026-06-18T04:45:00,Usine Nord,645.3
2026-06-18T05:00:00,Atelier Sud,65.6
2026-06-18T05:00:00,Siège Est,94.0
2026-06-18T05:00:00,Usine Nord,662.5
2026-06-18T05:15:00,Atelier Sud,60.1
2026-06-18T05:15:00,Siège Est,72.7
2026-06-18T05:15:00,Usine Nord,629.6
2026-06-18T05:30:00,Atelier Sud,99.2
2026-06-18T05:30:00,Siège Est,83.5
2026-06-18T05:30:00,Usine Nord,692.0
2026-06-18T05:45:00,Atelier Sud,68.1
2026-06-18T05:45:00,Siège Est,67.6
2026-06-18T05:45:00,Usine Nord,639.8
2026-06-18T06:00:00,Atelier Sud,57.7
2026-06-18T06:00:00,Siège Est,64.8
2026-06-18T06:00:00,Usine Nord,967.5
2026-06-18T06:15:00,Atelier Sud,81.9
2026-06-18T06:15:00,Siège Est,83.8
2026-06-18T06:15:00,Usine Nord,909.2
2026-06-18T06:30:00,Atelier Sud,111.6
2026-06-18T06:30:00,Siège Est,73.0
2026-06-18T06:30:00,Usine Nord,927.6
2026-06-18T06:45:00,Atelier Sud,140.0
2026-06-18T06:45:00,Siège Est,69.6
2026-06-18T06:45:00,Usine Nord,927.4
2026-06-18T07:00:00,Atelier Sud,161.4
2026-06-18T07:00:00,Siège Est,66.8
2026-06-18T07:00:00,Usine Nord,923.7
2026-06-18T07:15:00,Atelier Sud,181.9
2026-06-18T07:15:00,Siège Est,72.9
2026-06-18T07:15:00,Usine Nord,914.5
2026-06-18T07:30:00,Atelier Sud,222.9
2026-06-18T07:30:00,Siège Est,70.5
2026-06-18T07:30:00,Usine Nord,940.1
2026-06-18T07:45:00,Atelier Sud,201.2
2026-06-18T07:45:00,Siège Est,86.3
2026-06-18T07:45:00,Usine Nord,930.8
2026-06-18T08:00:00,Atelier Sud,235.4
2026-06-18T08:00:00,Siège Est,255.4
2026-06-18T08:00:00,Usine Nord,986.2
2026-06-18T08:15:00,Atelier Sud,270.1
2026-06-18T08:15:00,Siège Est,258.8
2026-06-18T08:15:00,Usine Nord,948.3
2026-06-18T08:30:00,Atelier Sud,231.1
2026-06-18T08:30:00,Siège Est,251.4
2026-06-18T08:30:00,Usine Nord,956.1
2026-06-18T08:45:00,Atelier Sud,257.8
2026-06-18T08:45:00,Siège Est,232.8
2026-06-18T08:45:00,Usine Nord,903.0
2026-06-18T09:00:00,Atelier Sud,305.4
2026-06-18T09:00:00,Siège Est,257.1
2026-06-18T09:00:00,Usine Nord,983.4
2026-06-18T09:15:00,Atelier Sud,243.7
2026-06-18T09:15:00,Siège Est,261.3
2026-06-18T09:15:00,Usine Nord,984.5
2026-06-18T09:30:00,Atelier Sud,325.5
2026-06-18T09:30:00,Siège Est,247.4
2026-06-18T09:30:00,Usine Nord,925.0
2026-06-18T09:45:00,Atelier Sud,284.7
2026-06-18T09:45:00,Siège Est,258.2
2026-06-18T09:45:00,Usine Nord,925.9
2026-06-18T10:00:00,Atelier Sud,309.4
2026-06-18T10:00:00,Siège Est,244.1
2026-06-18T10:00:00,Usine Nord,932.6
2026-06-18T10:15:00,Atelier Sud,369.2
2026-06-18T10:15:00,Siège Est,267.4
2026-06-18T10:15:00,Usine Nord,981.6
2026-06-18T10:30:00,Atelier Sud,316.4
2026-06-18T10:30:00,Siège Est,256.9
2026-06-18T10:30:00,Usine Nord,920.0
2026-06-18T10:45:00,Atelier Sud,298.6
2026-06-18T10:45:00,Siège Est,278.2
2026-06-18T10:45:00,Usine Nord,926.8
2026-06-18T11:00:00,Atelier Sud,325.5
2026-06-18T11:00:00,Siège Est,262.8
2026-06-18T11:00:00,Usine Nord,914.2
2026-06-18T11:15:00,Atelier Sud,337.1
2026-06-18T11:15:00,Siège Est,247.2
2026-06-18T11:15:00,Usine Nord,956.1
2026-06-18T11:30:00,Atelier Sud,349.9
2026-06-18T11:30:00,Siège Est,245.9
2026-06-18T11:30:00,Usine Nord,968.8
2026-06-18T11:45:00,Atelier Sud,293.9
2026-06-18T11:45:00,Siège Est,245.0
2026-06-18T11:45:00,Usine Nord,928.0
2026-06-18T12:00:00,Atelier Sud,294.4
2026-06-18T12:00:00,Siège Est,264.6
2026-06-18T12:00:00,Usine Nord,975.4
2026-06-18T12:15:00,Atelier Sud,372.6
2026-06-18T12:15:00,Siège Est,242.4
2026-06-18T12:15:00,Usine Nord,953.3
2026-06-18T12:30:00,Atelier Sud,385.4
2026-06-18T12:30:00,Siège Est,253.7
2026-06-18T12:30:00,Usine Nord,931.0
2026-06-18T12:45:00,Atelier Sud,360.1
2026-06-18T12:45:00,Siège Est,250.5
2026-06-18T12:45:00,Usine Nord,962.3
2026-06-18T13:00:00,Atelier Sud,347.4
2026-06-18T13:00:00,Siège Est,246.1
2026-06-18T13:00:00,Usine Nord,978.4
2026-06-18T13:15:00,Atelier Sud,267.6
2026-06-18T13:15:00,Siège Est,253.9
2026-06-18T13:15:00,Usine Nord,978.5
2026-06-18T13:30:00,Atelier Sud,321.9
2026-06-18T13:30:00,Siège Est,251.3
2026-06-18T13:30:00,Usine Nord,961.7
2026-06-18T13:45:00,Atelier Sud,313.6
2026-06-18T13:45:00,Siège Est,265.8
2026-06-18T13:45:00,Usine Nord,979.6
2026-06-18T14:00:00,Atelier Sud,318.3
2026-06-18T14:00:00,Siège Est,257.4
2026-06-18T14:00:00,Usine Nord,950.1
2026-06-18T14:15:00,Atelier Sud,321.6
2026-06-18T14:15:00,Siège Est,269.6
2026-06-18T14:15:00,Usine Nord,957.1
2026-06-18T14:30:00,Atelier Sud,267.2
2026-06-18T14:30:00,Siège Est,262.1
2026-06-18T14:30:00,Usine Nord,990.2
2026-06-18T14:45:00,Atelier Sud,227.4
2026-06-18T14:45:00,Siège Est,248.9
2026-06-18T14:45:00,Usine Nord,947.5
2026-06-18T15:00:00,Atelier Sud,233.4
2026-06-18T15:00:00,Siège Est,252.0
2026-06-18T15:00:00,Usine Nord,931.9
2026-06-18T15:15:00,Atelier Sud,209.5
2026-06-18T15:15:00,Siège Est,240.4
2026-06-18T15:15:00,Usine Nord,922.8
2026-06-18T15:30:00,Atelier Sud,256.4
2026-06-18T15:30:00,Siège Est,250.7
2026-06-18T15:30:00,Usine Nord,938.4
2026-06-18T15:45:00,Atelier Sud,216.9
2026-06-18T15:45:00,Siège Est,236.8
2026-06-18T15:45:00,Usine Nord,908.1
2026-06-18T16:00:00,Atelier Sud,183.3
2026-06-18T16:00:00,Siège Est,246.2
2026-06-18T16:00:00,Usine Nord,929.1
2026-06-18T16:15:00,Atelier Sud,179.8
2026-06-18T16:15:00,Siège Est,254.3
2026-06-18T16:15:00,Usine Nord,924.3
2026-06-18T16:30:00,Atelier Sud,179.0
2026-06-18T16:30:00,Siège Est,255.3
2026-06-18T16:30:00,Usine Nord,946.0
2026-06-18T16:45:00,Atelier Sud,115.4
2026-06-18T16:45:00,Siège Est,257.3
2026-06-18T16:45:00,Usine Nord,919.3
2026-06-18T17:00:00,Atelier Sud,126.9
2026-06-18T17:00:00,Siège Est,250.5
2026-06-18T17:00:00,Usine Nord,947.4
2026-06-18T17:15:00,Atelier Sud,133.7
2026-06-18T17:15:00,Siège Est,250.3
2026-06-18T17:15:00,Usine Nord,949.9
2026-06-18T17:30:00,Atelier Sud,114.8
2026-06-18T17:30:00,Siège Est,257.3
2026-06-18T17:30:00,Usine Nord,967.9
2026-06-18T17:45:00,Atelier Sud,92.1
2026-06-18T17:45:00,Siège Est,262.1
2026-06-18T17:45:00,Usine Nord,973.4
2026-06-18T18:00:00,Atelier Sud,56.7
2026-06-18T18:00:00,Siège Est,255.5
2026-06-18T18:00:00,Usine Nord,985.3
2026-06-18T18:15:00,Atelier Sud,66.1
2026-06-18T18:15:00,Siège Est,269.4
2026-06-18T18:15:00,Usine Nord,944.5
2026-06-18T18:30:00,Atelier Sud,81.6
2026-06-18T18:30:00,Siège Est,248.5
2026-06-18T18:30:00,Usine Nord,919.1
2026-06-18T18:45:00,Atelier Sud,81.7
2026-06-18T18:45:00,Siège Est,264.3
2026-06-18T18:45:00,Usine Nord,967.5
2026-06-18T19:00:00,Atelier Sud,62.5
2026-06-18T19:00:00,Siège Est,78.5
2026-06-18T19:00:00,Usine Nord,959.3
2026-06-18T19:15:00,Atelier Sud,76.8
2026-06-18T19:15:00,Siège Est,82.5
2026-06-18T19:15:00,Usine Nord,940.4
2026-06-18T19:30:00,Atelier Sud,90.5
2026-06-18T19:30:00,Siège Est,91.0
2026-06-18T19:30:00,Usine Nord,968.7
2026-06-18T19:45:00,Atelier Sud,60.2
2026-06-18T19:45:00,Siège Est,76.1
2026-06-18T19:45:00,Usine Nord,994.4
2026-06-18T20:00:00,Atelier Sud,77.5
2026-06-18T20:00:00,Siège Est,72.0
2026-06-18T20:00:00,Usine Nord,958.7
2026-06-18T20:15:00,Atelier Sud,77.5
2026-06-18T20:15:00,Siège Est,75.1
2026-06-18T20:15:00,Usine Nord,941.0
2026-06-18T20:30:00,Atelier Sud,68.7
2026-06-18T20:30:00,Siège Est,70.4
2026-06-18T20:30:00,Usine Nord,955.0
2026-06-18T20:45:00,Atelier Sud,74.9
2026-06-18T20:45:00,Siège Est,57.6
2026-06-18T20:45:00,Usine Nord,929.9
2026-06-18T21:00:00,Atelier Sud,91.1
2026-06-18T21:00:00,Siège Est,61.6
2026-06-18T21:00:00,Usine Nord,994.9
2026-06-18T21:15:00,Atelier Sud,76.8
2026-06-18T21:15:00,Siège Est,75.7
2026-06-18T21:15:00,Usine Nord,923.2
2026-06-18T21:30:00,Atelier Sud,73.3
2026-06-18T21:30:00,Siège Est,65.2
2026-06-18T21:30:00,Usine Nord,927.5
2026-06-18T21:45:00,Atelier Sud,69.1
2026-06-18T21:45:00,Siège Est,80.5
2026-06-18T21:45:00,Usine Nord,973.3
2026-06-18T22:00:00,Atelier Sud,65.6
2026-06-18T22:00:00,Siège Est,74.2
2026-06-18T22:00:00,Usine Nord,644.5
2026-06-18T22:15:00,Atelier Sud,53.7
2026-06-18T22:15:00,Siège Est,75.2
2026-06-18T22:15:00,Usine Nord,621.3
2026-06-18T22:30:00,Atelier Sud,55.8
2026-06-18T22:30:00,Siège Est,92.9
2026-06-18T22:30:00,Usine Nord,669.9
2026-06-18T22:45:00,Atelier Sud,49.6
2026-06-18T22:45:00,Siège Est,71.4
2026-06-18T22:45:00,Usine Nord,674.8
2026-06-18T23:00:00,Atelier Sud,66.8
2026-06-18T23:00:00,Siège Est,84.6
2026-06-18T23:00:00,Usine Nord,612.3
2026-06-18T23:15:00,Atelier Sud,56.8
2026-06-18T23:15:00,Siège Est,81.1
2026-06-18T23:15:00,Usine Nord,663.4
2026-06-18T23:30:00,Atelier Sud,47.1
2026-06-18T23:30:00,Siège Est,81.5
2026-06-18T23:30:00,Usine Nord,671.2
2026-06-18T23:45:00,Atelier Sud,86.0
2026-06-18T23:45:00,Siège Est,65.0
2026-06-18T23:45:00,Usine Nord,690.4
2026-06-19T00:00:00,Atelier Sud,67.2
2026-06-19T00:00:00,Siège Est,68.3
2026-06-19T00:00:00,Usine Nord,659.6
2026-06-19T00:15:00,Atelier Sud,83.6
2026-06-19T00:15:00,Siège Est,70.6
2026-06-19T00:15:00,Usine Nord,665.8
2026-06-19T00:30:00,Atelier Sud,89.2
2026-06-19T00:30:00,Siège Est,64.9
2026-06-19T00:30:00,Usine Nord,651.4
2026-06-19T00:45:00,Atelier Sud,91.5
2026-06-19T00:45:00,Siège Est,64.5
2026-06-19T00:45:00,Usine Nord,664.9
2026-06-19T01:00:00,Atelier Sud,69.5
2026-06-19T01:00:00,Siège Est,75.1
2026-06-19T01:00:00,Usine Nord,687.7
2026-06-19T01:15:00,Atelier Sud,37.0
2026-06-19T01:15:00,Siège Est,80.1
2026-06-19T01:15:00,Usine Nord,665.1
2026-06-19T01:30:00,Atelier Sud,76.8
2026-06-19T01:30:00,Siège Est,80.3
2026-06-19T01:30:00,Usine Nord,635.2
2026-06-19T01:45:00,Atelier Sud,69.4
2026-06-19T01:45:00,Siège Est,91.5
2026-06-19T01:45:00,Usine Nord,647.4
2026-06-19T02:00:00,Atelier Sud,49.1
2026-06-19T02:00:00,Siège Est,69.3
2026-06-19T02:00:00,Usine Nord,693.0
2026-06-19T02:15:00,Atelier Sud,35.1
2026-06-19T02:15:00,Siège Est,73.9
2026-06-19T02:15:00,Usine Nord,621.0
2026-06-19T02:30:00,Atelier Sud,85.3
2026-06-19T02:30:00,Siège Est,64.1
2026-06-19T02:30:00,Usine Nord,635.6
2026-06-19T02:45:00,Atelier Sud,85.4
2026-06-19T02:45:00,Siège Est,79.7
2026-06-19T02:45:00,Usine Nord,634.1
2026-06-19T03:00:00,Atelier Sud,88.5
2026-06-19T03:00:00,Siège Est,77.3
2026-06-19T03:00:00,Usine Nord,678.5
2026-06-19T03:15:00,Atelier Sud,90.7
2026-06-19T03:15:00,Siège Est,77.9
2026-06-19T03:15:00,Usine Nord,629.3
2026-06-19T03:30:00,Atelier Sud,87.4
2026-06-19T03:30:00,Siège Est,84.2
2026-06-19T03:30:00,Usine Nord,639.6
2026-06-19T03:45:00,Atelier Sud,77.8
2026-06-19T03:45:00,Siège Est,67.2
2026-06-19T03:45:00,Usine Nord,647.7
2026-06-19T04:00:00,Atelier Sud,75.9
2026-06-19T04:00:00,Siège Est,59.0
2026-06-19T04:00:00,Usine Nord,661.5
2026-06-19T04:15:00,Atelier Sud,84.7
2026-06-19T04:15:00,Siège Est,95.8
2026-06-19T04:15:00,Usine Nord,662.8
2026-06-19T04:30:00,Atelier Sud,78.2
2026-06-19T04:30:00,Siège Est,65.3
2026-06-19T04:30:00,Usine Nord,623.4
2026-06-19T04:45:00,Atelier Sud,72.8
2026-06-19T04:45:00,Siège Est,69.6
2026-06-19T04:45:00,Usine Nord,623.4
2026-06-19T05:00:00,Atelier Sud,79.6
2026-06-19T05:00:00,Siège Est,63.0
2026-06-19T05:00:00,Usine Nord,616.9
2026-06-19T05:15:00,Atelier Sud,63.8
2026-06-19T05:15:00,Siège Est,69.1
2026-06-19T05:15:00,Usine Nord,674.7
2026-06-19T05:30:00,Atelier Sud,59.5
2026-06-19T05:30:00,Siège Est,59.5
2026-06-19T05:30:00,Usine Nord,643.3
2026-06-19T05:45:00,Atelier Sud,98.5
2026-06-19T05:45:00,Siège Est,75.0
2026-06-19T05:45:00,Usine Nord,653.0
2026-06-19T06:00:00,Atelier Sud,102.2
2026-06-19T06:00:00,Siège Est,72.2
2026-06-19T06:00:00,Usine Nord,950.6
2026-06-19T06:15:00,Atelier Sud,112.0
2026-06-19T06:15:00,Siège Est,65.3
2026-06-19T06:15:00,Usine Nord,917.3
2026-06-19T06:30:00,Atelier Sud,106.9
2026-06-19T06:30:00,Siège Est,66.9
2026-06-19T06:30:00,Usine Nord,913.7
2026-06-19T06:45:00,Atelier Sud,135.8
2026-06-19T06:45:00,Siège Est,81.9
2026-06-19T06:45:00,Usine Nord,925.3
2026-06-19T07:00:00,Atelier Sud,178.0
2026-06-19T07:00:00,Siège Est,73.8
2026-06-19T07:00:00,Usine Nord,994.1
2026-06-19T07:15:00,Atelier Sud,186.6
2026-06-19T07:15:00,Siège Est,86.6
2026-06-19T07:15:00,Usine Nord,941.8
2026-06-19T07:30:00,Atelier Sud,197.1
2026-06-19T07:30:00,Siège Est,87.6
2026-06-19T07:30:00,Usine Nord,961.7
2026-06-19T07:45:00,Atelier Sud,232.3
2026-06-19T07:45:00,Siège Est,81.6
2026-06-19T07:45:00,Usine Nord,927.8
2026-06-19T08:00:00,Atelier Sud,231.6
2026-06-19T08:00:00,Siège Est,266.8
2026-06-19T08:00:00,Usine Nord,1008.7
2026-06-19T08:15:00,Atelier Sud,230.4
2026-06-19T08:15:00,Siège Est,245.7
2026-06-19T08:15:00,Usine Nord,952.5
2026-06-19T08:30:00,Atelier Sud,242.8
2026-06-19T08:30:00,Siège Est,244.7
2026-06-19T08:30:00,Usine Nord,915.3
2026-06-19T08:45:00,Atelier Sud,238.9
2026-06-19T08:45:00,Siège Est,253.8
2026-06-19T08:45:00,Usine Nord,939.5
2026-06-19T09:00:00,Atelier Sud,303.0
2026-06-19T09:00:00,Siège Est,255.1
2026-06-19T09:00:00,Usine Nord,957.7
2026-06-19T09:15:00,Atelier Sud,264.8
2026-06-19T09:15:00,Siège Est,236.4
2026-06-19T09:15:00,Usine Nord,972.9
2026-06-19T09:30:00,Atelier Sud,288.9
2026-06-19T09:30:00,Siège Est,245.5
2026-06-19T09:30:00,Usine Nord,942.5
2026-06-19T09:45:00,Atelier Sud,339.6
2026-06-19T09:45:00,Siège Est,250.1
2026-06-19T09:45:00,Usine Nord,965.2
2026-06-19T10:00:00,Atelier Sud,324.1
2026-06-19T10:00:00,Siège Est,249.9
2026-06-19T10:00:00,Usine Nord,956.9
2026-06-19T10:15:00,Atelier Sud,349.2
2026-06-19T10:15:00,Siège Est,272.0
2026-06-19T10:15:00,Usine Nord,955.2
2026-06-19T10:30:00,Atelier Sud,305.4
2026-06-19T10:30:00,Siège Est,266.2
2026-06-19T10:30:00,Usine Nord,941.2
2026-06-19T10:45:00,Atelier Sud,333.2
2026-06-19T10:45:00,Siège Est,247.3
2026-06-19T10:45:00,Usine Nord,959.0
2026-06-19T11:00:00,Atelier Sud,374.7
2026-06-19T11:00:00,Siège Est,248.8
2026-06-19T11:00:00,Usine Nord,975.1
2026-06-19T11:15:00,Atelier Sud,368.4
2026-06-19T11:15:00,Siège Est,252.6
2026-06-19T11:15:00,Usine Nord,950.2
2026-06-19T11:30:00,Atelier Sud,354.2
2026-06-19T11:30:00,Siège Est,253.6
2026-06-19T11:30:00,Usine Nord,942.9
2026-06-19T11:45:00,Atelier Sud,326.1
2026-06-19T11:45:00,Siège Est,235.1
2026-06-19T11:45:00,Usine Nord,1012.6
2026-06-19T12:00:00,Atelier Sud,328.9
2026-06-19T12:00:00,Siège Est,246.3
2026-06-19T12:00:00,Usine Nord,965.8
2026-06-19T12:15:00,Atelier Sud,312.7
2026-06-19T12:15:00,Siège Est,247.1
2026-06-19T12:15:00,Usine Nord,965.1
2026-06-19T12:30:00,Atelier Sud,393.5
2026-06-19T12:30:00,Siège Est,235.1
2026-06-19T12:30:00,Usine Nord,917.9
2026-06-19T12:45:00,Atelier Sud,323.0
2026-06-19T12:45:00,Siège Est,266.8
2026-06-19T12:45:00,Usine Nord,974.8
2026-06-19T13:00:00,Atelier Sud,321.7
2026-06-19T13:00:00,Siège Est,256.5
2026-06-19T13:00:00,Usine Nord,914.7
2026-06-19T13:15:00,Atelier Sud,292.2
2026-06-19T13:15:00,Siège Est,255.5
2026-06-19T13:15:00,Usine Nord,977.0
2026-06-19T13:30:00,Atelier Sud,319.3
2026-06-19T13:30:00,Siège Est,271.1
2026-06-19T13:30:00,Usine Nord,957.8
2026-06-19T13:45:00,Atelier Sud,278.7
2026-06-19T13:45:00,Siège Est,274.3
2026-06-19T13:45:00,Usine Nord,939.6
2026-06-19T14:00:00,Atelier Sud,298.0
2026-06-19T14:00:00,Siège Est,245.1
2026-06-19T14:00:00,Usine Nord,935.0
2026-06-19T14:15:00,Atelier Sud,268.1
2026-06-19T14:15:00,Siège Est,262.6
2026-06-19T14:15:00,Usine Nord,954.2
2026-06-19T14:30:00,Atelier Sud,261.3
2026-06-19T14:30:00,Siège Est,252.4
2026-06-19T14:30:00,Usine Nord,941.6
2026-06-19T14:45:00,Atelier Sud,297.9
2026-06-19T14:45:00,Siège Est,252.0
2026-06-19T14:45:00,Usine Nord,912.0
2026-06-19T15:00:00,Atelier Sud,265.8
2026-06-19T15:00:00,Siège Est,240.0
2026-06-19T15:00:00,Usine Nord,974.1
2026-06-19T15:15:00,Atelier Sud,210.2
2026-06-19T15:15:00,Siège Est,240.3
2026-06-19T15:15:00,Usine Nord,916.3
2026-06-19T15:30:00,Atelier Sud,202.2
2026-06-19T15:30:00,Siège Est,270.3
2026-06-19T15:30:00,Usine Nord,946.5
2026-06-19T15:45:00,Atelier Sud,185.7
2026-06-19T15:45:00,Siège Est,248.6
2026-06-19T15:45:00,Usine Nord,939.6
2026-06-19T16:00:00,Atelier Sud,189.3
2026-06-19T16:00:00,Siège Est,249.9
2026-06-19T16:00:00,Usine Nord,984.9
2026-06-19T16:15:00,Atelier Sud,144.0
2026-06-19T16:15:00,Siège Est,259.5
2026-06-19T16:15:00,Usine Nord,916.1
2026-06-19T16:30:00,Atelier Sud,168.1
2026-06-19T16:30:00,Siège Est,257.6
2026-06-19T16:30:00,Usine Nord,972.4
2026-06-19T16:45:00,Atelier Sud,143.2
2026-06-19T16:45:00,Siège Est,258.3
2026-06-19T16:45:00,Usine Nord,960.6
2026-06-19T17:00:00,Atelier Sud,138.1
2026-06-19T17:00:00,Siège Est,254.6
2026-06-19T17:00:00,Usine Nord,885.7
2026-06-19T17:15:00,Atelier Sud,113.5
2026-06-19T17:15:00,Siège Est,263.7
2026-06-19T17:15:00,Usine Nord,918.7
2026-06-19T17:30:00,Atelier Sud,97.5
2026-06-19T17:30:00,Siège Est,254.1
2026-06-19T17:30:00,Usine Nord,934.7
2026-06-19T17:45:00,Atelier Sud,90.1
2026-06-19T17:45:00,Siège Est,262.0
2026-06-19T17:45:00,Usine Nord,926.7
2026-06-19T18:00:00,Atelier Sud,72.2
2026-06-19T18:00:00,Siège Est,248.2
2026-06-19T18:00:00,Usine Nord,955.0
2026-06-19T18:15:00,Atelier Sud,111.3
2026-06-19T18:15:00,Siège Est,266.3
2026-06-19T18:15:00,Usine Nord,962.7
2026-06-19T18:30:00,Atelier Sud,61.3
2026-06-19T18:30:00,Siège Est,257.4
2026-06-19T18:30:00,Usine Nord,973.5
2026-06-19T18:45:00,Atelier Sud,75.3
2026-06-19T18:45:00,Siège Est,248.5
2026-06-19T18:45:00,Usine Nord,933.8
2026-06-19T19:00:00,Atelier Sud,51.6
2026-06-19T19:00:00,Siège Est,70.2
2026-06-19T19:00:00,Usine Nord,961.8
2026-06-19T19:15:00,Atelier Sud,65.4
2026-06-19T19:15:00,Siège Est,75.8
2026-06-19T19:15:00,Usine Nord,944.9
2026-06-19T19:30:00,Atelier Sud,91.5
2026-06-19T19:30:00,Siège Est,88.4
2026-06-19T19:30:00,Usine Nord,961.5
2026-06-19T19:45:00,Atelier Sud,79.3
2026-06-19T19:45:00,Siège Est,63.9
2026-06-19T19:45:00,Usine Nord,948.7
2026-06-19T20:00:00,Atelier Sud,97.5
2026-06-19T20:00:00,Siège Est,79.3
2026-06-19T20:00:00,Usine Nord,949.6
2026-06-19T20:15:00,Atelier Sud,47.0
2026-06-19T20:15:00,Siège Est,67.6
2026-06-19T20:15:00,Usine Nord,942.7
2026-06-19T20:30:00,Atelier Sud,58.8
2026-06-19T20:30:00,Siège Est,75.5
2026-06-19T20:30:00,Usine Nord,961.5
2026-06-19T20:45:00,Atelier Sud,72.9
2026-06-19T20:45:00,Siège Est,83.3
2026-06-19T20:45:00,Usine Nord,952.7
2026-06-19T21:00:00,Atelier Sud,56.0
2026-06-19T21:00:00,Siège Est,55.3
2026-06-19T21:00:00,Usine Nord,928.5
2026-06-19T21:15:00,Atelier Sud,61.3
2026-06-19T21:15:00,Siège Est,61.2
2026-06-19T21:15:00,Usine Nord,903.7
2026-06-19T21:30:00,Atelier Sud,51.7
2026-06-19T21:30:00,Siège Est,79.6
2026-06-19T21:30:00,Usine Nord,972.4
2026-06-19T21:45:00,Atelier Sud,80.5
2026-06-19T21:45:00,Siège Est,66.6
2026-06-19T21:45:00,Usine Nord,967.2
2026-06-19T22:00:00,Atelier Sud,65.2
2026-06-19T22:00:00,Siège Est,73.1
2026-06-19T22:00:00,Usine Nord,646.7
2026-06-19T22:15:00,Atelier Sud,69.6
2026-06-19T22:15:00,Siège Est,76.6
2026-06-19T22:15:00,Usine Nord,674.7
2026-06-19T22:30:00,Atelier Sud,52.5
2026-06-19T22:30:00,Siège Est,101.6
2026-06-19T22:30:00,Usine Nord,647.4
2026-06-19T22:45:00,Atelier Sud,65.0
2026-06-19T22:45:00,Siège Est,70.7
2026-06-19T22:45:00,Usine Nord,645.9
2026-06-19T23:00:00,Atelier Sud,94.7
2026-06-19T23:00:00,Siège Est,70.6
2026-06-19T23:00:00,Usine Nord,639.1
2026-06-19T23:15:00,Atelier Sud,81.3
2026-06-19T23:15:00,Siège Est,68.3
2026-06-19T23:15:00,Usine Nord,677.0
2026-06-19T23:30:00,Atelier Sud,70.9
2026-06-19T23:30:00,Siège Est,83.7
2026-06-19T23:30:00,Usine Nord,688.9
2026-06-19T23:45:00,Atelier Sud,58.6
2026-06-19T23:45:00,Siège Est,69.4
2026-06-19T23:45:00,Usine Nord,644.1
2026-06-20T00:00:00,Atelier Sud,66.8
2026-06-20T00:00:00,Siège Est,71.4
2026-06-20T00:00:00,Usine Nord,342.9
2026-06-20T00:15:00,Atelier Sud,71.8
2026-06-20T00:15:00,Siège Est,73.7
2026-06-20T00:15:00,Usine Nord,380.7
2026-06-20T00:30:00,Atelier Sud,98.0
2026-06-20T00:30:00,Siège Est,72.6
2026-06-20T00:30:00,Usine Nord,376.9
2026-06-20T00:45:00,Atelier Sud,73.6
2026-06-20T00:45:00,Siège Est,76.3
2026-06-20T00:45:00,Usine Nord,371.2
2026-06-20T01:00:00,Atelier Sud,67.5
2026-06-20T01:00:00,Siège Est,82.6
2026-06-20T01:00:00,Usine Nord,325.1
2026-06-20T01:15:00,Atelier Sud,68.2
2026-06-20T01:15:00,Siège Est,84.8
2026-06-20T01:15:00,Usine Nord,363.6
2026-06-20T01:30:00,Atelier Sud,55.6
2026-06-20T01:30:00,Siège Est,65.4
2026-06-20T01:30:00,Usine Nord,361.3
2026-06-20T01:45:00,Atelier Sud,74.1
2026-06-20T01:45:00,Siège Est,74.9
2026-06-20T01:45:00,Usine Nord,350.6
2026-06-20T02:00:00,Atelier Sud,56.1
2026-06-20T02:00:00,Siège Est,74.0
2026-06-20T02:00:00,Usine Nord,367.1
2026-06-20T02:15:00,Atelier Sud,60.3
2026-06-20T02:15:00,Siège Est,69.4
2026-06-20T02:15:00,Usine Nord,353.6
2026-06-20T02:30:00,Atelier Sud,64.6
2026-06-20T02:30:00,Siège Est,59.8
2026-06-20T02:30:00,Usine Nord,365.9
2026-06-20T02:45:00,Atelier Sud,101.3
2026-06-20T02:45:00,Siège Est,63.2
2026-06-20T02:45:00,Usine Nord,356.8
2026-06-20T03:00:00,Atelier Sud,95.2
2026-06-20T03:00:00,Siège Est,94.3
2026-06-20T03:00:00,Usine Nord,350.9
2026-06-20T03:15:00,Atelier Sud,67.8
2026-06-20T03:15:00,Siège Est,79.8
2026-06-20T03:15:00,Usine Nord,395.1
2026-06-20T03:30:00,Atelier Sud,82.5
2026-06-20T03:30:00,Siège Est,73.0
2026-06-20T03:30:00,Usine Nord,356.3
2026-06-20T03:45:00,Atelier Sud,73.5
2026-06-20T03:45:00,Siège Est,71.8
2026-06-20T03:45:00,Usine Nord,370.9
2026-06-20T04:00:00,Atelier Sud,79.7
2026-06-20T04:00:00,Siège Est,55.3
2026-06-20T04:00:00,Usine Nord,378.1
2026-06-20T04:15:00,Atelier Sud,69.9
2026-06-20T04:15:00,Siège Est,74.7
2026-06-20T04:15:00,Usine Nord,336.2
2026-06-20T04:30:00,Atelier Sud,81.7
2026-06-20T04:30:00,Siège Est,74.0
2026-06-20T04:30:00,Usine Nord,353.2
2026-06-20T04:45:00,Atelier Sud,95.0
2026-06-20T04:45:00,Siège Est,72.0
2026-06-20T04:45:00,Usine Nord,337.9
2026-06-20T05:00:00,Atelier Sud,70.3
2026-06-20T05:00:00,Siège Est,65.5
2026-06-20T05:00:00,Usine Nord,353.5
2026-06-20T05:15:00,Atelier Sud,89.2
2026-06-20T05:15:00,Siège Est,80.2
2026-06-20T05:15:00,Usine Nord,331.2
2026-06-20T05:30:00,Atelier Sud,71.2
2026-06-20T05:30:00,Siège Est,60.5
2026-06-20T05:30:00,Usine Nord,376.6
2026-06-20T05:45:00,Atelier Sud,83.3
2026-06-20T05:45:00,Siège Est,63.4
2026-06-20T05:45:00,Usine Nord,357.3
2026-06-20T06:00:00,Atelier Sud,56.1
2026-06-20T06:00:00,Siège Est,78.5
2026-06-20T06:00:00,Usine Nord,495.8
2026-06-20T06:15:00,Atelier Sud,82.3
2026-06-20T06:15:00,Siège Est,69.5
2026-06-20T06:15:00,Usine Nord,533.5
2026-06-20T06:30:00,Atelier Sud,64.8
2026-06-20T06:30:00,Siège Est,87.0
2026-06-20T06:30:00,Usine Nord,501.0
2026-06-20T06:45:00,Atelier Sud,68.7
2026-06-20T06:45:00,Siège Est,77.8
2026-06-20T06:45:00,Usine Nord,491.3
2026-06-20T07:00:00,Atelier Sud,83.0
2026-06-20T07:00:00,Siège Est,72.8
2026-06-20T07:00:00,Usine Nord,532.4
2026-06-20T07:15:00,Atelier Sud,109.9
2026-06-20T07:15:00,Siège Est,91.6
2026-06-20T07:15:00,Usine Nord,524.2
2026-06-20T07:30:00,Atelier Sud,78.2
2026-06-20T07:30:00,Siège Est,83.2
2026-06-20T07:30:00,Usine Nord,507.0
2026-06-20T07:45:00,Atelier Sud,85.3
2026-06-20T07:45:00,Siège Est,87.2
2026-06-20T07:45:00,Usine Nord,539.0
2026-06-20T08:00:00,Atelier Sud,80.2
2026-06-20T08:00:00,Siège Est,73.6
2026-06-20T08:00:00,Usine Nord,533.2
2026-06-20T08:15:00,Atelier Sud,58.7
2026-06-20T08:15:00,Siège Est,66.4
2026-06-20T08:15:00,Usine Nord,527.0
2026-06-20T08:30:00,Atelier Sud,36.2
2026-06-20T08:30:00,Siège Est,64.9
2026-06-20T08:30:00,Usine Nord,545.7
2026-06-20T08:45:00,Atelier Sud,26.2
2026-06-20T08:45:00,Siège Est,71.2
2026-06-20T08:45:00,Usine Nord,529.8
2026-06-20T09:00:00,Atelier Sud,17.7
2026-06-20T09:00:00,Siège Est,82.8
2026-06-20T09:00:00,Usine Nord,550.9
2026-06-20T09:15:00,Atelier Sud,74.3
2026-06-20T09:15:00,Siège Est,84.0
2026-06-20T09:15:00,Usine Nord,530.9
2026-06-20T09:30:00,Atelier Sud,33.0
2026-06-20T09:30:00,Siège Est,69.1
2026-06-20T09:30:00,Usine Nord,530.7
2026-06-20T09:45:00,Atelier Sud,18.5
2026-06-20T09:45:00,Siège Est,85.5
2026-06-20T09:45:00,Usine Nord,460.7
2026-06-20T10:00:00,Atelier Sud,15.0
2026-06-20T10:00:00,Siège Est,72.8
2026-06-20T10:00:00,Usine Nord,515.6
2026-06-20T10:15:00,Atelier Sud,77.9
2026-06-20T10:15:00,Siège Est,86.2
2026-06-20T10:15:00,Usine Nord,565.5
2026-06-20T10:30:00,Atelier Sud,29.4
2026-06-20T10:30:00,Siège Est,69.4
2026-06-20T10:30:00,Usine Nord,510.6
2026-06-20T10:45:00,Atelier Sud,56.3
2026-06-20T10:45:00,Siège Est,74.4
2026-06-20T10:45:00,Usine Nord,520.3
2026-06-20T11:00:00,Atelier Sud,15.0
2026-06-20T11:00:00,Siège Est,63.2
2026-06-20T11:00:00,Usine Nord,513.5
2026-06-20T11:15:00,Atelier Sud,15.1
2026-06-20T11:15:00,Siège Est,97.7
2026-06-20T11:15:00,Usine Nord,483.3
2026-06-20T11:30:00,Atelier Sud,15.0
2026-06-20T11:30:00,Siège Est,67.6
2026-06-20T11:30:00,Usine Nord,536.4
2026-06-20T11:45:00,Atelier Sud,46.0
2026-06-20T11:45:00,Siège Est,76.9
2026-06-20T11:45:00,Usine Nord,565.0
2026-06-20T12:00:00,Atelier Sud,21.9
2026-06-20T12:00:00,Siège Est,70.3
2026-06-20T12:00:00,Usine Nord,560.1
2026-06-20T12:15:00,Atelier Sud,15.0
2026-06-20T12:15:00,Siège Est,75.4
2026-06-20T12:15:00,Usine Nord,518.2
2026-06-20T12:30:00,Atelier Sud,15.0
2026-06-20T12:30:00,Siège Est,74.0
2026-06-20T12:30:00,Usine Nord,503.5
2026-06-20T12:45:00,Atelier Sud,15.0
2026-06-20T12:45:00,Siège Est,80.9
2026-06-20T12:45:00,Usine Nord,511.1
2026-06-20T13:00:00,Atelier Sud,15.0
2026-06-20T13:00:00,Siège Est,69.8
2026-06-20T13:00:00,Usine Nord,534.5
2026-06-20T13:15:00,Atelier Sud,15.0
2026-06-20T13:15:00,Siège Est,83.8
2026-06-20T13:15:00,Usine Nord,514.5
2026-06-20T13:30:00,Atelier Sud,15.0
2026-06-20T13:30:00,Siège Est,85.5
2026-06-20T13:30:00,Usine Nord,540.5
2026-06-20T13:45:00,Atelier Sud,51.3
2026-06-20T13:45:00,Siège Est,68.3
2026-06-20T13:45:00,Usine Nord,529.5
2026-06-20T14:00:00,Atelier Sud,21.6
2026-06-20T14:00:00,Siège Est,82.7
2026-06-20T14:00:00,Usine Nord,496.0
2026-06-20T14:15:00,Atelier Sud,50.6
2026-06-20T14:15:00,Siège Est,78.1
2026-06-20T14:15:00,Usine Nord,497.9
2026-06-20T14:30:00,Atelier Sud,33.9
2026-06-20T14:30:00,Siège Est,59.3
2026-06-20T14:30:00,Usine Nord,541.9
2026-06-20T14:45:00,Atelier Sud,15.0
2026-06-20T14:45:00,Siège Est,82.3
2026-06-20T14:45:00,Usine Nord,542.0
2026-06-20T15:00:00,Atelier Sud,45.0
2026-06-20T15:00:00,Siège Est,72.3
2026-06-20T15:00:00,Usine Nord,523.5
2026-06-20T15:15:00,Atelier Sud,15.0
2026-06-20T15:15:00,Siège Est,80.2
2026-06-20T15:15:00,Usine Nord,555.7
2026-06-20T15:30:00,Atelier Sud,15.5
2026-06-20T15:30:00,Siège Est,73.3
2026-06-20T15:30:00,Usine Nord,521.9
2026-06-20T15:45:00,Atelier Sud,28.5
2026-06-20T15:45:00,Siège Est,76.8
2026-06-20T15:45:00,Usine Nord,516.8
2026-06-20T16:00:00,Atelier Sud,24.0
2026-06-20T16:00:00,Siège Est,82.0
2026-06-20T16:00:00,Usine Nord,522.3
2026-06-20T16:15:00,Atelier Sud,36.1
2026-06-20T16:15:00,Siège Est,81.6
2026-06-20T16:15:00,Usine Nord,535.4
2026-06-20T16:30:00,Atelier Sud,27.5
2026-06-20T16:30:00,Siège Est,70.3
2026-06-20T16:30:00,Usine Nord,472.6
2026-06-20T16:45:00,Atelier Sud,45.2
2026-06-20T16:45:00,Siège Est,61.2
2026-06-20T16:45:00,Usine Nord,526.3
2026-06-20T17:00:00,Atelier Sud,52.2
2026-06-20T17:00:00,Siège Est,73.0
2026-06-20T17:00:00,Usine Nord,526.5
2026-06-20T17:15:00,Atelier Sud,81.1
2026-06-20T17:15:00,Siège Est,77.4
2026-06-20T17:15:00,Usine Nord,504.6
2026-06-20T17:30:00,Atelier Sud,63.0
2026-06-20T17:30:00,Siège Est,74.5
2026-06-20T17:30:00,Usine Nord,504.4
2026-06-20T17:45:00,Atelier Sud,74.9
2026-06-20T17:45:00,Siège Est,67.2
2026-06-20T17:45:00,Usine Nord,550.5
2026-06-20T18:00:00,Atelier Sud,82.5
2026-06-20T18:00:00,Siège Est,78.2
2026-06-20T18:00:00,Usine Nord,512.9
2026-06-20T18:15:00,Atelier Sud,82.8
2026-06-20T18:15:00,Siège Est,93.3
2026-06-20T18:15:00,Usine Nord,516.6
2026-06-20T18:30:00,Atelier Sud,76.7
2026-06-20T18:30:00,Siège Est,55.3
2026-06-20T18:30:00,Usine Nord,543.6
2026-06-20T18:45:00,Atelier Sud,48.7
2026-06-20T18:45:00,Siège Est,66.1
2026-06-20T18:45:00,Usine Nord,496.0
2026-06-20T19:00:00,Atelier Sud,55.3
2026-06-20T19:00:00,Siège Est,74.2
2026-06-20T19:00:00,Usine Nord,577.7
2026-06-20T19:15:00,Atelier Sud,91.7
2026-06-20T19:15:00,Siège Est,82.5
2026-06-20T19:15:00,Usine Nord,506.8
2026-06-20T19:30:00,Atelier Sud,60.3
2026-06-20T19:30:00,Siège Est,82.6
2026-06-20T19:30:00,Usine Nord,509.1
2026-06-20T19:45:00,Atelier Sud,69.0
2026-06-20T19:45:00,Siège Est,83.3
2026-06-20T19:45:00,Usine Nord,491.2
2026-06-20T20:00:00,Atelier Sud,85.9
2026-06-20T20:00:00,Siège Est,87.3
2026-06-20T20:00:00,Usine Nord,509.5
2026-06-20T20:15:00,Atelier Sud,58.5
2026-06-20T20:15:00,Siège Est,89.0
2026-06-20T20:15:00,Usine Nord,502.0
2026-06-20T20:30:00,Atelier Sud,41.6
2026-06-20T20:30:00,Siège Est,75.7
2026-06-20T20:30:00,Usine Nord,512.8
2026-06-20T20:45:00,Atelier Sud,58.5
2026-06-20T20:45:00,Siège Est,72.5
2026-06-20T20:45:00,Usine Nord,498.6
2026-06-20T21:00:00,Atelier Sud,82.4
2026-06-20T21:00:00,Siège Est,58.4
2026-06-20T21:00:00,Usine Nord,470.1
2026-06-20T21:15:00,Atelier Sud,84.7
2026-06-20T21:15:00,Siège Est,82.1
2026-06-20T21:15:00,Usine Nord,549.0
2026-06-20T21:30:00,Atelier Sud,79.7
2026-06-20T21:30:00,Siège Est,86.0
2026-06-20T21:30:00,Usine Nord,539.7
2026-06-20T21:45:00,Atelier Sud,103.2
2026-06-20T21:45:00,Siège Est,74.7
2026-06-20T21:45:00,Usine Nord,537.5
2026-06-20T22:00:00,Atelier Sud,88.4
2026-06-20T22:00:00,Siège Est,83.6
2026-06-20T22:00:00,Usine Nord,369.1
2026-06-20T22:15:00,Atelier Sud,43.9
2026-06-20T22:15:00,Siège Est,72.0
2026-06-20T22:15:00,Usine Nord,370.3
2026-06-20T22:30:00,Atelier Sud,44.8
2026-06-20T22:30:00,Siège Est,76.9
2026-06-20T22:30:00,Usine Nord,341.5
2026-06-20T22:45:00,Atelier Sud,68.3
2026-06-20T22:45:00,Siège Est,67.5
2026-06-20T22:45:00,Usine Nord,420.8
2026-06-20T23:00:00,Atelier Sud,44.6
2026-06-20T23:00:00,Siège Est,93.2
2026-06-20T23:00:00,Usine Nord,343.9
2026-06-20T23:15:00,Atelier Sud,84.0
2026-06-20T23:15:00,Siège Est,89.9
2026-06-20T23:15:00,Usine Nord,330.3
2026-06-20T23:30:00,Atelier Sud,41.9
2026-06-20T23:30:00,Siège Est,61.7
2026-06-20T23:30:00,Usine Nord,402.2
2026-06-20T23:45:00,Atelier Sud,70.8
2026-06-20T23:45:00,Siège Est,77.6
2026-06-20T23:45:00,Usine Nord,348.2
2026-06-21T00:00:00,Atelier Sud,55.8
2026-06-21T00:00:00,Siège Est,75.7
2026-06-21T00:00:00,Usine Nord,358.2
2026-06-21T00:15:00,Atelier Sud,78.7
2026-06-21T00:15:00,Siège Est,76.5
2026-06-21T00:15:00,Usine Nord,334.8
2026-06-21T00:30:00,Atelier Sud,99.2
2026-06-21T00:30:00,Siège Est,84.2
2026-06-21T00:30:00,Usine Nord,351.3
2026-06-21T00:45:00,Atelier Sud,71.5
2026-06-21T00:45:00,Siège Est,73.2
2026-06-21T00:45:00,Usine Nord,367.6
2026-06-21T01:00:00,Atelier Sud,34.7
2026-06-21T01:00:00,Siège Est,81.0
2026-06-21T01:00:00,Usine Nord,364.2
2026-06-21T01:15:00,Atelier Sud,60.5
2026-06-21T01:15:00,Siège Est,72.5
2026-06-21T01:15:00,Usine Nord,330.0
2026-06-21T01:30:00,Atelier Sud,58.8
2026-06-21T01:30:00,Siège Est,96.5
2026-06-21T01:30:00,Usine Nord,373.7
2026-06-21T01:45:00,Atelier Sud,70.9
2026-06-21T01:45:00,Siège Est,70.9
2026-06-21T01:45:00,Usine Nord,339.8
2026-06-21T02:00:00,Atelier Sud,91.5
2026-06-21T02:00:00,Siège Est,65.5
2026-06-21T02:00:00,Usine Nord,322.5
2026-06-21T02:15:00,Atelier Sud,63.9
2026-06-21T02:15:00,Siège Est,79.0
2026-06-21T02:15:00,Usine Nord,377.0
2026-06-21T02:30:00,Atelier Sud,60.1
2026-06-21T02:30:00,Siège Est,65.2
2026-06-21T02:30:00,Usine Nord,364.3
2026-06-21T02:45:00,Atelier Sud,49.9
2026-06-21T02:45:00,Siège Est,69.2
2026-06-21T02:45:00,Usine Nord,351.9
2026-06-21T03:00:00,Atelier Sud,47.3
2026-06-21T03:00:00,Siège Est,72.5
2026-06-21T03:00:00,Usine Nord,339.8
2026-06-21T03:15:00,Atelier Sud,51.6
2026-06-21T03:15:00,Siège Est,74.8
2026-06-21T03:15:00,Usine Nord,373.9
2026-06-21T03:30:00,Atelier Sud,67.6
2026-06-21T03:30:00,Siège Est,76.9
2026-06-21T03:30:00,Usine Nord,351.0
2026-06-21T03:45:00,Atelier Sud,78.8
2026-06-21T03:45:00,Siège Est,76.4
2026-06-21T03:45:00,Usine Nord,341.6
2026-06-21T04:00:00,Atelier Sud,72.8
2026-06-21T04:00:00,Siège Est,74.7
2026-06-21T04:00:00,Usine Nord,369.3
2026-06-21T04:15:00,Atelier Sud,62.2
2026-06-21T04:15:00,Siège Est,83.5
2026-06-21T04:15:00,Usine Nord,363.2
2026-06-21T04:30:00,Atelier Sud,75.1
2026-06-21T04:30:00,Siège Est,74.8
2026-06-21T04:30:00,Usine Nord,330.3
2026-06-21T04:45:00,Atelier Sud,60.1
2026-06-21T04:45:00,Siège Est,82.2
2026-06-21T04:45:00,Usine Nord,384.6
2026-06-21T05:00:00,Atelier Sud,84.7
2026-06-21T05:00:00,Siège Est,79.0
2026-06-21T05:00:00,Usine Nord,320.0
2026-06-21T05:15:00,Atelier Sud,51.6
2026-06-21T05:15:00,Siège Est,79.8
2026-06-21T05:15:00,Usine Nord,339.1
2026-06-21T05:30:00,Atelier Sud,46.5
2026-06-21T05:30:00,Siège Est,63.2
2026-06-21T05:30:00,Usine Nord,364.9
2026-06-21T05:45:00,Atelier Sud,71.6
2026-06-21T05:45:00,Siège Est,70.3
2026-06-21T05:45:00,Usine Nord,354.9
2026-06-21T06:00:00,Atelier Sud,60.9
2026-06-21T06:00:00,Siège Est,82.0
2026-06-21T06:00:00,Usine Nord,540.4
2026-06-21T06:15:00,Atelier Sud,92.0
2026-06-21T06:15:00,Siège Est,75.0
2026-06-21T06:15:00,Usine Nord,535.6
2026-06-21T06:30:00,Atelier Sud,66.7
2026-06-21T06:30:00,Siège Est,65.5
2026-06-21T06:30:00,Usine Nord,470.4
2026-06-21T06:45:00,Atelier Sud,82.8
2026-06-21T06:45:00,Siège Est,82.5
2026-06-21T06:45:00,Usine Nord,552.1
2026-06-21T07:00:00,Atelier Sud,85.3
2026-06-21T07:00:00,Siège Est,81.0
2026-06-21T07:00:00,Usine Nord,511.8
2026-06-21T07:15:00,Atelier Sud,90.4
2026-06-21T07:15:00,Siège Est,78.0
2026-06-21T07:15:00,Usine Nord,522.8
2026-06-21T07:30:00,Atelier Sud,89.0
2026-06-21T07:30:00,Siège Est,71.5
2026-06-21T07:30:00,Usine Nord,506.0
2026-06-21T07:45:00,Atelier Sud,51.5
2026-06-21T07:45:00,Siège Est,82.1
2026-06-21T07:45:00,Usine Nord,499.0
2026-06-21T08:00:00,Atelier Sud,33.6
2026-06-21T08:00:00,Siège Est,73.9
2026-06-21T08:00:00,Usine Nord,537.0
2026-06-21T08:15:00,Atelier Sud,59.0
2026-06-21T08:15:00,Siège Est,71.9
2026-06-21T08:15:00,Usine Nord,533.4
2026-06-21T08:30:00,Atelier Sud,62.1
2026-06-21T08:30:00,Siège Est,79.8
2026-06-21T08:30:00,Usine Nord,528.5
2026-06-21T08:45:00,Atelier Sud,73.7
2026-06-21T08:45:00,Siège Est,70.0
2026-06-21T08:45:00,Usine Nord,508.5
2026-06-21T09:00:00,Atelier Sud,60.0
2026-06-21T09:00:00,Siège Est,81.5
2026-06-21T09:00:00,Usine Nord,557.7
2026-06-21T09:15:00,Atelier Sud,91.0
2026-06-21T09:15:00,Siège Est,73.7
2026-06-21T09:15:00,Usine Nord,531.3
2026-06-21T09:30:00,Atelier Sud,15.3
2026-06-21T09:30:00,Siège Est,80.1
2026-06-21T09:30:00,Usine Nord,536.0
2026-06-21T09:45:00,Atelier Sud,73.3
2026-06-21T09:45:00,Siège Est,63.0
2026-06-21T09:45:00,Usine Nord,524.9
2026-06-21T10:00:00,Atelier Sud,15.0
2026-06-21T10:00:00,Siège Est,71.0
2026-06-21T10:00:00,Usine Nord,529.6
2026-06-21T10:15:00,Atelier Sud,19.5
2026-06-21T10:15:00,Siège Est,67.8
2026-06-21T10:15:00,Usine Nord,548.6
2026-06-21T10:30:00,Atelier Sud,24.2
2026-06-21T10:30:00,Siège Est,62.9
2026-06-21T10:30:00,Usine Nord,546.2
2026-06-21T10:45:00,Atelier Sud,22.5
2026-06-21T10:45:00,Siège Est,87.0
2026-06-21T10:45:00,Usine Nord,547.6
2026-06-21T11:00:00,Atelier Sud,63.4
2026-06-21T11:00:00,Siège Est,71.2
2026-06-21T11:00:00,Usine Nord,525.6
2026-06-21T11:15:00,Atelier Sud,35.9
2026-06-21T11:15:00,Siège Est,79.6
2026-06-21T11:15:00,Usine Nord,526.1
2026-06-21T11:30:00,Atelier Sud,56.2
2026-06-21T11:30:00,Siège Est,65.0
2026-06-21T11:30:00,Usine Nord,497.5
2026-06-21T11:45:00,Atelier Sud,46.3
2026-06-21T11:45:00,Siège Est,70.7
2026-06-21T11:45:00,Usine Nord,518.9
2026-06-21T12:00:00,Atelier Sud,15.0
2026-06-21T12:00:00,Siège Est,91.7
2026-06-21T12:00:00,Usine Nord,510.8
2026-06-21T12:15:00,Atelier Sud,15.0
2026-06-21T12:15:00,Siège Est,91.7
2026-06-21T12:15:00,Usine Nord,504.8
2026-06-21T12:30:00,Atelier Sud,15.0
2026-06-21T12:30:00,Siège Est,77.1
2026-06-21T12:30:00,Usine Nord,523.2
2026-06-21T12:45:00,Atelier Sud,15.0
2026-06-21T12:45:00,Siège Est,80.1
2026-06-21T12:45:00,Usine Nord,524.8
2026-06-21T13:00:00,Atelier Sud,40.4
2026-06-21T13:00:00,Siège Est,61.0
2026-06-21T13:00:00,Usine Nord,507.4
2026-06-21T13:15:00,Atelier Sud,15.0
2026-06-21T13:15:00,Siège Est,81.8
2026-06-21T13:15:00,Usine Nord,485.7
2026-06-21T13:30:00,Atelier Sud,37.4
2026-06-21T13:30:00,Siège Est,82.1
2026-06-21T13:30:00,Usine Nord,517.3
2026-06-21T13:45:00,Atelier Sud,15.0
2026-06-21T13:45:00,Siège Est,83.0
2026-06-21T13:45:00,Usine Nord,523.2
2026-06-21T14:00:00,Atelier Sud,30.2
2026-06-21T14:00:00,Siège Est,77.7
2026-06-21T14:00:00,Usine Nord,529.9
2026-06-21T14:15:00,Atelier Sud,15.1
2026-06-21T14:15:00,Siège Est,70.2
2026-06-21T14:15:00,Usine Nord,503.5
2026-06-21T14:30:00,Atelier Sud,58.5
2026-06-21T14:30:00,Siège Est,65.8
2026-06-21T14:30:00,Usine Nord,494.1
2026-06-21T14:45:00,Atelier Sud,34.2
2026-06-21T14:45:00,Siège Est,67.3
2026-06-21T14:45:00,Usine Nord,482.3
2026-06-21T15:00:00,Atelier Sud,77.4
2026-06-21T15:00:00,Siège Est,67.3
2026-06-21T15:00:00,Usine Nord,522.6
2026-06-21T15:15:00,Atelier Sud,25.5
2026-06-21T15:15:00,Siège Est,82.4
2026-06-21T15:15:00,Usine Nord,509.9
2026-06-21T15:30:00,Atelier Sud,15.0
2026-06-21T15:30:00,Siège Est,87.7
2026-06-21T15:30:00,Usine Nord,535.8
2026-06-21T15:45:00,Atelier Sud,38.2
2026-06-21T15:45:00,Siège Est,61.7
2026-06-21T15:45:00,Usine Nord,491.4
2026-06-21T16:00:00,Atelier Sud,43.2
2026-06-21T16:00:00,Siège Est,69.9
2026-06-21T16:00:00,Usine Nord,552.0
2026-06-21T16:15:00,Atelier Sud,30.9
2026-06-21T16:15:00,Siège Est,70.8
2026-06-21T16:15:00,Usine Nord,518.6
2026-06-21T16:30:00,Atelier Sud,34.5
2026-06-21T16:30:00,Siège Est,69.5
2026-06-21T16:30:00,Usine Nord,518.0
2026-06-21T16:45:00,Atelier Sud,51.8
2026-06-21T16:45:00,Siège Est,80.8
2026-06-21T16:45:00,Usine Nord,525.9
2026-06-21T17:00:00,Atelier Sud,93.9
2026-06-21T17:00:00,Siège Est,83.4
2026-06-21T17:00:00,Usine Nord,538.2
2026-06-21T17:15:00,Atelier Sud,43.9
2026-06-21T17:15:00,Siège Est,77.9
2026-06-21T17:15:00,Usine Nord,540.3
2026-06-21T17:30:00,Atelier Sud,70.2
2026-06-21T17:30:00,Siège Est,69.0
2026-06-21T17:30:00,Usine Nord,482.0
2026-06-21T17:45:00,Atelier Sud,53.8
2026-06-21T17:45:00,Siège Est,76.3
2026-06-21T17:45:00,Usine Nord,510.1
2026-06-21T18:00:00,Atelier Sud,90.9
2026-06-21T18:00:00,Siège Est,65.6
2026-06-21T18:00:00,Usine Nord,532.4
2026-06-21T18:15:00,Atelier Sud,47.3
2026-06-21T18:15:00,Siège Est,64.5
2026-06-21T18:15:00,Usine Nord,535.4
2026-06-21T18:30:00,Atelier Sud,84.7
2026-06-21T18:30:00,Siège Est,75.8
2026-06-21T18:30:00,Usine Nord,527.5
2026-06-21T18:45:00,Atelier Sud,66.8
2026-06-21T18:45:00,Siège Est,79.1
2026-06-21T18:45:00,Usine Nord,503.2
2026-06-21T19:00:00,Atelier Sud,74.3
2026-06-21T19:00:00,Siège Est,70.0
2026-06-21T19:00:00,Usine Nord,531.9
2026-06-21T19:15:00,Atelier Sud,76.3
2026-06-21T19:15:00,Siège Est,76.6
2026-06-21T19:15:00,Usine Nord,518.7
2026-06-21T19:30:00,Atelier Sud,63.7
2026-06-21T19:30:00,Siège Est,80.1
2026-06-21T19:30:00,Usine Nord,522.7
2026-06-21T19:45:00,Atelier Sud,60.4
2026-06-21T19:45:00,Siège Est,85.0
2026-06-21T19:45:00,Usine Nord,549.6
2026-06-21T20:00:00,Atelier Sud,98.6
2026-06-21T20:00:00,Siège Est,72.6
2026-06-21T20:00:00,Usine Nord,520.4
2026-06-21T20:15:00,Atelier Sud,80.7
2026-06-21T20:15:00,Siège Est,69.8
2026-06-21T20:15:00,Usine Nord,532.7
2026-06-21T20:30:00,Atelier Sud,78.1
2026-06-21T20:30:00,Siège Est,74.3
2026-06-21T20:30:00,Usine Nord,554.8
2026-06-21T20:45:00,Atelier Sud,93.7
2026-06-21T20:45:00,Siège Est,78.5
2026-06-21T20:45:00,Usine Nord,544.7
2026-06-21T21:00:00,Atelier Sud,62.8
2026-06-21T21:00:00,Siège Est,67.6
2026-06-21T21:00:00,Usine Nord,495.2
2026-06-21T21:15:00,Atelier Sud,85.4
2026-06-21T21:15:00,Siège Est,73.9
2026-06-21T21:15:00,Usine Nord,499.2
2026-06-21T21:30:00,Atelier Sud,70.0
2026-06-21T21:30:00,Siège Est,75.8
2026-06-21T21:30:00,Usine Nord,478.7
2026-06-21T21:45:00,Atelier Sud,49.7
2026-06-21T21:45:00,Siège Est,63.5
2026-06-21T21:45:00,Usine Nord,546.0
2026-06-21T22:00:00,Atelier Sud,62.5
2026-06-21T22:00:00,Siège Est,78.0
2026-06-21T22:00:00,Usine Nord,353.0
2026-06-21T22:15:00,Atelier Sud,74.6
2026-06-21T22:15:00,Siège Est,64.7
2026-06-21T22:15:00,Usine Nord,344.9
2026-06-21T22:30:00,Atelier Sud,59.9
2026-06-21T22:30:00,Siège Est,79.4
2026-06-21T22:30:00,Usine Nord,354.9
2026-06-21T22:45:00,Atelier Sud,58.5
2026-06-21T22:45:00,Siège Est,63.4
2026-06-21T22:45:00,Usine Nord,331.0
2026-06-21T23:00:00,Atelier Sud,82.0
2026-06-21T23:00:00,Siège Est,64.3
2026-06-21T23:00:00,Usine Nord,369.2
2026-06-21T23:15:00,Atelier Sud,74.2
2026-06-21T23:15:00,Siège Est,85.5
2026-06-21T23:15:00,Usine Nord,337.2
2026-06-21T23:30:00,Atelier Sud,65.3
2026-06-21T23:30:00,Siège Est,66.9
2026-06-21T23:30:00,Usine Nord,376.6
2026-06-21T23:45:00,Atelier Sud,49.8
2026-06-21T23:45:00,Siège Est,65.4
2026-06-21T23:45:00,Usine Nord,362.6
2026-06-22T00:00:00,Atelier Sud,80.7
2026-06-22T00:00:00,Siège Est,81.1
2026-06-22T00:00:00,Usine Nord,647.2
2026-06-22T00:15:00,Atelier Sud,88.3
2026-06-22T00:15:00,Siège Est,64.5
2026-06-22T00:15:00,Usine Nord,660.8
2026-06-22T00:30:00,Atelier Sud,74.0
2026-06-22T00:30:00,Siège Est,76.2
2026-06-22T00:30:00,Usine Nord,643.2
2026-06-22T00:45:00,Atelier Sud,81.3
2026-06-22T00:45:00,Siège Est,83.2
2026-06-22T00:45:00,Usine Nord,647.9
2026-06-22T01:00:00,Atelier Sud,69.9
2026-06-22T01:00:00,Siège Est,69.9
2026-06-22T01:00:00,Usine Nord,675.1
2026-06-22T01:15:00,Atelier Sud,89.0
2026-06-22T01:15:00,Siège Est,72.5
2026-06-22T01:15:00,Usine Nord,685.5
2026-06-22T01:30:00,Atelier Sud,87.3
2026-06-22T01:30:00,Siège Est,75.6
2026-06-22T01:30:00,Usine Nord,660.8
2026-06-22T01:45:00,Atelier Sud,76.7
2026-06-22T01:45:00,Siège Est,84.9
2026-06-22T01:45:00,Usine Nord,679.4
2026-06-22T02:00:00,Atelier Sud,86.3
2026-06-22T02:00:00,Siège Est,70.0
2026-06-22T02:00:00,Usine Nord,614.1
2026-06-22T02:15:00,Atelier Sud,71.4
2026-06-22T02:15:00,Siège Est,66.5
2026-06-22T02:15:00,Usine Nord,651.8
2026-06-22T02:30:00,Atelier Sud,94.0
2026-06-22T02:30:00,Siège Est,73.9
2026-06-22T02:30:00,Usine Nord,648.4
2026-06-22T02:45:00,Atelier Sud,88.3
2026-06-22T02:45:00,Siège Est,76.2
2026-06-22T02:45:00,Usine Nord,638.4
2026-06-22T03:00:00,Atelier Sud,70.7
2026-06-22T03:00:00,Siège Est,83.9
2026-06-22T03:00:00,Usine Nord,660.5
2026-06-22T03:15:00,Atelier Sud,90.1
2026-06-22T03:15:00,Siège Est,68.4
2026-06-22T03:15:00,Usine Nord,691.0
2026-06-22T03:30:00,Atelier Sud,76.7
2026-06-22T03:30:00,Siège Est,74.5
2026-06-22T03:30:00,Usine Nord,660.2
2026-06-22T03:45:00,Atelier Sud,70.2
2026-06-22T03:45:00,Siège Est,64.7
2026-06-22T03:45:00,Usine Nord,673.5
2026-06-22T04:00:00,Atelier Sud,75.9
2026-06-22T04:00:00,Siège Est,80.0
2026-06-22T04:00:00,Usine Nord,679.3
2026-06-22T04:15:00,Atelier Sud,65.7
2026-06-22T04:15:00,Siège Est,68.8
2026-06-22T04:15:00,Usine Nord,678.1
2026-06-22T04:30:00,Atelier Sud,81.1
2026-06-22T04:30:00,Siège Est,81.8
2026-06-22T04:30:00,Usine Nord,650.7
2026-06-22T04:45:00,Atelier Sud,71.5
2026-06-22T04:45:00,Siège Est,81.2
2026-06-22T04:45:00,Usine Nord,635.8
2026-06-22T05:00:00,Atelier Sud,73.6
2026-06-22T05:00:00,Siège Est,73.7
2026-06-22T05:00:00,Usine Nord,674.2
2026-06-22T05:15:00,Atelier Sud,101.1
2026-06-22T05:15:00,Siège Est,60.3
2026-06-22T05:15:00,Usine Nord,668.4
2026-06-22T05:30:00,Atelier Sud,38.2
2026-06-22T05:30:00,Siège Est,77.8
2026-06-22T05:30:00,Usine Nord,639.4
2026-06-22T05:45:00,Atelier Sud,67.1
2026-06-22T05:45:00,Siège Est,82.7
2026-06-22T05:45:00,Usine Nord,684.7
2026-06-22T06:00:00,Atelier Sud,91.3
2026-06-22T06:00:00,Siège Est,62.3
2026-06-22T06:00:00,Usine Nord,932.9
2026-06-22T06:15:00,Atelier Sud,85.1
2026-06-22T06:15:00,Siège Est,71.9
2026-06-22T06:15:00,Usine Nord,924.2
2026-06-22T06:30:00,Atelier Sud,101.4
2026-06-22T06:30:00,Siège Est,67.4
2026-06-22T06:30:00,Usine Nord,949.7
2026-06-22T06:45:00,Atelier Sud,161.5
2026-06-22T06:45:00,Siège Est,59.1
2026-06-22T06:45:00,Usine Nord,922.3
2026-06-22T07:00:00,Atelier Sud,189.8
2026-06-22T07:00:00,Siège Est,62.6
2026-06-22T07:00:00,Usine Nord,947.6
2026-06-22T07:15:00,Atelier Sud,176.0
2026-06-22T07:15:00,Siège Est,79.7
2026-06-22T07:15:00,Usine Nord,949.7
2026-06-22T07:30:00,Atelier Sud,201.9
2026-06-22T07:30:00,Siège Est,54.1
2026-06-22T07:30:00,Usine Nord,938.4
2026-06-22T07:45:00,Atelier Sud,213.8
2026-06-22T07:45:00,Siège Est,77.3
2026-06-22T07:45:00,Usine Nord,952.5
2026-06-22T08:00:00,Atelier Sud,223.5
2026-06-22T08:00:00,Siège Est,243.9
2026-06-22T08:00:00,Usine Nord,923.5
2026-06-22T08:15:00,Atelier Sud,261.7
2026-06-22T08:15:00,Siège Est,253.8
2026-06-22T08:15:00,Usine Nord,1099.1
2026-06-22T08:30:00,Atelier Sud,266.5
2026-06-22T08:30:00,Siège Est,257.9
2026-06-22T08:30:00,Usine Nord,968.7
2026-06-22T08:45:00,Atelier Sud,249.7
2026-06-22T08:45:00,Siège Est,250.7
2026-06-22T08:45:00,Usine Nord,971.1
2026-06-22T09:00:00,Atelier Sud,252.6
2026-06-22T09:00:00,Siège Est,242.4
2026-06-22T09:00:00,Usine Nord,969.6
2026-06-22T09:15:00,Atelier Sud,302.6
2026-06-22T09:15:00,Siège Est,234.9
2026-06-22T09:15:00,Usine Nord,942.1
2026-06-22T09:30:00,Atelier Sud,302.2
2026-06-22T09:30:00,Siège Est,265.3
2026-06-22T09:30:00,Usine Nord,960.9
2026-06-22T09:45:00,Atelier Sud,271.9
2026-06-22T09:45:00,Siège Est,245.2
2026-06-22T09:45:00,Usine Nord,943.7
2026-06-22T10:00:00,Atelier Sud,280.9
2026-06-22T10:00:00,Siège Est,247.1
2026-06-22T10:00:00,Usine Nord,976.8
2026-06-22T10:15:00,Atelier Sud,350.6
2026-06-22T10:15:00,Siège Est,245.6
2026-06-22T10:15:00,Usine Nord,925.3
2026-06-22T10:30:00,Atelier Sud,270.3
2026-06-22T10:30:00,Siège Est,270.0
2026-06-22T10:30:00,Usine Nord,957.3
2026-06-22T10:45:00,Atelier Sud,332.1
2026-06-22T10:45:00,Siège Est,261.8
2026-06-22T10:45:00,Usine Nord,940.9
2026-06-22T11:00:00,Atelier Sud,351.0
2026-06-22T11:00:00,Siège Est,246.7
2026-06-22T11:00:00,Usine Nord,966.4
2026-06-22T11:15:00,Atelier Sud,323.2
2026-06-22T11:15:00,Siège Est,245.2
2026-06-22T11:15:00,Usine Nord,952.6
2026-06-22T11:30:00,Atelier Sud,332.1
2026-06-22T11:30:00,Siège Est,254.6
2026-06-22T11:30:00,Usine Nord,912.3
2026-06-22T11:45:00,Atelier Sud,305.8
2026-06-22T11:45:00,Siège Est,252.4
2026-06-22T11:45:00,Usine Nord,944.0
2026-06-22T12:00:00,Atelier Sud,334.7
2026-06-22T12:00:00,Siège Est,261.1
2026-06-22T12:00:00,Usine Nord,929.7
2026-06-22T12:15:00,Atelier Sud,370.7
2026-06-22T12:15:00,Siège Est,248.9
2026-06-22T12:15:00,Usine Nord,960.9
2026-06-22T12:30:00,Atelier Sud,306.1
2026-06-22T12:30:00,Siège Est,259.3
2026-06-22T12:30:00,Usine Nord,969.6
2026-06-22T12:45:00,Atelier Sud,284.1
2026-06-22T12:45:00,Siège Est,254.0
2026-06-22T12:45:00,Usine Nord,925.0
2026-06-22T13:00:00,Atelier Sud,312.6
2026-06-22T13:00:00,Siège Est,242.1
2026-06-22T13:00:00,Usine Nord,960.3
2026-06-22T13:15:00,Atelier Sud,308.6
2026-06-22T13:15:00,Siège Est,255.9
2026-06-22T13:15:00,Usine Nord,929.0
2026-06-22T13:30:00,Atelier Sud,331.0
2026-06-22T13:30:00,Siège Est,265.1
2026-06-22T13:30:00,Usine Nord,940.1
2026-06-22T13:45:00,Atelier Sud,285.0
2026-06-22T13:45:00,Siège Est,256.1
2026-06-22T13:45:00,Usine Nord,954.5
2026-06-22T14:00:00,Atelier Sud,334.2
2026-06-22T14:00:00,Siège Est,250.2
2026-06-22T14:00:00,Usine Nord,977.4
2026-06-22T14:15:00,Atelier Sud,238.2
2026-06-22T14:15:00,Siège Est,275.3
2026-06-22T14:15:00,Usine Nord,961.2
2026-06-22T14:30:00,Atelier Sud,298.3
2026-06-22T14:30:00,Siège Est,248.7
2026-06-22T14:30:00,Usine Nord,965.1
2026-06-22T14:45:00,Atelier Sud,261.0
2026-06-22T14:45:00,Siège Est,243.5
2026-06-22T14:45:00,Usine Nord,940.5
2026-06-22T15:00:00,Atelier Sud,232.5
2026-06-22T15:00:00,Siège Est,255.8
2026-06-22T15:00:00,Usine Nord,947.9
2026-06-22T15:15:00,Atelier Sud,253.8
2026-06-22T15:15:00,Siège Est,250.2
2026-06-22T15:15:00,Usine Nord,964.5
2026-06-22T15:30:00,Atelier Sud,215.5
2026-06-22T15:30:00,Siège Est,257.5
2026-06-22T15:30:00,Usine Nord,954.6
2026-06-22T15:45:00,Atelier Sud,212.1
2026-06-22T15:45:00,Siège Est,248.9
2026-06-22T15:45:00,Usine Nord,954.5
2026-06-22T16:00:00,Atelier Sud,167.6
2026-06-22T16:00:00,Siège Est,268.6
2026-06-22T16:00:00,Usine Nord,959.7
2026-06-22T16:15:00,Atelier Sud,198.7
2026-06-22T16:15:00,Siège Est,254.3
2026-06-22T16:15:00,Usine Nord,987.0
2026-06-22T16:30:00,Atelier Sud,167.8
2026-06-22T16:30:00,Siège Est,259.8
2026-06-22T16:30:00,Usine Nord,980.8
2026-06-22T16:45:00,Atelier Sud,156.4
2026-06-22T16:45:00,Siège Est,246.8
2026-06-22T16:45:00,Usine Nord,982.0
2026-06-22T17:00:00,Atelier Sud,113.2
2026-06-22T17:00:00,Siège Est,253.9
2026-06-22T17:00:00,Usine Nord,959.6
2026-06-22T17:15:00,Atelier Sud,120.6
2026-06-22T17:15:00,Siège Est,249.2
2026-06-22T17:15:00,Usine Nord,934.5
2026-06-22T17:30:00,Atelier Sud,93.9
2026-06-22T17:30:00,Siège Est,250.9
2026-06-22T17:30:00,Usine Nord,925.8
2026-06-22T17:45:00,Atelier Sud,90.6
2026-06-22T17:45:00,Siège Est,263.5
2026-06-22T17:45:00,Usine Nord,954.4
2026-06-22T18:00:00,Atelier Sud,72.6
2026-06-22T18:00:00,Siège Est,264.2
2026-06-22T18:00:00,Usine Nord,929.8
2026-06-22T18:15:00,Atelier Sud,66.4
2026-06-22T18:15:00,Siège Est,242.1
2026-06-22T18:15:00,Usine Nord,909.1
2026-06-22T18:30:00,Atelier Sud,87.6
2026-06-22T18:30:00,Siège Est,248.0
2026-06-22T18:30:00,Usine Nord,944.7
2026-06-22T18:45:00,Atelier Sud,80.3
2026-06-22T18:45:00,Siège Est,264.8
2026-06-22T18:45:00,Usine Nord,999.6
2026-06-22T19:00:00,Atelier Sud,77.2
2026-06-22T19:00:00,Siège Est,67.3
2026-06-22T19:00:00,Usine Nord,951.6
2026-06-22T19:15:00,Atelier Sud,95.1
2026-06-22T19:15:00,Siège Est,76.6
2026-06-22T19:15:00,Usine Nord,954.6
2026-06-22T19:30:00,Atelier Sud,64.7
2026-06-22T19:30:00,Siège Est,73.2
2026-06-22T19:30:00,Usine Nord,950.0
2026-06-22T19:45:00,Atelier Sud,69.2
2026-06-22T19:45:00,Siège Est,77.4
2026-06-22T19:45:00,Usine Nord,954.9
2026-06-22T20:00:00,Atelier Sud,84.0
2026-06-22T20:00:00,Siège Est,66.6
2026-06-22T20:00:00,Usine Nord,922.6
2026-06-22T20:15:00,Atelier Sud,70.0
2026-06-22T20:15:00,Siège Est,78.9
2026-06-22T20:15:00,Usine Nord,957.2
2026-06-22T20:30:00,Atelier Sud,58.3
2026-06-22T20:30:00,Siège Est,77.7
2026-06-22T20:30:00,Usine Nord,968.7
2026-06-22T20:45:00,Atelier Sud,77.8
2026-06-22T20:45:00,Siège Est,72.0
2026-06-22T20:45:00,Usine Nord,957.1
2026-06-22T21:00:00,Atelier Sud,80.3
2026-06-22T21:00:00,Siège Est,74.3
2026-06-22T21:00:00,Usine Nord,957.9
2026-06-22T21:15:00,Atelier Sud,52.7
2026-06-22T21:15:00,Siège Est,83.4
2026-06-22T21:15:00,Usine Nord,952.2
2026-06-22T21:30:00,Atelier Sud,79.5
2026-06-22T21:30:00,Siège Est,80.1
2026-06-22T21:30:00,Usine Nord,967.2
2026-06-22T21:45:00,Atelier Sud,62.2
2026-06-22T21:45:00,Siège Est,86.2
2026-06-22T21:45:00,Usine Nord,926.9
2026-06-22T22:00:00,Atelier Sud,70.8
2026-06-22T22:00:00,Siège Est,97.9
2026-06-22T22:00:00,Usine Nord,607.0
2026-06-22T22:15:00,Atelier Sud,73.3
2026-06-22T22:15:00,Siège Est,70.5
2026-06-22T22:15:00,Usine Nord,639.3
2026-06-22T22:30:00,Atelier Sud,90.7
2026-06-22T22:30:00,Siège Est,69.9
2026-06-22T22:30:00,Usine Nord,649.4
2026-06-22T22:45:00,Atelier Sud,75.3
2026-06-22T22:45:00,Siège Est,67.6
2026-06-22T22:45:00,Usine Nord,663.1
2026-06-22T23:00:00,Atelier Sud,86.4
2026-06-22T23:00:00,Siège Est,76.9
2026-06-22T23:00:00,Usine Nord,633.7
2026-06-22T23:15:00,Atelier Sud,67.6
2026-06-22T23:15:00,Siège Est,76.8
2026-06-22T23:15:00,Usine Nord,653.6
2026-06-22T23:30:00,Atelier Sud,75.5
2026-06-22T23:30:00,Siège Est,59.2
2026-06-22T23:30:00,Usine Nord,648.9
2026-06-22T23:45:00,Atelier Sud,62.6
2026-06-22T23:45:00,Siège Est,84.4
2026-06-22T23:45:00,Usine Nord,665.5
2026-06-23T00:00:00,Atelier Sud,89.6
2026-06-23T00:00:00,Siège Est,75.5
2026-06-23T00:00:00,Usine Nord,639.7
2026-06-23T00:15:00,Atelier Sud,71.6
2026-06-23T00:15:00,Siège Est,67.9
2026-06-23T00:15:00,Usine Nord,663.4
2026-06-23T00:30:00,Atelier Sud,63.3
2026-06-23T00:30:00,Siège Est,75.9
2026-06-23T00:30:00,Usine Nord,665.9
2026-06-23T00:45:00,Atelier Sud,85.4
2026-06-23T00:45:00,Siège Est,56.9
2026-06-23T00:45:00,Usine Nord,643.9
2026-06-23T01:00:00,Atelier Sud,82.3
2026-06-23T01:00:00,Siège Est,69.7
2026-06-23T01:00:00,Usine Nord,646.6
2026-06-23T01:15:00,Atelier Sud,78.0
2026-06-23T01:15:00,Siège Est,75.3
2026-06-23T01:15:00,Usine Nord,639.9
2026-06-23T01:30:00,Atelier Sud,76.2
2026-06-23T01:30:00,Siège Est,80.6
2026-06-23T01:30:00,Usine Nord,634.4
2026-06-23T01:45:00,Atelier Sud,75.9
2026-06-23T01:45:00,Siège Est,76.3
2026-06-23T01:45:00,Usine Nord,636.1
2026-06-23T02:00:00,Atelier Sud,75.9
2026-06-23T02:00:00,Siège Est,67.7
2026-06-23T02:00:00,Usine Nord,626.4
2026-06-23T02:15:00,Atelier Sud,71.1
2026-06-23T02:15:00,Siège Est,68.1
2026-06-23T02:15:00,Usine Nord,665.3
2026-06-23T02:30:00,Atelier Sud,66.2
2026-06-23T02:30:00,Siège Est,77.5
2026-06-23T02:30:00,Usine Nord,658.5
2026-06-23T02:45:00,Atelier Sud,76.6
2026-06-23T02:45:00,Siège Est,88.1
2026-06-23T02:45:00,Usine Nord,647.0
2026-06-23T03:00:00,Atelier Sud,65.8
2026-06-23T03:00:00,Siège Est,73.0
2026-06-23T03:00:00,Usine Nord,652.0
2026-06-23T03:15:00,Atelier Sud,91.7
2026-06-23T03:15:00,Siège Est,65.9
2026-06-23T03:15:00,Usine Nord,650.5
2026-06-23T03:30:00,Atelier Sud,72.2
2026-06-23T03:30:00,Siège Est,65.0
2026-06-23T03:30:00,Usine Nord,682.1
2026-06-23T03:45:00,Atelier Sud,70.6
2026-06-23T03:45:00,Siège Est,75.0
2026-06-23T03:45:00,Usine Nord,668.7
2026-06-23T04:00:00,Atelier Sud,46.8
2026-06-23T04:00:00,Siège Est,55.3
2026-06-23T04:00:00,Usine Nord,642.5
2026-06-23T04:15:00,Atelier Sud,66.1
2026-06-23T04:15:00,Siège Est,65.4
2026-06-23T04:15:00,Usine Nord,664.6
2026-06-23T04:30:00,Atelier Sud,69.7
2026-06-23T04:30:00,Siège Est,69.0
2026-06-23T04:30:00,Usine Nord,614.2
2026-06-23T04:45:00,Atelier Sud,46.4
2026-06-23T04:45:00,Siège Est,81.9
2026-06-23T04:45:00,Usine Nord,639.0
2026-06-23T05:00:00,Atelier Sud,62.2
2026-06-23T05:00:00,Siège Est,74.7
2026-06-23T05:00:00,Usine Nord,633.0
2026-06-23T05:15:00,Atelier Sud,60.4
2026-06-23T05:15:00,Siège Est,81.7
2026-06-23T05:15:00,Usine Nord,656.5
2026-06-23T05:30:00,Atelier Sud,69.5
2026-06-23T05:30:00,Siège Est,84.1
2026-06-23T05:30:00,Usine Nord,637.7
2026-06-23T05:45:00,Atelier Sud,82.0
2026-06-23T05:45:00,Siège Est,65.2
2026-06-23T05:45:00,Usine Nord,632.6
2026-06-23T06:00:00,Atelier Sud,46.3
2026-06-23T06:00:00,Siège Est,78.8
2026-06-23T06:00:00,Usine Nord,935.4
2026-06-23T06:15:00,Atelier Sud,100.7
2026-06-23T06:15:00,Siège Est,66.2
2026-06-23T06:15:00,Usine Nord,920.2
2026-06-23T06:30:00,Atelier Sud,133.1
2026-06-23T06:30:00,Siège Est,96.0
2026-06-23T06:30:00,Usine Nord,922.6
2026-06-23T06:45:00,Atelier Sud,156.0
2026-06-23T06:45:00,Siège Est,83.3
2026-06-23T06:45:00,Usine Nord,929.9
2026-06-23T07:00:00,Atelier Sud,162.9
2026-06-23T07:00:00,Siège Est,73.9
2026-06-23T07:00:00,Usine Nord,958.9
2026-06-23T07:15:00,Atelier Sud,159.0
2026-06-23T07:15:00,Siège Est,76.7
2026-06-23T07:15:00,Usine Nord,956.6
2026-06-23T07:30:00,Atelier Sud,199.2
2026-06-23T07:30:00,Siège Est,84.0
2026-06-23T07:30:00,Usine Nord,967.1
2026-06-23T07:45:00,Atelier Sud,211.0
2026-06-23T07:45:00,Siège Est,68.7
2026-06-23T07:45:00,Usine Nord,987.0
2026-06-23T08:00:00,Atelier Sud,226.9
2026-06-23T08:00:00,Siège Est,249.2
2026-06-23T08:00:00,Usine Nord,970.5
2026-06-23T08:15:00,Atelier Sud,261.7
2026-06-23T08:15:00,Siège Est,247.4
2026-06-23T08:15:00,Usine Nord,911.8
2026-06-23T08:30:00,Atelier Sud,242.9
2026-06-23T08:30:00,Siège Est,257.9
2026-06-23T08:30:00,Usine Nord,937.4
2026-06-23T08:45:00,Atelier Sud,234.4
2026-06-23T08:45:00,Siège Est,260.8
2026-06-23T08:45:00,Usine Nord,983.5
2026-06-23T09:00:00,Atelier Sud,243.5
2026-06-23T09:00:00,Siège Est,254.1
2026-06-23T09:00:00,Usine Nord,954.3
2026-06-23T09:15:00,Atelier Sud,268.1
2026-06-23T09:15:00,Siège Est,264.2
2026-06-23T09:15:00,Usine Nord,959.0
2026-06-23T09:30:00,Atelier Sud,294.1
2026-06-23T09:30:00,Siège Est,244.3
2026-06-23T09:30:00,Usine Nord,955.5
2026-06-23T09:45:00,Atelier Sud,311.5
2026-06-23T09:45:00,Siège Est,265.7
2026-06-23T09:45:00,Usine Nord,921.1
2026-06-23T10:00:00,Atelier Sud,262.0
2026-06-23T10:00:00,Siège Est,265.2
2026-06-23T10:00:00,Usine Nord,959.7
2026-06-23T10:15:00,Atelier Sud,287.6
2026-06-23T10:15:00,Siège Est,267.9
2026-06-23T10:15:00,Usine Nord,947.6
2026-06-23T10:30:00,Atelier Sud,353.2
2026-06-23T10:30:00,Siège Est,240.6
2026-06-23T10:30:00,Usine Nord,929.5
2026-06-23T10:45:00,Atelier Sud,304.1
2026-06-23T10:45:00,Siège Est,251.6
2026-06-23T10:45:00,Usine Nord,958.8
2026-06-23T11:00:00,Atelier Sud,282.7
2026-06-23T11:00:00,Siège Est,267.4
2026-06-23T11:00:00,Usine Nord,987.6
2026-06-23T11:15:00,Atelier Sud,325.1
2026-06-23T11:15:00,Siège Est,255.0
2026-06-23T11:15:00,Usine Nord,946.8
2026-06-23T11:30:00,Atelier Sud,327.4
2026-06-23T11:30:00,Siège Est,239.8
2026-06-23T11:30:00,Usine Nord,1077.8
2026-06-23T11:45:00,Atelier Sud,295.4
2026-06-23T11:45:00,Siège Est,256.3
2026-06-23T11:45:00,Usine Nord,948.0
2026-06-23T12:00:00,Atelier Sud,310.0
2026-06-23T12:00:00,Siège Est,253.9
2026-06-23T12:00:00,Usine Nord,931.3
2026-06-23T12:15:00,Atelier Sud,318.2
2026-06-23T12:15:00,Siège Est,246.6
2026-06-23T12:15:00,Usine Nord,898.6
2026-06-23T12:30:00,Atelier Sud,324.7
2026-06-23T12:30:00,Siège Est,255.5
2026-06-23T12:30:00,Usine Nord,940.1
2026-06-23T12:45:00,Atelier Sud,360.0
2026-06-23T12:45:00,Siège Est,246.8
2026-06-23T12:45:00,Usine Nord,958.8
2026-06-23T13:00:00,Atelier Sud,355.7
2026-06-23T13:00:00,Siège Est,267.9
2026-06-23T13:00:00,Usine Nord,930.0
2026-06-23T13:15:00,Atelier Sud,325.5
2026-06-23T13:15:00,Siège Est,241.5
2026-06-23T13:15:00,Usine Nord,948.4
2026-06-23T13:30:00,Atelier Sud,343.4
2026-06-23T13:30:00,Siège Est,261.9
2026-06-23T13:30:00,Usine Nord,947.5
2026-06-23T13:45:00,Atelier Sud,267.9
2026-06-23T13:45:00,Siège Est,266.9
2026-06-23T13:45:00,Usine Nord,940.6
2026-06-23T14:00:00,Atelier Sud,314.7
2026-06-23T14:00:00,Siège Est,244.6
2026-06-23T14:00:00,Usine Nord,941.8
2026-06-23T14:15:00,Atelier Sud,301.8
2026-06-23T14:15:00,Siège Est,259.5
2026-06-23T14:15:00,Usine Nord,943.4
2026-06-23T14:30:00,Atelier Sud,315.1
2026-06-23T14:30:00,Siège Est,237.1
2026-06-23T14:30:00,Usine Nord,944.4
2026-06-23T14:45:00,Atelier Sud,215.7
2026-06-23T14:45:00,Siège Est,267.3
2026-06-23T14:45:00,Usine Nord,947.4
2026-06-23T15:00:00,Atelier Sud,220.2
2026-06-23T15:00:00,Siège Est,259.4
2026-06-23T15:00:00,Usine Nord,961.2
2026-06-23T15:15:00,Atelier Sud,257.4
2026-06-23T15:15:00,Siège Est,268.5
2026-06-23T15:15:00,Usine Nord,939.7
2026-06-23T15:30:00,Atelier Sud,243.2
2026-06-23T15:30:00,Siège Est,252.3
2026-06-23T15:30:00,Usine Nord,932.4
2026-06-23T15:45:00,Atelier Sud,192.5
2026-06-23T15:45:00,Siège Est,264.5
2026-06-23T15:45:00,Usine Nord,960.8
2026-06-23T16:00:00,Atelier Sud,209.4
2026-06-23T16:00:00,Siège Est,267.1
2026-06-23T16:00:00,Usine Nord,935.8
2026-06-23T16:15:00,Atelier Sud,162.0
2026-06-23T16:15:00,Siège Est,259.6
2026-06-23T16:15:00,Usine Nord,996.0
2026-06-23T16:30:00,Atelier Sud,160.3
2026-06-23T16:30:00,Siège Est,261.2
2026-06-23T16:30:00,Usine Nord,944.9
2026-06-23T16:45:00,Atelier Sud,152.6
2026-06-23T16:45:00,Siège Est,265.1
2026-06-23T16:45:00,Usine Nord,992.7
2026-06-23T17:00:00,Atelier Sud,133.8
2026-06-23T17:00:00,Siège Est,240.8
2026-06-23T17:00:00,Usine Nord,955.7
2026-06-23T17:15:00,Atelier Sud,105.0
2026-06-23T17:15:00,Siège Est,270.8
2026-06-23T17:15:00,Usine Nord,956.8
2026-06-23T17:30:00,Atelier Sud,88.0
2026-06-23T17:30:00,Siège Est,253.5
2026-06-23T17:30:00,Usine Nord,969.5
2026-06-23T17:45:00,Atelier Sud,61.4
2026-06-23T17:45:00,Siège Est,250.7
2026-06-23T17:45:00,Usine Nord,959.4
2026-06-23T18:00:00,Atelier Sud,83.4
2026-06-23T18:00:00,Siège Est,262.6
2026-06-23T18:00:00,Usine Nord,947.5
2026-06-23T18:15:00,Atelier Sud,70.9
2026-06-23T18:15:00,Siège Est,264.6
2026-06-23T18:15:00,Usine Nord,942.9
2026-06-23T18:30:00,Atelier Sud,81.8
2026-06-23T18:30:00,Siège Est,252.0
2026-06-23T18:30:00,Usine Nord,930.5
2026-06-23T18:45:00,Atelier Sud,63.1
2026-06-23T18:45:00,Siège Est,249.3
2026-06-23T18:45:00,Usine Nord,929.8
2026-06-23T19:00:00,Atelier Sud,70.5
2026-06-23T19:00:00,Siège Est,61.7
2026-06-23T19:00:00,Usine Nord,968.4
2026-06-23T19:15:00,Atelier Sud,83.5
2026-06-23T19:15:00,Siège Est,82.7
2026-06-23T19:15:00,Usine Nord,898.4
2026-06-23T19:30:00,Atelier Sud,74.6
2026-06-23T19:30:00,Siège Est,83.6
2026-06-23T19:30:00,Usine Nord,986.9
2026-06-23T19:45:00,Atelier Sud,88.7
2026-06-23T19:45:00,Siège Est,68.8
2026-06-23T19:45:00,Usine Nord,970.2
2026-06-23T20:00:00,Atelier Sud,67.5
2026-06-23T20:00:00,Siège Est,75.7
2026-06-23T20:00:00,Usine Nord,943.5
2026-06-23T20:15:00,Atelier Sud,41.9
2026-06-23T20:15:00,Siège Est,71.7
2026-06-23T20:15:00,Usine Nord,987.3
2026-06-23T20:30:00,Atelier Sud,52.6
2026-06-23T20:30:00,Siège Est,78.3
2026-06-23T20:30:00,Usine Nord,990.3
2026-06-23T20:45:00,Atelier Sud,56.3
2026-06-23T20:45:00,Siège Est,75.9
2026-06-23T20:45:00,Usine Nord,974.0
2026-06-23T21:00:00,Atelier Sud,66.9
2026-06-23T21:00:00,Siège Est,70.3
2026-06-23T21:00:00,Usine Nord,898.3
2026-06-23T21:15:00,Atelier Sud,57.8
2026-06-23T21:15:00,Siège Est,73.3
2026-06-23T21:15:00,Usine Nord,907.0
2026-06-23T21:30:00,Atelier Sud,53.7
2026-06-23T21:30:00,Siège Est,65.5
2026-06-23T21:30:00,Usine Nord,963.9
2026-06-23T21:45:00,Atelier Sud,61.7
2026-06-23T21:45:00,Siège Est,75.7
2026-06-23T21:45:00,Usine Nord,924.3
2026-06-23T22:00:00,Atelier Sud,49.5
2026-06-23T22:00:00,Siège Est,71.5
2026-06-23T22:00:00,Usine Nord,656.9
2026-06-23T22:15:00,Atelier Sud,69.6
2026-06-23T22:15:00,Siège Est,78.0
2026-06-23T22:15:00,Usine Nord,639.3
2026-06-23T22:30:00,Atelier Sud,67.9
2026-06-23T22:30:00,Siège Est,67.2
2026-06-23T22:30:00,Usine Nord,656.5
2026-06-23T22:45:00,Atelier Sud,77.3
2026-06-23T22:45:00,Siège Est,68.4
2026-06-23T22:45:00,Usine Nord,641.1
2026-06-23T23:00:00,Atelier Sud,89.1
2026-06-23T23:00:00,Siège Est,68.4
2026-06-23T23:00:00,Usine Nord,648.1
2026-06-23T23:15:00,Atelier Sud,67.5
2026-06-23T23:15:00,Siège Est,69.5
2026-06-23T23:15:00,Usine Nord,611.6
2026-06-23T23:30:00,Atelier Sud,93.4
2026-06-23T23:30:00,Siège Est,97.5
2026-06-23T23:30:00,Usine Nord,646.9
2026-06-23T23:45:00,Atelier Sud,62.3
2026-06-23T23:45:00,Siège Est,75.2
2026-06-23T23:45:00,Usine Nord,628.8
2026-06-24T00:00:00,Atelier Sud,61.5
2026-06-24T00:00:00,Siège Est,71.1
2026-06-24T00:00:00,Usine Nord,670.2
2026-06-24T00:15:00,Atelier Sud,62.2
2026-06-24T00:15:00,Siège Est,57.2
2026-06-24T00:15:00,Usine Nord,633.2
2026-06-24T00:30:00,Atelier Sud,56.4
2026-06-24T00:30:00,Siège Est,82.3
2026-06-24T00:30:00,Usine Nord,657.3
2026-06-24T00:45:00,Atelier Sud,86.2
2026-06-24T00:45:00,Siège Est,65.3
2026-06-24T00:45:00,Usine Nord,660.1
2026-06-24T01:00:00,Atelier Sud,41.4
2026-06-24T01:00:00,Siège Est,81.1
2026-06-24T01:00:00,Usine Nord,644.3
2026-06-24T01:15:00,Atelier Sud,74.7
2026-06-24T01:15:00,Siège Est,82.3
2026-06-24T01:15:00,Usine Nord,629.7
2026-06-24T01:30:00,Atelier Sud,74.6
2026-06-24T01:30:00,Siège Est,68.1
2026-06-24T01:30:00,Usine Nord,650.5
2026-06-24T01:45:00,Atelier Sud,72.1
2026-06-24T01:45:00,Siège Est,79.2
2026-06-24T01:45:00,Usine Nord,644.6
2026-06-24T02:00:00,Atelier Sud,67.9
2026-06-24T02:00:00,Siège Est,90.6
2026-06-24T02:00:00,Usine Nord,664.1
2026-06-24T02:15:00,Atelier Sud,78.4
2026-06-24T02:15:00,Siège Est,65.0
2026-06-24T02:15:00,Usine Nord,627.4
2026-06-24T02:30:00,Atelier Sud,87.4
2026-06-24T02:30:00,Siège Est,60.6
2026-06-24T02:30:00,Usine Nord,622.2
2026-06-24T02:45:00,Atelier Sud,65.1
2026-06-24T02:45:00,Siège Est,73.4
2026-06-24T02:45:00,Usine Nord,662.2
2026-06-24T03:00:00,Atelier Sud,71.6
2026-06-24T03:00:00,Siège Est,69.4
2026-06-24T03:00:00,Usine Nord,652.5
2026-06-24T03:15:00,Atelier Sud,85.5
2026-06-24T03:15:00,Siège Est,76.6
2026-06-24T03:15:00,Usine Nord,672.7
2026-06-24T03:30:00,Atelier Sud,41.6
2026-06-24T03:30:00,Siège Est,71.2
2026-06-24T03:30:00,Usine Nord,676.3
2026-06-24T03:45:00,Atelier Sud,82.3
2026-06-24T03:45:00,Siège Est,72.0
2026-06-24T03:45:00,Usine Nord,607.3
2026-06-24T04:00:00,Atelier Sud,57.4
2026-06-24T04:00:00,Siège Est,81.3
2026-06-24T04:00:00,Usine Nord,652.5
2026-06-24T04:15:00,Atelier Sud,64.5
2026-06-24T04:15:00,Siège Est,60.3
2026-06-24T04:15:00,Usine Nord,650.4
2026-06-24T04:30:00,Atelier Sud,83.2
2026-06-24T04:30:00,Siège Est,76.4
2026-06-24T04:30:00,Usine Nord,648.7
2026-06-24T04:45:00,Atelier Sud,79.4
2026-06-24T04:45:00,Siège Est,69.9
2026-06-24T04:45:00,Usine Nord,667.2
2026-06-24T05:00:00,Atelier Sud,70.6
2026-06-24T05:00:00,Siège Est,71.1
2026-06-24T05:00:00,Usine Nord,688.8
2026-06-24T05:15:00,Atelier Sud,64.3
2026-06-24T05:15:00,Siège Est,68.8
2026-06-24T05:15:00,Usine Nord,643.1
2026-06-24T05:30:00,Atelier Sud,60.9
2026-06-24T05:30:00,Siège Est,60.7
2026-06-24T05:30:00,Usine Nord,644.2
2026-06-24T05:45:00,Atelier Sud,70.9
2026-06-24T05:45:00,Siège Est,79.7
2026-06-24T05:45:00,Usine Nord,661.1
2026-06-24T06:00:00,Atelier Sud,79.6
2026-06-24T06:00:00,Siège Est,73.6
2026-06-24T06:00:00,Usine Nord,964.7
2026-06-24T06:15:00,Atelier Sud,107.9
2026-06-24T06:15:00,Siège Est,85.0
2026-06-24T06:15:00,Usine Nord,945.9
2026-06-24T06:30:00,Atelier Sud,120.7
2026-06-24T06:30:00,Siège Est,72.2
2026-06-24T06:30:00,Usine Nord,967.1
2026-06-24T06:45:00,Atelier Sud,142.4
2026-06-24T06:45:00,Siège Est,63.4
2026-06-24T06:45:00,Usine Nord,977.8
2026-06-24T07:00:00,Atelier Sud,177.9
2026-06-24T07:00:00,Siège Est,67.6
2026-06-24T07:00:00,Usine Nord,937.1
2026-06-24T07:15:00,Atelier Sud,171.4
2026-06-24T07:15:00,Siège Est,73.3
2026-06-24T07:15:00,Usine Nord,975.6
2026-06-24T07:30:00,Atelier Sud,187.6
2026-06-24T07:30:00,Siège Est,66.0
2026-06-24T07:30:00,Usine Nord,931.7
2026-06-24T07:45:00,Atelier Sud,218.0
2026-06-24T07:45:00,Siège Est,62.6
2026-06-24T07:45:00,Usine Nord,976.0
2026-06-24T08:00:00,Atelier Sud,208.6
2026-06-24T08:00:00,Siège Est,280.0
2026-06-24T08:00:00,Usine Nord,929.2
2026-06-24T08:15:00,Atelier Sud,241.9
2026-06-24T08:15:00,Siège Est,260.5
2026-06-24T08:15:00,Usine Nord,930.1
2026-06-24T08:30:00,Atelier Sud,246.8
2026-06-24T08:30:00,Siège Est,256.9
2026-06-24T08:30:00,Usine Nord,918.8
2026-06-24T08:45:00,Atelier Sud,271.4
2026-06-24T08:45:00,Siège Est,244.8
2026-06-24T08:45:00,Usine Nord,941.5
2026-06-24T09:00:00,Atelier Sud,320.2
2026-06-24T09:00:00,Siège Est,237.2
2026-06-24T09:00:00,Usine Nord,947.1
2026-06-24T09:15:00,Atelier Sud,243.3
2026-06-24T09:15:00,Siège Est,255.6
2026-06-24T09:15:00,Usine Nord,944.9
2026-06-24T09:30:00,Atelier Sud,330.7
2026-06-24T09:30:00,Siège Est,245.3
2026-06-24T09:30:00,Usine Nord,940.1
2026-06-24T09:45:00,Atelier Sud,286.8
2026-06-24T09:45:00,Siège Est,248.2
2026-06-24T09:45:00,Usine Nord,942.7
2026-06-24T10:00:00,Atelier Sud,279.9
2026-06-24T10:00:00,Siège Est,268.6
2026-06-24T10:00:00,Usine Nord,937.2
2026-06-24T10:15:00,Atelier Sud,338.1
2026-06-24T10:15:00,Siège Est,239.6
2026-06-24T10:15:00,Usine Nord,939.6
2026-06-24T10:30:00,Atelier Sud,311.0
2026-06-24T10:30:00,Siège Est,270.1
2026-06-24T10:30:00,Usine Nord,950.8
2026-06-24T10:45:00,Atelier Sud,321.4
2026-06-24T10:45:00,Siège Est,272.3
2026-06-24T10:45:00,Usine Nord,935.7
2026-06-24T11:00:00,Atelier Sud,322.0
2026-06-24T11:00:00,Siège Est,254.7
2026-06-24T11:00:00,Usine Nord,951.1
2026-06-24T11:15:00,Atelier Sud,266.6
2026-06-24T11:15:00,Siège Est,255.5
2026-06-24T11:15:00,Usine Nord,924.5
2026-06-24T11:30:00,Atelier Sud,284.5
2026-06-24T11:30:00,Siège Est,261.6
2026-06-24T11:30:00,Usine Nord,918.9
2026-06-24T11:45:00,Atelier Sud,321.3
2026-06-24T11:45:00,Siège Est,262.0
2026-06-24T11:45:00,Usine Nord,964.1
2026-06-24T12:00:00,Atelier Sud,336.6
2026-06-24T12:00:00,Siège Est,252.3
2026-06-24T12:00:00,Usine Nord,930.5
2026-06-24T12:15:00,Atelier Sud,299.7
2026-06-24T12:15:00,Siège Est,246.2
2026-06-24T12:15:00,Usine Nord,949.7
2026-06-24T12:30:00,Atelier Sud,272.7
2026-06-24T12:30:00,Siège Est,258.4
2026-06-24T12:30:00,Usine Nord,926.0
2026-06-24T12:45:00,Atelier Sud,320.7
2026-06-24T12:45:00,Siège Est,255.5
2026-06-24T12:45:00,Usine Nord,915.3
2026-06-24T13:00:00,Atelier Sud,318.8
2026-06-24T13:00:00,Siège Est,240.3
2026-06-24T13:00:00,Usine Nord,918.2
2026-06-24T13:15:00,Atelier Sud,340.3
2026-06-24T13:15:00,Siège Est,251.7
2026-06-24T13:15:00,Usine Nord,928.5
2026-06-24T13:30:00,Atelier Sud,331.5
2026-06-24T13:30:00,Siège Est,261.8
2026-06-24T13:30:00,Usine Nord,975.3
2026-06-24T13:45:00,Atelier Sud,265.5
2026-06-24T13:45:00,Siège Est,261.3
2026-06-24T13:45:00,Usine Nord,932.1
2026-06-24T14:00:00,Atelier Sud,331.1
2026-06-24T14:00:00,Siège Est,254.9
2026-06-24T14:00:00,Usine Nord,952.4
2026-06-24T14:15:00,Atelier Sud,246.3
2026-06-24T14:15:00,Siège Est,257.3
2026-06-24T14:15:00,Usine Nord,938.9
2026-06-24T14:30:00,Atelier Sud,293.1
2026-06-24T14:30:00,Siège Est,255.1
2026-06-24T14:30:00,Usine Nord,949.6
2026-06-24T14:45:00,Atelier Sud,323.7
2026-06-24T14:45:00,Siège Est,258.8
2026-06-24T14:45:00,Usine Nord,921.2
2026-06-24T15:00:00,Atelier Sud,245.6
2026-06-24T15:00:00,Siège Est,262.0
2026-06-24T15:00:00,Usine Nord,970.7
2026-06-24T15:15:00,Atelier Sud,176.1
2026-06-24T15:15:00,Siège Est,240.2
2026-06-24T15:15:00,Usine Nord,951.6
2026-06-24T15:30:00,Atelier Sud,235.8
2026-06-24T15:30:00,Siège Est,265.2
2026-06-24T15:30:00,Usine Nord,937.4
2026-06-24T15:45:00,Atelier Sud,200.0
2026-06-24T15:45:00,Siège Est,249.0
2026-06-24T15:45:00,Usine Nord,964.6
2026-06-24T16:00:00,Atelier Sud,205.3
2026-06-24T16:00:00,Siège Est,253.4
2026-06-24T16:00:00,Usine Nord,914.2
2026-06-24T16:15:00,Atelier Sud,159.7
2026-06-24T16:15:00,Siège Est,265.7
2026-06-24T16:15:00,Usine Nord,931.8
2026-06-24T16:30:00,Atelier Sud,188.5
2026-06-24T16:30:00,Siège Est,251.9
2026-06-24T16:30:00,Usine Nord,954.8
2026-06-24T16:45:00,Atelier Sud,159.4
2026-06-24T16:45:00,Siège Est,230.5
2026-06-24T16:45:00,Usine Nord,981.2
2026-06-24T17:00:00,Atelier Sud,129.1
2026-06-24T17:00:00,Siège Est,264.1
2026-06-24T17:00:00,Usine Nord,936.4
2026-06-24T17:15:00,Atelier Sud,94.4
2026-06-24T17:15:00,Siège Est,243.7
2026-06-24T17:15:00,Usine Nord,986.4
2026-06-24T17:30:00,Atelier Sud,95.4
2026-06-24T17:30:00,Siège Est,256.8
2026-06-24T17:30:00,Usine Nord,972.9
2026-06-24T17:45:00,Atelier Sud,81.0
2026-06-24T17:45:00,Siège Est,253.1
2026-06-24T17:45:00,Usine Nord,928.3
2026-06-24T18:00:00,Atelier Sud,69.5
2026-06-24T18:00:00,Siège Est,259.1
2026-06-24T18:00:00,Usine Nord,958.6
2026-06-24T18:15:00,Atelier Sud,81.9
2026-06-24T18:15:00,Siège Est,247.2
2026-06-24T18:15:00,Usine Nord,971.9
2026-06-24T18:30:00,Atelier Sud,64.2
2026-06-24T18:30:00,Siège Est,263.3
2026-06-24T18:30:00,Usine Nord,926.7
2026-06-24T18:45:00,Atelier Sud,36.7
2026-06-24T18:45:00,Siège Est,261.6
2026-06-24T18:45:00,Usine Nord,979.6
2026-06-24T19:00:00,Atelier Sud,49.8
2026-06-24T19:00:00,Siège Est,71.0
2026-06-24T19:00:00,Usine Nord,914.1
2026-06-24T19:15:00,Atelier Sud,80.0
2026-06-24T19:15:00,Siège Est,78.6
2026-06-24T19:15:00,Usine Nord,977.4
2026-06-24T19:30:00,Atelier Sud,57.5
2026-06-24T19:30:00,Siège Est,76.3
2026-06-24T19:30:00,Usine Nord,972.4
2026-06-24T19:45:00,Atelier Sud,63.2
2026-06-24T19:45:00,Siège Est,86.6
2026-06-24T19:45:00,Usine Nord,983.6
2026-06-24T20:00:00,Atelier Sud,80.8
2026-06-24T20:00:00,Siège Est,82.5
2026-06-24T20:00:00,Usine Nord,966.0
2026-06-24T20:15:00,Atelier Sud,101.6
2026-06-24T20:15:00,Siège Est,83.7
2026-06-24T20:15:00,Usine Nord,953.8
2026-06-24T20:30:00,Atelier Sud,42.6
2026-06-24T20:30:00,Siège Est,69.7
2026-06-24T20:30:00,Usine Nord,913.6
2026-06-24T20:45:00,Atelier Sud,89.8
2026-06-24T20:45:00,Siège Est,63.6
2026-06-24T20:45:00,Usine Nord,986.0
2026-06-24T21:00:00,Atelier Sud,74.8
2026-06-24T21:00:00,Siège Est,78.5
2026-06-24T21:00:00,Usine Nord,962.0
2026-06-24T21:15:00,Atelier Sud,67.4
2026-06-24T21:15:00,Siège Est,74.2
2026-06-24T21:15:00,Usine Nord,966.2
2026-06-24T21:30:00,Atelier Sud,43.4
2026-06-24T21:30:00,Siège Est,65.0
2026-06-24T21:30:00,Usine Nord,935.6
2026-06-24T21:45:00,Atelier Sud,50.7
2026-06-24T21:45:00,Siège Est,82.4
2026-06-24T21:45:00,Usine Nord,899.8
2026-06-24T22:00:00,Atelier Sud,83.4
2026-06-24T22:00:00,Siège Est,78.2
2026-06-24T22:00:00,Usine Nord,656.9
2026-06-24T22:15:00,Atelier Sud,41.3
2026-06-24T22:15:00,Siège Est,74.8
2026-06-24T22:15:00,Usine Nord,627.2
2026-06-24T22:30:00,Atelier Sud,99.0
2026-06-24T22:30:00,Siège Est,77.0
2026-06-24T22:30:00,Usine Nord,645.7
2026-06-24T22:45:00,Atelier Sud,73.9
2026-06-24T22:45:00,Siège Est,81.5
2026-06-24T22:45:00,Usine Nord,658.5
2026-06-24T23:00:00,Atelier Sud,67.5
2026-06-24T23:00:00,Siège Est,82.5
2026-06-24T23:00:00,Usine Nord,618.4
2026-06-24T23:15:00,Atelier Sud,37.8
2026-06-24T23:15:00,Siège Est,68.1
2026-06-24T23:15:00,Usine Nord,656.2
2026-06-24T23:30:00,Atelier Sud,68.7
2026-06-24T23:30:00,Siège Est,67.6
2026-06-24T23:30:00,Usine Nord,629.9
2026-06-24T23:45:00,Atelier Sud,82.9
2026-06-24T23:45:00,Siège Est,74.2
2026-06-24T23:45:00,Usine Nord,634.0
2026-06-25T00:00:00,Atelier Sud,75.2
2026-06-25T00:00:00,Siège Est,55.3
2026-06-25T00:00:00,Usine Nord,662.8
2026-06-25T00:15:00,Atelier Sud,75.4
2026-06-25T00:15:00,Siège Est,86.2
2026-06-25T00:15:00,Usine Nord,614.7
2026-06-25T00:30:00,Atelier Sud,72.8
2026-06-25T00:30:00,Siège Est,64.0
2026-06-25T00:30:00,Usine Nord,634.0
2026-06-25T00:45:00,Atelier Sud,75.6
2026-06-25T00:45:00,Siège Est,72.1
2026-06-25T00:45:00,Usine Nord,641.1
2026-06-25T01:00:00,Atelier Sud,81.6
2026-06-25T01:00:00,Siège Est,75.6
2026-06-25T01:00:00,Usine Nord,668.3
2026-06-25T01:15:00,Atelier Sud,97.2
2026-06-25T01:15:00,Siège Est,80.8
2026-06-25T01:15:00,Usine Nord,644.5
2026-06-25T01:30:00,Atelier Sud,58.6
2026-06-25T01:30:00,Siège Est,74.8
2026-06-25T01:30:00,Usine Nord,660.7
2026-06-25T01:45:00,Atelier Sud,66.7
2026-06-25T01:45:00,Siège Est,68.7
2026-06-25T01:45:00,Usine Nord,622.5
2026-06-25T02:00:00,Atelier Sud,81.9
2026-06-25T02:00:00,Siège Est,75.2
2026-06-25T02:00:00,Usine Nord,613.8
2026-06-25T02:15:00,Atelier Sud,62.0
2026-06-25T02:15:00,Siège Est,100.5
2026-06-25T02:15:00,Usine Nord,642.8
2026-06-25T02:30:00,Atelier Sud,44.9
2026-06-25T02:30:00,Siège Est,87.5
2026-06-25T02:30:00,Usine Nord,680.0
2026-06-25T02:45:00,Atelier Sud,70.7
2026-06-25T02:45:00,Siège Est,66.9
2026-06-25T02:45:00,Usine Nord,657.4
2026-06-25T03:00:00,Atelier Sud,60.1
2026-06-25T03:00:00,Siège Est,77.1
2026-06-25T03:00:00,Usine Nord,636.8
2026-06-25T03:15:00,Atelier Sud,85.9
2026-06-25T03:15:00,Siège Est,73.7
2026-06-25T03:15:00,Usine Nord,632.6
2026-06-25T03:30:00,Atelier Sud,88.6
2026-06-25T03:30:00,Siège Est,74.5
2026-06-25T03:30:00,Usine Nord,675.2
2026-06-25T03:45:00,Atelier Sud,86.0
2026-06-25T03:45:00,Siège Est,72.8
2026-06-25T03:45:00,Usine Nord,659.9
2026-06-25T04:00:00,Atelier Sud,90.2
2026-06-25T04:00:00,Siège Est,96.2
2026-06-25T04:00:00,Usine Nord,615.2
2026-06-25T04:15:00,Atelier Sud,86.6
2026-06-25T04:15:00,Siège Est,71.0
2026-06-25T04:15:00,Usine Nord,603.7
2026-06-25T04:30:00,Atelier Sud,67.1
2026-06-25T04:30:00,Siège Est,73.4
2026-06-25T04:30:00,Usine Nord,688.0
2026-06-25T04:45:00,Atelier Sud,54.0
2026-06-25T04:45:00,Siège Est,81.3
2026-06-25T04:45:00,Usine Nord,649.6
2026-06-25T05:00:00,Atelier Sud,78.0
2026-06-25T05:00:00,Siège Est,84.8
2026-06-25T05:00:00,Usine Nord,646.6
2026-06-25T05:15:00,Atelier Sud,100.1
2026-06-25T05:15:00,Siège Est,71.8
2026-06-25T05:15:00,Usine Nord,654.0
2026-06-25T05:30:00,Atelier Sud,77.2
2026-06-25T05:30:00,Siège Est,89.5
2026-06-25T05:30:00,Usine Nord,644.3
2026-06-25T05:45:00,Atelier Sud,90.6
2026-06-25T05:45:00,Siège Est,80.1
2026-06-25T05:45:00,Usine Nord,643.0
2026-06-25T06:00:00,Atelier Sud,82.8
2026-06-25T06:00:00,Siège Est,68.8
2026-06-25T06:00:00,Usine Nord,946.4
2026-06-25T06:15:00,Atelier Sud,99.7
2026-06-25T06:15:00,Siège Est,62.3
2026-06-25T06:15:00,Usine Nord,904.6
2026-06-25T06:30:00,Atelier Sud,100.0
2026-06-25T06:30:00,Siège Est,78.0
2026-06-25T06:30:00,Usine Nord,940.6
2026-06-25T06:45:00,Atelier Sud,142.2
2026-06-25T06:45:00,Siège Est,83.3
2026-06-25T06:45:00,Usine Nord,937.6
2026-06-25T07:00:00,Atelier Sud,180.0
2026-06-25T07:00:00,Siège Est,62.7
2026-06-25T07:00:00,Usine Nord,970.9
2026-06-25T07:15:00,Atelier Sud,179.1
2026-06-25T07:15:00,Siège Est,79.3
2026-06-25T07:15:00,Usine Nord,969.0
2026-06-25T07:30:00,Atelier Sud,194.3
2026-06-25T07:30:00,Siège Est,78.3
2026-06-25T07:30:00,Usine Nord,939.6
2026-06-25T07:45:00,Atelier Sud,202.4
2026-06-25T07:45:00,Siège Est,74.3
2026-06-25T07:45:00,Usine Nord,945.0
2026-06-25T08:00:00,Atelier Sud,207.5
2026-06-25T08:00:00,Siège Est,260.8
2026-06-25T08:00:00,Usine Nord,949.5
2026-06-25T08:15:00,Atelier Sud,240.8
2026-06-25T08:15:00,Siège Est,251.3
2026-06-25T08:15:00,Usine Nord,990.4
2026-06-25T08:30:00,Atelier Sud,213.5
2026-06-25T08:30:00,Siège Est,236.8
2026-06-25T08:30:00,Usine Nord,970.9
2026-06-25T08:45:00,Atelier Sud,284.3
2026-06-25T08:45:00,Siège Est,274.1
2026-06-25T08:45:00,Usine Nord,933.3
2026-06-25T09:00:00,Atelier Sud,311.1
2026-06-25T09:00:00,Siège Est,260.1
2026-06-25T09:00:00,Usine Nord,979.1
2026-06-25T09:15:00,Atelier Sud,253.1
2026-06-25T09:15:00,Siège Est,255.7
2026-06-25T09:15:00,Usine Nord,927.6
2026-06-25T09:30:00,Atelier Sud,302.6
2026-06-25T09:30:00,Siège Est,255.5
2026-06-25T09:30:00,Usine Nord,972.3
2026-06-25T09:45:00,Atelier Sud,289.3
2026-06-25T09:45:00,Siège Est,252.2
2026-06-25T09:45:00,Usine Nord,950.1
2026-06-25T10:00:00,Atelier Sud,296.4
2026-06-25T10:00:00,Siège Est,263.5
2026-06-25T10:00:00,Usine Nord,922.4
2026-06-25T10:15:00,Atelier Sud,317.7
2026-06-25T10:15:00,Siège Est,251.9
2026-06-25T10:15:00,Usine Nord,938.4
2026-06-25T10:30:00,Atelier Sud,323.6
2026-06-25T10:30:00,Siège Est,258.3
2026-06-25T10:30:00,Usine Nord,943.8
2026-06-25T10:45:00,Atelier Sud,308.2
2026-06-25T10:45:00,Siège Est,274.1
2026-06-25T10:45:00,Usine Nord,971.1
2026-06-25T11:00:00,Atelier Sud,346.1
2026-06-25T11:00:00,Siège Est,251.7
2026-06-25T11:00:00,Usine Nord,976.2
2026-06-25T11:15:00,Atelier Sud,281.4
2026-06-25T11:15:00,Siège Est,251.2
2026-06-25T11:15:00,Usine Nord,909.9
2026-06-25T11:30:00,Atelier Sud,370.8
2026-06-25T11:30:00,Siège Est,261.1
2026-06-25T11:30:00,Usine Nord,937.2
2026-06-25T11:45:00,Atelier Sud,266.9
2026-06-25T11:45:00,Siège Est,248.5
2026-06-25T11:45:00,Usine Nord,971.2
2026-06-25T12:00:00,Atelier Sud,357.3
2026-06-25T12:00:00,Siège Est,255.7
2026-06-25T12:00:00,Usine Nord,958.8
2026-06-25T12:15:00,Atelier Sud,334.2
2026-06-25T12:15:00,Siège Est,238.4
2026-06-25T12:15:00,Usine Nord,959.0
2026-06-25T12:30:00,Atelier Sud,271.5
2026-06-25T12:30:00,Siège Est,276.1
2026-06-25T12:30:00,Usine Nord,962.0
2026-06-25T12:45:00,Atelier Sud,314.6
2026-06-25T12:45:00,Siège Est,256.8
2026-06-25T12:45:00,Usine Nord,964.4
2026-06-25T13:00:00,Atelier Sud,281.0
2026-06-25T13:00:00,Siège Est,260.1
2026-06-25T13:00:00,Usine Nord,976.0
2026-06-25T13:15:00,Atelier Sud,346.5
2026-06-25T13:15:00,Siège Est,256.2
2026-06-25T13:15:00,Usine Nord,939.4
2026-06-25T13:30:00,Atelier Sud,319.0
2026-06-25T13:30:00,Siège Est,267.5
2026-06-25T13:30:00,Usine Nord,899.4
2026-06-25T13:45:00,Atelier Sud,264.0
2026-06-25T13:45:00,Siège Est,275.7
2026-06-25T13:45:00,Usine Nord,958.3
2026-06-25T14:00:00,Atelier Sud,302.8
2026-06-25T14:00:00,Siège Est,252.1
2026-06-25T14:00:00,Usine Nord,934.0
2026-06-25T14:15:00,Atelier Sud,251.6
2026-06-25T14:15:00,Siège Est,255.6
2026-06-25T14:15:00,Usine Nord,911.9
2026-06-25T14:30:00,Atelier Sud,237.9
2026-06-25T14:30:00,Siège Est,260.6
2026-06-25T14:30:00,Usine Nord,948.9
2026-06-25T14:45:00,Atelier Sud,268.3
2026-06-25T14:45:00,Siège Est,241.2
2026-06-25T14:45:00,Usine Nord,931.5
2026-06-25T15:00:00,Atelier Sud,227.2
2026-06-25T15:00:00,Siège Est,248.0
2026-06-25T15:00:00,Usine Nord,946.3
2026-06-25T15:15:00,Atelier Sud,292.9
2026-06-25T15:15:00,Siège Est,259.7
2026-06-25T15:15:00,Usine Nord,903.3
2026-06-25T15:30:00,Atelier Sud,246.7
2026-06-25T15:30:00,Siège Est,255.4
2026-06-25T15:30:00,Usine Nord,959.1
2026-06-25T15:45:00,Atelier Sud,200.5
2026-06-25T15:45:00,Siège Est,266.9
2026-06-25T15:45:00,Usine Nord,946.5
2026-06-25T16:00:00,Atelier Sud,209.8
2026-06-25T16:00:00,Siège Est,255.5
2026-06-25T16:00:00,Usine Nord,951.7
2026-06-25T16:15:00,Atelier Sud,199.8
2026-06-25T16:15:00,Siège Est,251.6
2026-06-25T16:15:00,Usine Nord,931.8
2026-06-25T16:30:00,Atelier Sud,143.5
2026-06-25T16:30:00,Siège Est,254.7
2026-06-25T16:30:00,Usine Nord,930.1
2026-06-25T16:45:00,Atelier Sud,150.5
2026-06-25T16:45:00,Siège Est,269.7
2026-06-25T16:45:00,Usine Nord,968.3
2026-06-25T17:00:00,Atelier Sud,129.5
2026-06-25T17:00:00,Siège Est,243.7
2026-06-25T17:00:00,Usine Nord,961.4
2026-06-25T17:15:00,Atelier Sud,107.6
2026-06-25T17:15:00,Siège Est,251.3
2026-06-25T17:15:00,Usine Nord,941.9
2026-06-25T17:30:00,Atelier Sud,97.2
2026-06-25T17:30:00,Siège Est,262.6
2026-06-25T17:30:00,Usine Nord,921.5
2026-06-25T17:45:00,Atelier Sud,67.3
2026-06-25T17:45:00,Siège Est,246.2
2026-06-25T17:45:00,Usine Nord,958.6
2026-06-25T18:00:00,Atelier Sud,52.3
2026-06-25T18:00:00,Siège Est,229.0
2026-06-25T18:00:00,Usine Nord,936.8
2026-06-25T18:15:00,Atelier Sud,94.2
2026-06-25T18:15:00,Siège Est,250.0
2026-06-25T18:15:00,Usine Nord,965.8
2026-06-25T18:30:00,Atelier Sud,75.5
2026-06-25T18:30:00,Siège Est,264.4
2026-06-25T18:30:00,Usine Nord,932.4
2026-06-25T18:45:00,Atelier Sud,60.1
2026-06-25T18:45:00,Siège Est,266.2
2026-06-25T18:45:00,Usine Nord,951.4
2026-06-25T19:00:00,Atelier Sud,61.3
2026-06-25T19:00:00,Siège Est,90.6
2026-06-25T19:00:00,Usine Nord,955.3
2026-06-25T19:15:00,Atelier Sud,91.8
2026-06-25T19:15:00,Siège Est,92.7
2026-06-25T19:15:00,Usine Nord,935.7
2026-06-25T19:30:00,Atelier Sud,62.0
2026-06-25T19:30:00,Siège Est,68.7
2026-06-25T19:30:00,Usine Nord,959.1
2026-06-25T19:45:00,Atelier Sud,82.5
2026-06-25T19:45:00,Siège Est,66.2
2026-06-25T19:45:00,Usine Nord,918.0
2026-06-25T20:00:00,Atelier Sud,75.4
2026-06-25T20:00:00,Siège Est,93.3
2026-06-25T20:00:00,Usine Nord,975.8
2026-06-25T20:15:00,Atelier Sud,83.0
2026-06-25T20:15:00,Siège Est,79.1
2026-06-25T20:15:00,Usine Nord,938.5
2026-06-25T20:30:00,Atelier Sud,76.9
2026-06-25T20:30:00,Siège Est,84.6
2026-06-25T20:30:00,Usine Nord,938.4
2026-06-25T20:45:00,Atelier Sud,57.6
2026-06-25T20:45:00,Siège Est,68.2
2026-06-25T20:45:00,Usine Nord,943.6
2026-06-25T21:00:00,Atelier Sud,54.7
2026-06-25T21:00:00,Siège Est,80.1
2026-06-25T21:00:00,Usine Nord,939.7
2026-06-25T21:15:00,Atelier Sud,69.8
2026-06-25T21:15:00,Siège Est,82.7
2026-06-25T21:15:00,Usine Nord,932.3
2026-06-25T21:30:00,Atelier Sud,65.6
2026-06-25T21:30:00,Siège Est,79.3
2026-06-25T21:30:00,Usine Nord,951.6
2026-06-25T21:45:00,Atelier Sud,82.6
2026-06-25T21:45:00,Siège Est,79.4
2026-06-25T21:45:00,Usine Nord,934.1
2026-06-25T22:00:00,Atelier Sud,63.5
2026-06-25T22:00:00,Siège Est,91.3
2026-06-25T22:00:00,Usine Nord,639.4
2026-06-25T22:15:00,Atelier Sud,46.3
2026-06-25T22:15:00,Siège Est,91.0
2026-06-25T22:15:00,Usine Nord,649.4
2026-06-25T22:30:00,Atelier Sud,65.2
2026-06-25T22:30:00,Siège Est,82.9
2026-06-25T22:30:00,Usine Nord,641.4
2026-06-25T22:45:00,Atelier Sud,96.4
2026-06-25T22:45:00,Siège Est,69.3
2026-06-25T22:45:00,Usine Nord,628.6
2026-06-25T23:00:00,Atelier Sud,48.2
2026-06-25T23:00:00,Siège Est,61.2
2026-06-25T23:00:00,Usine Nord,662.9
2026-06-25T23:15:00,Atelier Sud,66.6
2026-06-25T23:15:00,Siège Est,70.0
2026-06-25T23:15:00,Usine Nord,687.9
2026-06-25T23:30:00,Atelier Sud,80.6
2026-06-25T23:30:00,Siège Est,91.6
2026-06-25T23:30:00,Usine Nord,633.0
2026-06-25T23:45:00,Atelier Sud,92.5
2026-06-25T23:45:00,Siège Est,67.1
2026-06-25T23:45:00,Usine Nord,664.6
2026-06-26T00:00:00,Atelier Sud,73.5
2026-06-26T00:00:00,Siège Est,87.0
2026-06-26T00:00:00,Usine Nord,630.6
2026-06-26T00:15:00,Atelier Sud,91.7
2026-06-26T00:15:00,Siège Est,96.1
2026-06-26T00:15:00,Usine Nord,640.1
2026-06-26T00:30:00,Atelier Sud,64.1
2026-06-26T00:30:00,Siège Est,66.0
2026-06-26T00:30:00,Usine Nord,622.6
2026-06-26T00:45:00,Atelier Sud,74.7
2026-06-26T00:45:00,Siège Est,78.8
2026-06-26T00:45:00,Usine Nord,633.4
2026-06-26T01:00:00,Atelier Sud,65.1
2026-06-26T01:00:00,Siège Est,97.4
2026-06-26T01:00:00,Usine Nord,629.7
2026-06-26T01:15:00,Atelier Sud,45.4
2026-06-26T01:15:00,Siège Est,76.2
2026-06-26T01:15:00,Usine Nord,643.7
2026-06-26T01:30:00,Atelier Sud,73.2
2026-06-26T01:30:00,Siège Est,71.7
2026-06-26T01:30:00,Usine Nord,638.8
2026-06-26T01:45:00,Atelier Sud,39.0
2026-06-26T01:45:00,Siège Est,68.2
2026-06-26T01:45:00,Usine Nord,692.5
2026-06-26T02:00:00,Atelier Sud,94.9
2026-06-26T02:00:00,Siège Est,81.3
2026-06-26T02:00:00,Usine Nord,627.2
2026-06-26T02:15:00,Atelier Sud,100.7
2026-06-26T02:15:00,Siège Est,65.9
2026-06-26T02:15:00,Usine Nord,659.2
2026-06-26T02:30:00,Atelier Sud,86.6
2026-06-26T02:30:00,Siège Est,72.8
2026-06-26T02:30:00,Usine Nord,663.7
2026-06-26T02:45:00,Atelier Sud,57.5
2026-06-26T02:45:00,Siège Est,64.9
2026-06-26T02:45:00,Usine Nord,608.2
2026-06-26T03:00:00,Atelier Sud,65.2
2026-06-26T03:00:00,Siège Est,81.0
2026-06-26T03:00:00,Usine Nord,609.4
2026-06-26T03:15:00,Atelier Sud,76.3
2026-06-26T03:15:00,Siège Est,66.6
2026-06-26T03:15:00,Usine Nord,664.6
2026-06-26T03:30:00,Atelier Sud,86.4
2026-06-26T03:30:00,Siège Est,74.3
2026-06-26T03:30:00,Usine Nord,620.9
2026-06-26T03:45:00,Atelier Sud,65.6
2026-06-26T03:45:00,Siège Est,95.9
2026-06-26T03:45:00,Usine Nord,639.3
2026-06-26T04:00:00,Atelier Sud,63.4
2026-06-26T04:00:00,Siège Est,91.2
2026-06-26T04:00:00,Usine Nord,589.5
2026-06-26T04:15:00,Atelier Sud,72.8
2026-06-26T04:15:00,Siège Est,79.2
2026-06-26T04:15:00,Usine Nord,623.0
2026-06-26T04:30:00,Atelier Sud,89.3
2026-06-26T04:30:00,Siège Est,64.3
2026-06-26T04:30:00,Usine Nord,640.8
2026-06-26T04:45:00,Atelier Sud,62.8
2026-06-26T04:45:00,Siège Est,83.0
2026-06-26T04:45:00,Usine Nord,670.4
2026-06-26T05:00:00,Atelier Sud,91.6
2026-06-26T05:00:00,Siège Est,79.6
2026-06-26T05:00:00,Usine Nord,689.9
2026-06-26T05:15:00,Atelier Sud,71.5
2026-06-26T05:15:00,Siège Est,84.1
2026-06-26T05:15:00,Usine Nord,633.0
2026-06-26T05:30:00,Atelier Sud,62.0
2026-06-26T05:30:00,Siège Est,74.1
2026-06-26T05:30:00,Usine Nord,677.6
2026-06-26T05:45:00,Atelier Sud,66.8
2026-06-26T05:45:00,Siège Est,102.8
2026-06-26T05:45:00,Usine Nord,646.4
2026-06-26T06:00:00,Atelier Sud,61.0
2026-06-26T06:00:00,Siège Est,72.4
2026-06-26T06:00:00,Usine Nord,943.1
2026-06-26T06:15:00,Atelier Sud,96.9
2026-06-26T06:15:00,Siège Est,86.2
2026-06-26T06:15:00,Usine Nord,943.5
2026-06-26T06:30:00,Atelier Sud,112.4
2026-06-26T06:30:00,Siège Est,79.1
2026-06-26T06:30:00,Usine Nord,943.1
2026-06-26T06:45:00,Atelier Sud,128.1
2026-06-26T06:45:00,Siège Est,78.0
2026-06-26T06:45:00,Usine Nord,915.6
2026-06-26T07:00:00,Atelier Sud,166.4
2026-06-26T07:00:00,Siège Est,90.5
2026-06-26T07:00:00,Usine Nord,946.6
2026-06-26T07:15:00,Atelier Sud,170.9
2026-06-26T07:15:00,Siège Est,58.7
2026-06-26T07:15:00,Usine Nord,924.0
2026-06-26T07:30:00,Atelier Sud,195.3
2026-06-26T07:30:00,Siège Est,85.8
2026-06-26T07:30:00,Usine Nord,955.6
2026-06-26T07:45:00,Atelier Sud,221.5
2026-06-26T07:45:00,Siège Est,75.5
2026-06-26T07:45:00,Usine Nord,1006.5
2026-06-26T08:00:00,Atelier Sud,234.0
2026-06-26T08:00:00,Siège Est,245.4
2026-06-26T08:00:00,Usine Nord,920.3
2026-06-26T08:15:00,Atelier Sud,221.1
2026-06-26T08:15:00,Siège Est,283.7
2026-06-26T08:15:00,Usine Nord,983.8
2026-06-26T08:30:00,Atelier Sud,264.3
2026-06-26T08:30:00,Siège Est,256.4
2026-06-26T08:30:00,Usine Nord,924.3
2026-06-26T08:45:00,Atelier Sud,236.6
2026-06-26T08:45:00,Siège Est,252.0
2026-06-26T08:45:00,Usine Nord,941.2
2026-06-26T09:00:00,Atelier Sud,226.6
2026-06-26T09:00:00,Siège Est,247.9
2026-06-26T09:00:00,Usine Nord,970.4
2026-06-26T09:15:00,Atelier Sud,245.8
2026-06-26T09:15:00,Siège Est,269.0
2026-06-26T09:15:00,Usine Nord,959.3
2026-06-26T09:30:00,Atelier Sud,300.6
2026-06-26T09:30:00,Siège Est,254.2
2026-06-26T09:30:00,Usine Nord,974.0
2026-06-26T09:45:00,Atelier Sud,300.0
2026-06-26T09:45:00,Siège Est,259.2
2026-06-26T09:45:00,Usine Nord,977.4
2026-06-26T10:00:00,Atelier Sud,312.7
2026-06-26T10:00:00,Siège Est,263.9
2026-06-26T10:00:00,Usine Nord,942.4
2026-06-26T10:15:00,Atelier Sud,308.7
2026-06-26T10:15:00,Siège Est,253.0
2026-06-26T10:15:00,Usine Nord,937.1
2026-06-26T10:30:00,Atelier Sud,287.8
2026-06-26T10:30:00,Siège Est,280.9
2026-06-26T10:30:00,Usine Nord,962.0
2026-06-26T10:45:00,Atelier Sud,290.6
2026-06-26T10:45:00,Siège Est,266.0
2026-06-26T10:45:00,Usine Nord,959.4
2026-06-26T11:00:00,Atelier Sud,342.8
2026-06-26T11:00:00,Siège Est,257.0
2026-06-26T11:00:00,Usine Nord,985.1
2026-06-26T11:15:00,Atelier Sud,377.1
2026-06-26T11:15:00,Siège Est,250.6
2026-06-26T11:15:00,Usine Nord,902.6
2026-06-26T11:30:00,Atelier Sud,344.2
2026-06-26T11:30:00,Siège Est,249.0
2026-06-26T11:30:00,Usine Nord,970.5
2026-06-26T11:45:00,Atelier Sud,322.0
2026-06-26T11:45:00,Siège Est,250.4
2026-06-26T11:45:00,Usine Nord,959.3
2026-06-26T12:00:00,Atelier Sud,387.1
2026-06-26T12:00:00,Siège Est,273.5
2026-06-26T12:00:00,Usine Nord,942.2
2026-06-26T12:15:00,Atelier Sud,334.6
2026-06-26T12:15:00,Siège Est,259.9
2026-06-26T12:15:00,Usine Nord,931.1
2026-06-26T12:30:00,Atelier Sud,331.7
2026-06-26T12:30:00,Siège Est,254.9
2026-06-26T12:30:00,Usine Nord,931.6
2026-06-26T12:45:00,Atelier Sud,320.3
2026-06-26T12:45:00,Siège Est,255.2
2026-06-26T12:45:00,Usine Nord,931.8
2026-06-26T13:00:00,Atelier Sud,318.4
2026-06-26T13:00:00,Siège Est,276.6
2026-06-26T13:00:00,Usine Nord,983.2
2026-06-26T13:15:00,Atelier Sud,286.8
2026-06-26T13:15:00,Siège Est,249.7
2026-06-26T13:15:00,Usine Nord,949.2
2026-06-26T13:30:00,Atelier Sud,285.0
2026-06-26T13:30:00,Siège Est,252.7
2026-06-26T13:30:00,Usine Nord,942.9
2026-06-26T13:45:00,Atelier Sud,284.1
2026-06-26T13:45:00,Siège Est,251.2
2026-06-26T13:45:00,Usine Nord,949.8
2026-06-26T14:00:00,Atelier Sud,253.9
2026-06-26T14:00:00,Siège Est,247.6
2026-06-26T14:00:00,Usine Nord,960.8
2026-06-26T14:15:00,Atelier Sud,265.7
2026-06-26T14:15:00,Siège Est,245.6
2026-06-26T14:15:00,Usine Nord,964.8
2026-06-26T14:30:00,Atelier Sud,278.2
2026-06-26T14:30:00,Siège Est,264.7
2026-06-26T14:30:00,Usine Nord,948.4
2026-06-26T14:45:00,Atelier Sud,311.3
2026-06-26T14:45:00,Siège Est,268.5
2026-06-26T14:45:00,Usine Nord,944.4
2026-06-26T15:00:00,Atelier Sud,193.3
2026-06-26T15:00:00,Siège Est,262.8
2026-06-26T15:00:00,Usine Nord,932.1
2026-06-26T15:15:00,Atelier Sud,231.7
2026-06-26T15:15:00,Siège Est,266.0
2026-06-26T15:15:00,Usine Nord,947.8
2026-06-26T15:30:00,Atelier Sud,254.4
2026-06-26T15:30:00,Siège Est,253.1
2026-06-26T15:30:00,Usine Nord,945.8
2026-06-26T15:45:00,Atelier Sud,208.2
2026-06-26T15:45:00,Siège Est,254.2
2026-06-26T15:45:00,Usine Nord,935.5
2026-06-26T16:00:00,Atelier Sud,206.2
2026-06-26T16:00:00,Siège Est,265.9
2026-06-26T16:00:00,Usine Nord,942.1
2026-06-26T16:15:00,Atelier Sud,191.6
2026-06-26T16:15:00,Siège Est,280.3
2026-06-26T16:15:00,Usine Nord,975.6
2026-06-26T16:30:00,Atelier Sud,166.1
2026-06-26T16:30:00,Siège Est,268.4
2026-06-26T16:30:00,Usine Nord,965.8
2026-06-26T16:45:00,Atelier Sud,159.1
2026-06-26T16:45:00,Siège Est,253.0
2026-06-26T16:45:00,Usine Nord,954.8
2026-06-26T17:00:00,Atelier Sud,105.9
2026-06-26T17:00:00,Siège Est,265.5
2026-06-26T17:00:00,Usine Nord,974.5
2026-06-26T17:15:00,Atelier Sud,108.2
2026-06-26T17:15:00,Siège Est,236.7
2026-06-26T17:15:00,Usine Nord,951.4
2026-06-26T17:30:00,Atelier Sud,81.8
2026-06-26T17:30:00,Siège Est,262.7
2026-06-26T17:30:00,Usine Nord,973.7
2026-06-26T17:45:00,Atelier Sud,95.9
2026-06-26T17:45:00,Siège Est,267.5
2026-06-26T17:45:00,Usine Nord,948.5
2026-06-26T18:00:00,Atelier Sud,76.2
2026-06-26T18:00:00,Siège Est,252.1
2026-06-26T18:00:00,Usine Nord,979.9
2026-06-26T18:15:00,Atelier Sud,55.2
2026-06-26T18:15:00,Siège Est,251.2
2026-06-26T18:15:00,Usine Nord,960.5
2026-06-26T18:30:00,Atelier Sud,53.6
2026-06-26T18:30:00,Siège Est,271.6
2026-06-26T18:30:00,Usine Nord,942.2
2026-06-26T18:45:00,Atelier Sud,69.2
2026-06-26T18:45:00,Siège Est,247.2
2026-06-26T18:45:00,Usine Nord,923.4
2026-06-26T19:00:00,Atelier Sud,56.4
2026-06-26T19:00:00,Siège Est,70.5
2026-06-26T19:00:00,Usine Nord,951.8
2026-06-26T19:15:00,Atelier Sud,74.3
2026-06-26T19:15:00,Siège Est,69.8
2026-06-26T19:15:00,Usine Nord,952.0
2026-06-26T19:30:00,Atelier Sud,78.9
2026-06-26T19:30:00,Siège Est,79.2
2026-06-26T19:30:00,Usine Nord,925.5
2026-06-26T19:45:00,Atelier Sud,51.6
2026-06-26T19:45:00,Siège Est,75.5
2026-06-26T19:45:00,Usine Nord,944.3
2026-06-26T20:00:00,Atelier Sud,70.6
2026-06-26T20:00:00,Siège Est,81.8
2026-06-26T20:00:00,Usine Nord,936.1
2026-06-26T20:15:00,Atelier Sud,61.5
2026-06-26T20:15:00,Siège Est,79.4
2026-06-26T20:15:00,Usine Nord,954.8
2026-06-26T20:30:00,Atelier Sud,81.3
2026-06-26T20:30:00,Siège Est,81.9
2026-06-26T20:30:00,Usine Nord,921.4
2026-06-26T20:45:00,Atelier Sud,42.7
2026-06-26T20:45:00,Siège Est,52.0
2026-06-26T20:45:00,Usine Nord,948.5
2026-06-26T21:00:00,Atelier Sud,85.0
2026-06-26T21:00:00,Siège Est,69.1
2026-06-26T21:00:00,Usine Nord,990.0
2026-06-26T21:15:00,Atelier Sud,66.2
2026-06-26T21:15:00,Siège Est,69.2
2026-06-26T21:15:00,Usine Nord,969.7
2026-06-26T21:30:00,Atelier Sud,70.4
2026-06-26T21:30:00,Siège Est,82.0
2026-06-26T21:30:00,Usine Nord,948.4
2026-06-26T21:45:00,Atelier Sud,61.9
2026-06-26T21:45:00,Siège Est,88.9
2026-06-26T21:45:00,Usine Nord,981.8
2026-06-26T22:00:00,Atelier Sud,40.5
2026-06-26T22:00:00,Siège Est,72.2
2026-06-26T22:00:00,Usine Nord,639.2
2026-06-26T22:15:00,Atelier Sud,72.6
2026-06-26T22:15:00,Siège Est,66.5
2026-06-26T22:15:00,Usine Nord,665.2
2026-06-26T22:30:00,Atelier Sud,83.3
2026-06-26T22:30:00,Siège Est,62.1
2026-06-26T22:30:00,Usine Nord,653.9
2026-06-26T22:45:00,Atelier Sud,81.1
2026-06-26T22:45:00,Siège Est,62.4
2026-06-26T22:45:00,Usine Nord,638.1
2026-06-26T23:00:00,Atelier Sud,68.3
2026-06-26T23:00:00,Siège Est,71.5
2026-06-26T23:00:00,Usine Nord,658.0
2026-06-26T23:15:00,Atelier Sud,50.3
2026-06-26T23:15:00,Siège Est,81.7
2026-06-26T23:15:00,Usine Nord,698.2
2026-06-26T23:30:00,Atelier Sud,48.0
2026-06-26T23:30:00,Siège Est,65.4
2026-06-26T23:30:00,Usine Nord,628.9
2026-06-26T23:45:00,Atelier Sud,80.3
2026-06-26T23:45:00,Siège Est,69.5
2026-06-26T23:45:00,Usine Nord,628.4
2026-06-27T00:00:00,Atelier Sud,67.7
2026-06-27T00:00:00,Siège Est,73.5
2026-06-27T00:00:00,Usine Nord,392.1
2026-06-27T00:15:00,Atelier Sud,72.9
2026-06-27T00:15:00,Siège Est,71.9
2026-06-27T00:15:00,Usine Nord,341.7
2026-06-27T00:30:00,Atelier Sud,63.0
2026-06-27T00:30:00,Siège Est,68.9
2026-06-27T00:30:00,Usine Nord,353.2
2026-06-27T00:45:00,Atelier Sud,58.3
2026-06-27T00:45:00,Siège Est,73.6
2026-06-27T00:45:00,Usine Nord,345.8
2026-06-27T01:00:00,Atelier Sud,75.1
2026-06-27T01:00:00,Siège Est,65.5
2026-06-27T01:00:00,Usine Nord,339.6
2026-06-27T01:15:00,Atelier Sud,51.1
2026-06-27T01:15:00,Siège Est,71.6
2026-06-27T01:15:00,Usine Nord,366.0
2026-06-27T01:30:00,Atelier Sud,82.1
2026-06-27T01:30:00,Siège Est,84.7
2026-06-27T01:30:00,Usine Nord,334.0
2026-06-27T01:45:00,Atelier Sud,74.1
2026-06-27T01:45:00,Siège Est,93.8
2026-06-27T01:45:00,Usine Nord,333.3
2026-06-27T02:00:00,Atelier Sud,79.8
2026-06-27T02:00:00,Siège Est,79.3
2026-06-27T02:00:00,Usine Nord,350.2
2026-06-27T02:15:00,Atelier Sud,77.2
2026-06-27T02:15:00,Siège Est,81.1
2026-06-27T02:15:00,Usine Nord,367.3
2026-06-27T02:30:00,Atelier Sud,87.4
2026-06-27T02:30:00,Siège Est,89.3
2026-06-27T02:30:00,Usine Nord,386.5
2026-06-27T02:45:00,Atelier Sud,68.1
2026-06-27T02:45:00,Siège Est,83.5
2026-06-27T02:45:00,Usine Nord,355.0
2026-06-27T03:00:00,Atelier Sud,79.5
2026-06-27T03:00:00,Siège Est,83.0
2026-06-27T03:00:00,Usine Nord,375.4
2026-06-27T03:15:00,Atelier Sud,76.2
2026-06-27T03:15:00,Siège Est,68.0
2026-06-27T03:15:00,Usine Nord,385.1
2026-06-27T03:30:00,Atelier Sud,75.4
2026-06-27T03:30:00,Siège Est,75.9
2026-06-27T03:30:00,Usine Nord,365.7
2026-06-27T03:45:00,Atelier Sud,69.6
2026-06-27T03:45:00,Siège Est,59.8
2026-06-27T03:45:00,Usine Nord,373.8
2026-06-27T04:00:00,Atelier Sud,51.0
2026-06-27T04:00:00,Siège Est,73.6
2026-06-27T04:00:00,Usine Nord,351.3
2026-06-27T04:15:00,Atelier Sud,84.0
2026-06-27T04:15:00,Siège Est,68.5
2026-06-27T04:15:00,Usine Nord,321.1
2026-06-27T04:30:00,Atelier Sud,93.4
2026-06-27T04:30:00,Siège Est,86.7
2026-06-27T04:30:00,Usine Nord,372.5
2026-06-27T04:45:00,Atelier Sud,75.2
2026-06-27T04:45:00,Siège Est,73.8
2026-06-27T04:45:00,Usine Nord,331.2
2026-06-27T05:00:00,Atelier Sud,84.8
2026-06-27T05:00:00,Siège Est,75.9
2026-06-27T05:00:00,Usine Nord,367.8
2026-06-27T05:15:00,Atelier Sud,65.3
2026-06-27T05:15:00,Siège Est,73.1
2026-06-27T05:15:00,Usine Nord,337.9
2026-06-27T05:30:00,Atelier Sud,49.9
2026-06-27T05:30:00,Siège Est,80.6
2026-06-27T05:30:00,Usine Nord,330.3
2026-06-27T05:45:00,Atelier Sud,96.9
2026-06-27T05:45:00,Siège Est,84.3
2026-06-27T05:45:00,Usine Nord,353.0
2026-06-27T06:00:00,Atelier Sud,70.0
2026-06-27T06:00:00,Siège Est,71.9
2026-06-27T06:00:00,Usine Nord,494.2
2026-06-27T06:15:00,Atelier Sud,59.4
2026-06-27T06:15:00,Siège Est,88.0
2026-06-27T06:15:00,Usine Nord,523.2
2026-06-27T06:30:00,Atelier Sud,81.7
2026-06-27T06:30:00,Siège Est,97.9
2026-06-27T06:30:00,Usine Nord,517.4
2026-06-27T06:45:00,Atelier Sud,64.3
2026-06-27T06:45:00,Siège Est,71.4
2026-06-27T06:45:00,Usine Nord,516.8
2026-06-27T07:00:00,Atelier Sud,91.4
2026-06-27T07:00:00,Siège Est,67.5
2026-06-27T07:00:00,Usine Nord,554.3
2026-06-27T07:15:00,Atelier Sud,86.7
2026-06-27T07:15:00,Siège Est,81.6
2026-06-27T07:15:00,Usine Nord,539.0
2026-06-27T07:30:00,Atelier Sud,72.0
2026-06-27T07:30:00,Siège Est,83.2
2026-06-27T07:30:00,Usine Nord,516.3
2026-06-27T07:45:00,Atelier Sud,79.0
2026-06-27T07:45:00,Siège Est,76.1
2026-06-27T07:45:00,Usine Nord,539.1
2026-06-27T08:00:00,Atelier Sud,52.6
2026-06-27T08:00:00,Siège Est,62.3
2026-06-27T08:00:00,Usine Nord,530.1
2026-06-27T08:15:00,Atelier Sud,53.3
2026-06-27T08:15:00,Siège Est,67.5
2026-06-27T08:15:00,Usine Nord,514.4
2026-06-27T08:30:00,Atelier Sud,60.2
2026-06-27T08:30:00,Siège Est,75.3
2026-06-27T08:30:00,Usine Nord,492.6
2026-06-27T08:45:00,Atelier Sud,46.1
2026-06-27T08:45:00,Siège Est,82.8
2026-06-27T08:45:00,Usine Nord,505.9
2026-06-27T09:00:00,Atelier Sud,45.5
2026-06-27T09:00:00,Siège Est,89.2
2026-06-27T09:00:00,Usine Nord,563.7
2026-06-27T09:15:00,Atelier Sud,31.1
2026-06-27T09:15:00,Siège Est,79.6
2026-06-27T09:15:00,Usine Nord,522.6
2026-06-27T09:30:00,Atelier Sud,42.1
2026-06-27T09:30:00,Siège Est,79.6
2026-06-27T09:30:00,Usine Nord,533.6
2026-06-27T09:45:00,Atelier Sud,63.7
2026-06-27T09:45:00,Siège Est,75.6
2026-06-27T09:45:00,Usine Nord,558.4
2026-06-27T10:00:00,Atelier Sud,58.5
2026-06-27T10:00:00,Siège Est,85.2
2026-06-27T10:00:00,Usine Nord,505.9
2026-06-27T10:15:00,Atelier Sud,52.6
2026-06-27T10:15:00,Siège Est,69.9
2026-06-27T10:15:00,Usine Nord,544.9
2026-06-27T10:30:00,Atelier Sud,58.5
2026-06-27T10:30:00,Siège Est,68.8
2026-06-27T10:30:00,Usine Nord,466.5
2026-06-27T10:45:00,Atelier Sud,15.0
2026-06-27T10:45:00,Siège Est,84.5
2026-06-27T10:45:00,Usine Nord,499.3
2026-06-27T11:00:00,Atelier Sud,68.5
2026-06-27T11:00:00,Siège Est,56.8
2026-06-27T11:00:00,Usine Nord,474.5
2026-06-27T11:15:00,Atelier Sud,15.0
2026-06-27T11:15:00,Siège Est,83.5
2026-06-27T11:15:00,Usine Nord,521.2
2026-06-27T11:30:00,Atelier Sud,15.0
2026-06-27T11:30:00,Siège Est,83.6
2026-06-27T11:30:00,Usine Nord,521.9
2026-06-27T11:45:00,Atelier Sud,15.0
2026-06-27T11:45:00,Siège Est,66.4
2026-06-27T11:45:00,Usine Nord,505.6
2026-06-27T12:00:00,Atelier Sud,15.0
2026-06-27T12:00:00,Siège Est,67.1
2026-06-27T12:00:00,Usine Nord,507.5
2026-06-27T12:15:00,Atelier Sud,41.2
2026-06-27T12:15:00,Siège Est,72.3
2026-06-27T12:15:00,Usine Nord,584.8
2026-06-27T12:30:00,Atelier Sud,15.0
2026-06-27T12:30:00,Siège Est,81.4
2026-06-27T12:30:00,Usine Nord,530.3
2026-06-27T12:45:00,Atelier Sud,44.7
2026-06-27T12:45:00,Siège Est,88.3
2026-06-27T12:45:00,Usine Nord,532.9
2026-06-27T13:00:00,Atelier Sud,15.0
2026-06-27T13:00:00,Siège Est,71.0
2026-06-27T13:00:00,Usine Nord,502.2
2026-06-27T13:15:00,Atelier Sud,17.8
2026-06-27T13:15:00,Siège Est,90.9
2026-06-27T13:15:00,Usine Nord,504.5
2026-06-27T13:30:00,Atelier Sud,38.9
2026-06-27T13:30:00,Siège Est,79.1
2026-06-27T13:30:00,Usine Nord,525.8
2026-06-27T13:45:00,Atelier Sud,42.6
2026-06-27T13:45:00,Siège Est,76.7
2026-06-27T13:45:00,Usine Nord,514.5
2026-06-27T14:00:00,Atelier Sud,55.6
2026-06-27T14:00:00,Siège Est,69.6
2026-06-27T14:00:00,Usine Nord,517.8
2026-06-27T14:15:00,Atelier Sud,15.0
2026-06-27T14:15:00,Siège Est,87.2
2026-06-27T14:15:00,Usine Nord,515.2
2026-06-27T14:30:00,Atelier Sud,51.8
2026-06-27T14:30:00,Siège Est,81.0
2026-06-27T14:30:00,Usine Nord,484.0
2026-06-27T14:45:00,Atelier Sud,33.2
2026-06-27T14:45:00,Siège Est,71.2
2026-06-27T14:45:00,Usine Nord,529.5
2026-06-27T15:00:00,Atelier Sud,50.0
2026-06-27T15:00:00,Siège Est,73.6
2026-06-27T15:00:00,Usine Nord,526.2
2026-06-27T15:15:00,Atelier Sud,15.0
2026-06-27T15:15:00,Siège Est,82.1
2026-06-27T15:15:00,Usine Nord,533.5
2026-06-27T15:30:00,Atelier Sud,28.0
2026-06-27T15:30:00,Siège Est,65.3
2026-06-27T15:30:00,Usine Nord,536.7
2026-06-27T15:45:00,Atelier Sud,15.0
2026-06-27T15:45:00,Siège Est,84.9
2026-06-27T15:45:00,Usine Nord,560.9
2026-06-27T16:00:00,Atelier Sud,45.4
2026-06-27T16:00:00,Siège Est,74.9
2026-06-27T16:00:00,Usine Nord,512.9
2026-06-27T16:15:00,Atelier Sud,40.8
2026-06-27T16:15:00,Siège Est,72.0
2026-06-27T16:15:00,Usine Nord,526.0
2026-06-27T16:30:00,Atelier Sud,44.1
2026-06-27T16:30:00,Siège Est,86.7
2026-06-27T16:30:00,Usine Nord,551.0
2026-06-27T16:45:00,Atelier Sud,53.5
2026-06-27T16:45:00,Siège Est,71.0
2026-06-27T16:45:00,Usine Nord,513.5
2026-06-27T17:00:00,Atelier Sud,59.7
2026-06-27T17:00:00,Siège Est,70.3
2026-06-27T17:00:00,Usine Nord,546.5
2026-06-27T17:15:00,Atelier Sud,56.6
2026-06-27T17:15:00,Siège Est,91.2
2026-06-27T17:15:00,Usine Nord,511.0
2026-06-27T17:30:00,Atelier Sud,42.1
2026-06-27T17:30:00,Siège Est,88.8
2026-06-27T17:30:00,Usine Nord,511.9
2026-06-27T17:45:00,Atelier Sud,68.1
2026-06-27T17:45:00,Siège Est,59.7
2026-06-27T17:45:00,Usine Nord,498.2
2026-06-27T18:00:00,Atelier Sud,82.0
2026-06-27T18:00:00,Siège Est,80.0
2026-06-27T18:00:00,Usine Nord,518.6
2026-06-27T18:15:00,Atelier Sud,73.1
2026-06-27T18:15:00,Siège Est,87.6
2026-06-27T18:15:00,Usine Nord,566.5
2026-06-27T18:30:00,Atelier Sud,66.7
2026-06-27T18:30:00,Siège Est,63.3
2026-06-27T18:30:00,Usine Nord,561.4
2026-06-27T18:45:00,Atelier Sud,54.6
2026-06-27T18:45:00,Siège Est,76.2
2026-06-27T18:45:00,Usine Nord,523.6
2026-06-27T19:00:00,Atelier Sud,97.9
2026-06-27T19:00:00,Siège Est,77.1
2026-06-27T19:00:00,Usine Nord,532.9
2026-06-27T19:15:00,Atelier Sud,71.1
2026-06-27T19:15:00,Siège Est,80.0
2026-06-27T19:15:00,Usine Nord,546.6
2026-06-27T19:30:00,Atelier Sud,71.2
2026-06-27T19:30:00,Siège Est,62.6
2026-06-27T19:30:00,Usine Nord,498.6
2026-06-27T19:45:00,Atelier Sud,70.8
2026-06-27T19:45:00,Siège Est,73.7
2026-06-27T19:45:00,Usine Nord,512.7
2026-06-27T20:00:00,Atelier Sud,64.0
2026-06-27T20:00:00,Siège Est,69.8
2026-06-27T20:00:00,Usine Nord,517.6
2026-06-27T20:15:00,Atelier Sud,60.6
2026-06-27T20:15:00,Siège Est,87.7
2026-06-27T20:15:00,Usine Nord,481.0
2026-06-27T20:30:00,Atelier Sud,103.7
2026-06-27T20:30:00,Siège Est,72.7
2026-06-27T20:30:00,Usine Nord,504.5
2026-06-27T20:45:00,Atelier Sud,56.8
2026-06-27T20:45:00,Siège Est,78.8
2026-06-27T20:45:00,Usine Nord,508.1
2026-06-27T21:00:00,Atelier Sud,64.0
2026-06-27T21:00:00,Siège Est,78.1
2026-06-27T21:00:00,Usine Nord,514.4
2026-06-27T21:15:00,Atelier Sud,50.8
2026-06-27T21:15:00,Siège Est,78.4
2026-06-27T21:15:00,Usine Nord,516.8
2026-06-27T21:30:00,Atelier Sud,66.5
2026-06-27T21:30:00,Siège Est,70.2
2026-06-27T21:30:00,Usine Nord,472.1
2026-06-27T21:45:00,Atelier Sud,75.1
2026-06-27T21:45:00,Siège Est,85.3
2026-06-27T21:45:00,Usine Nord,531.0
2026-06-27T22:00:00,Atelier Sud,64.7
2026-06-27T22:00:00,Siège Est,65.6
2026-06-27T22:00:00,Usine Nord,344.6
2026-06-27T22:15:00,Atelier Sud,92.8
2026-06-27T22:15:00,Siège Est,80.1
2026-06-27T22:15:00,Usine Nord,365.5
2026-06-27T22:30:00,Atelier Sud,83.9
2026-06-27T22:30:00,Siège Est,78.8
2026-06-27T22:30:00,Usine Nord,368.3
2026-06-27T22:45:00,Atelier Sud,62.3
2026-06-27T22:45:00,Siège Est,83.3
2026-06-27T22:45:00,Usine Nord,351.5
2026-06-27T23:00:00,Atelier Sud,57.3
2026-06-27T23:00:00,Siège Est,63.4
2026-06-27T23:00:00,Usine Nord,394.0
2026-06-27T23:15:00,Atelier Sud,96.6
2026-06-27T23:15:00,Siège Est,76.2
2026-06-27T23:15:00,Usine Nord,318.3
2026-06-27T23:30:00,Atelier Sud,65.3
2026-06-27T23:30:00,Siège Est,73.9
2026-06-27T23:30:00,Usine Nord,354.2
2026-06-27T23:45:00,Atelier Sud,67.9
2026-06-27T23:45:00,Siège Est,85.4
2026-06-27T23:45:00,Usine Nord,356.8
2026-06-28T00:00:00,Atelier Sud,88.3
2026-06-28T00:00:00,Siège Est,87.9
2026-06-28T00:00:00,Usine Nord,386.2
2026-06-28T00:15:00,Atelier Sud,84.9
2026-06-28T00:15:00,Siège Est,78.0
2026-06-28T00:15:00,Usine Nord,353.0
2026-06-28T00:30:00,Atelier Sud,70.9
2026-06-28T00:30:00,Siège Est,84.4
2026-06-28T00:30:00,Usine Nord,366.9
2026-06-28T00:45:00,Atelier Sud,74.0
2026-06-28T00:45:00,Siège Est,90.8
2026-06-28T00:45:00,Usine Nord,359.2
2026-06-28T01:00:00,Atelier Sud,71.3
2026-06-28T01:00:00,Siège Est,62.8
2026-06-28T01:00:00,Usine Nord,399.6
2026-06-28T01:15:00,Atelier Sud,71.7
2026-06-28T01:15:00,Siège Est,69.0
2026-06-28T01:15:00,Usine Nord,347.9
2026-06-28T01:30:00,Atelier Sud,63.9
2026-06-28T01:30:00,Siège Est,81.7
2026-06-28T01:30:00,Usine Nord,335.7
2026-06-28T01:45:00,Atelier Sud,83.3
2026-06-28T01:45:00,Siège Est,81.9
2026-06-28T01:45:00,Usine Nord,344.3
2026-06-28T02:00:00,Atelier Sud,73.2
2026-06-28T02:00:00,Siège Est,80.1
2026-06-28T02:00:00,Usine Nord,364.2
2026-06-28T02:15:00,Atelier Sud,75.4
2026-06-28T02:15:00,Siège Est,79.9
2026-06-28T02:15:00,Usine Nord,386.1
2026-06-28T02:30:00,Atelier Sud,66.6
2026-06-28T02:30:00,Siège Est,84.6
2026-06-28T02:30:00,Usine Nord,303.8
2026-06-28T02:45:00,Atelier Sud,55.8
2026-06-28T02:45:00,Siège Est,74.5
2026-06-28T02:45:00,Usine Nord,327.1
2026-06-28T03:00:00,Atelier Sud,85.0
2026-06-28T03:00:00,Siège Est,69.1
2026-06-28T03:00:00,Usine Nord,385.9
2026-06-28T03:15:00,Atelier Sud,74.7
2026-06-28T03:15:00,Siège Est,87.9
2026-06-28T03:15:00,Usine Nord,345.9
2026-06-28T03:30:00,Atelier Sud,61.8
2026-06-28T03:30:00,Siège Est,78.4
2026-06-28T03:30:00,Usine Nord,339.1
2026-06-28T03:45:00,Atelier Sud,72.6
2026-06-28T03:45:00,Siège Est,73.1
2026-06-28T03:45:00,Usine Nord,345.1
2026-06-28T04:00:00,Atelier Sud,45.7
2026-06-28T04:00:00,Siège Est,82.9
2026-06-28T04:00:00,Usine Nord,335.8
2026-06-28T04:15:00,Atelier Sud,69.3
2026-06-28T04:15:00,Siège Est,94.9
2026-06-28T04:15:00,Usine Nord,331.8
2026-06-28T04:30:00,Atelier Sud,84.6
2026-06-28T04:30:00,Siège Est,77.4
2026-06-28T04:30:00,Usine Nord,357.0
2026-06-28T04:45:00,Atelier Sud,76.5
2026-06-28T04:45:00,Siège Est,71.3
2026-06-28T04:45:00,Usine Nord,338.4
2026-06-28T05:00:00,Atelier Sud,65.8
2026-06-28T05:00:00,Siège Est,79.6
2026-06-28T05:00:00,Usine Nord,392.5
2026-06-28T05:15:00,Atelier Sud,68.3
2026-06-28T05:15:00,Siège Est,68.5
2026-06-28T05:15:00,Usine Nord,300.7
2026-06-28T05:30:00,Atelier Sud,65.4
2026-06-28T05:30:00,Siège Est,68.8
2026-06-28T05:30:00,Usine Nord,366.8
2026-06-28T05:45:00,Atelier Sud,67.5
2026-06-28T05:45:00,Siège Est,78.8
2026-06-28T05:45:00,Usine Nord,339.7
2026-06-28T06:00:00,Atelier Sud,68.4
2026-06-28T06:00:00,Siège Est,76.6
2026-06-28T06:00:00,Usine Nord,557.6
2026-06-28T06:15:00,Atelier Sud,53.3
2026-06-28T06:15:00,Siège Est,79.7
2026-06-28T06:15:00,Usine Nord,499.4
2026-06-28T06:30:00,Atelier Sud,62.6
2026-06-28T06:30:00,Siège Est,77.7
2026-06-28T06:30:00,Usine Nord,531.9
2026-06-28T06:45:00,Atelier Sud,78.1
2026-06-28T06:45:00,Siège Est,86.4
2026-06-28T06:45:00,Usine Nord,556.5
2026-06-28T07:00:00,Atelier Sud,81.6
2026-06-28T07:00:00,Siège Est,80.1
2026-06-28T07:00:00,Usine Nord,533.2
2026-06-28T07:15:00,Atelier Sud,87.1
2026-06-28T07:15:00,Siège Est,70.2
2026-06-28T07:15:00,Usine Nord,507.2
2026-06-28T07:30:00,Atelier Sud,81.4
2026-06-28T07:30:00,Siège Est,89.6
2026-06-28T07:30:00,Usine Nord,517.0
2026-06-28T07:45:00,Atelier Sud,72.4
2026-06-28T07:45:00,Siège Est,67.7
2026-06-28T07:45:00,Usine Nord,525.3
2026-06-28T08:00:00,Atelier Sud,48.4
2026-06-28T08:00:00,Siège Est,85.0
2026-06-28T08:00:00,Usine Nord,553.0
2026-06-28T08:15:00,Atelier Sud,78.4
2026-06-28T08:15:00,Siège Est,91.5
2026-06-28T08:15:00,Usine Nord,524.1
2026-06-28T08:30:00,Atelier Sud,43.9
2026-06-28T08:30:00,Siège Est,80.4
2026-06-28T08:30:00,Usine Nord,534.5
2026-06-28T08:45:00,Atelier Sud,24.1
2026-06-28T08:45:00,Siège Est,73.1
2026-06-28T08:45:00,Usine Nord,496.8
2026-06-28T09:00:00,Atelier Sud,28.5
2026-06-28T09:00:00,Siège Est,52.2
2026-06-28T09:00:00,Usine Nord,522.4
2026-06-28T09:15:00,Atelier Sud,25.9
2026-06-28T09:15:00,Siège Est,74.9
2026-06-28T09:15:00,Usine Nord,548.3
2026-06-28T09:30:00,Atelier Sud,23.6
2026-06-28T09:30:00,Siège Est,80.5
2026-06-28T09:30:00,Usine Nord,514.8
2026-06-28T09:45:00,Atelier Sud,72.8
2026-06-28T09:45:00,Siège Est,77.7
2026-06-28T09:45:00,Usine Nord,510.4
2026-06-28T10:00:00,Atelier Sud,15.0
2026-06-28T10:00:00,Siège Est,71.6
2026-06-28T10:00:00,Usine Nord,512.7
2026-06-28T10:15:00,Atelier Sud,35.3
2026-06-28T10:15:00,Siège Est,88.8
2026-06-28T10:15:00,Usine Nord,546.2
2026-06-28T10:30:00,Atelier Sud,25.0
2026-06-28T10:30:00,Siège Est,84.4
2026-06-28T10:30:00,Usine Nord,532.2
2026-06-28T10:45:00,Atelier Sud,15.0
2026-06-28T10:45:00,Siège Est,78.0
2026-06-28T10:45:00,Usine Nord,529.7
2026-06-28T11:00:00,Atelier Sud,84.3
2026-06-28T11:00:00,Siège Est,89.5
2026-06-28T11:00:00,Usine Nord,505.1
2026-06-28T11:15:00,Atelier Sud,70.3
2026-06-28T11:15:00,Siège Est,69.0
2026-06-28T11:15:00,Usine Nord,482.5
2026-06-28T11:30:00,Atelier Sud,36.7
2026-06-28T11:30:00,Siège Est,87.6
2026-06-28T11:30:00,Usine Nord,544.1
2026-06-28T11:45:00,Atelier Sud,15.0
2026-06-28T11:45:00,Siège Est,75.0
2026-06-28T11:45:00,Usine Nord,511.4
2026-06-28T12:00:00,Atelier Sud,15.0
2026-06-28T12:00:00,Siège Est,86.5
2026-06-28T12:00:00,Usine Nord,539.5
2026-06-28T12:15:00,Atelier Sud,24.6
2026-06-28T12:15:00,Siège Est,73.2
2026-06-28T12:15:00,Usine Nord,532.2
2026-06-28T12:30:00,Atelier Sud,15.0
2026-06-28T12:30:00,Siège Est,74.8
2026-06-28T12:30:00,Usine Nord,508.1
2026-06-28T12:45:00,Atelier Sud,15.0
2026-06-28T12:45:00,Siège Est,84.8
2026-06-28T12:45:00,Usine Nord,496.9
2026-06-28T13:00:00,Atelier Sud,15.0
2026-06-28T13:00:00,Siège Est,83.2
2026-06-28T13:00:00,Usine Nord,541.2
2026-06-28T13:15:00,Atelier Sud,24.2
2026-06-28T13:15:00,Siège Est,73.6
2026-06-28T13:15:00,Usine Nord,474.6
2026-06-28T13:30:00,Atelier Sud,15.0
2026-06-28T13:30:00,Siège Est,72.7
2026-06-28T13:30:00,Usine Nord,469.9
2026-06-28T13:45:00,Atelier Sud,27.2
2026-06-28T13:45:00,Siège Est,64.5
2026-06-28T13:45:00,Usine Nord,555.0
2026-06-28T14:00:00,Atelier Sud,15.0
2026-06-28T14:00:00,Siège Est,67.8
2026-06-28T14:00:00,Usine Nord,502.8
2026-06-28T14:15:00,Atelier Sud,15.0
2026-06-28T14:15:00,Siège Est,86.3
2026-06-28T14:15:00,Usine Nord,524.8
2026-06-28T14:30:00,Atelier Sud,61.9
2026-06-28T14:30:00,Siège Est,84.1
2026-06-28T14:30:00,Usine Nord,544.1
2026-06-28T14:45:00,Atelier Sud,73.8
2026-06-28T14:45:00,Siège Est,81.4
2026-06-28T14:45:00,Usine Nord,566.5
2026-06-28T15:00:00,Atelier Sud,35.5
2026-06-28T15:00:00,Siège Est,71.8
2026-06-28T15:00:00,Usine Nord,498.7
2026-06-28T15:15:00,Atelier Sud,59.8
2026-06-28T15:15:00,Siège Est,71.0
2026-06-28T15:15:00,Usine Nord,516.9
2026-06-28T15:30:00,Atelier Sud,24.6
2026-06-28T15:30:00,Siège Est,89.5
2026-06-28T15:30:00,Usine Nord,540.6
2026-06-28T15:45:00,Atelier Sud,35.1
2026-06-28T15:45:00,Siège Est,87.1
2026-06-28T15:45:00,Usine Nord,520.5
2026-06-28T16:00:00,Atelier Sud,15.0
2026-06-28T16:00:00,Siège Est,84.2
2026-06-28T16:00:00,Usine Nord,503.4
2026-06-28T16:15:00,Atelier Sud,57.0
2026-06-28T16:15:00,Siège Est,58.6
2026-06-28T16:15:00,Usine Nord,541.4
2026-06-28T16:30:00,Atelier Sud,52.1
2026-06-28T16:30:00,Siège Est,81.2
2026-06-28T16:30:00,Usine Nord,483.5
2026-06-28T16:45:00,Atelier Sud,49.5
2026-06-28T16:45:00,Siège Est,69.1
2026-06-28T16:45:00,Usine Nord,542.2
2026-06-28T17:00:00,Atelier Sud,37.5
2026-06-28T17:00:00,Siège Est,84.0
2026-06-28T17:00:00,Usine Nord,519.7
2026-06-28T17:15:00,Atelier Sud,33.4
2026-06-28T17:15:00,Siège Est,70.3
2026-06-28T17:15:00,Usine Nord,520.6
2026-06-28T17:30:00,Atelier Sud,59.5
2026-06-28T17:30:00,Siège Est,67.8
2026-06-28T17:30:00,Usine Nord,505.5
2026-06-28T17:45:00,Atelier Sud,61.4
2026-06-28T17:45:00,Siège Est,79.4
2026-06-28T17:45:00,Usine Nord,515.2
2026-06-28T18:00:00,Atelier Sud,85.6
2026-06-28T18:00:00,Siège Est,67.7
2026-06-28T18:00:00,Usine Nord,543.6
2026-06-28T18:15:00,Atelier Sud,85.8
2026-06-28T18:15:00,Siège Est,81.6
2026-06-28T18:15:00,Usine Nord,526.1
2026-06-28T18:30:00,Atelier Sud,76.1
2026-06-28T18:30:00,Siège Est,77.8
2026-06-28T18:30:00,Usine Nord,545.2
2026-06-28T18:45:00,Atelier Sud,85.1
2026-06-28T18:45:00,Siège Est,74.8
2026-06-28T18:45:00,Usine Nord,533.3
2026-06-28T19:00:00,Atelier Sud,70.5
2026-06-28T19:00:00,Siège Est,74.7
2026-06-28T19:00:00,Usine Nord,512.2
2026-06-28T19:15:00,Atelier Sud,68.1
2026-06-28T19:15:00,Siège Est,83.4
2026-06-28T19:15:00,Usine Nord,514.6
2026-06-28T19:30:00,Atelier Sud,99.8
2026-06-28T19:30:00,Siège Est,80.1
2026-06-28T19:30:00,Usine Nord,521.6
2026-06-28T19:45:00,Atelier Sud,45.9
2026-06-28T19:45:00,Siège Est,81.1
2026-06-28T19:45:00,Usine Nord,510.7
2026-06-28T20:00:00,Atelier Sud,84.4
2026-06-28T20:00:00,Siège Est,72.9
2026-06-28T20:00:00,Usine Nord,551.1
2026-06-28T20:15:00,Atelier Sud,98.6
2026-06-28T20:15:00,Siège Est,86.3
2026-06-28T20:15:00,Usine Nord,495.3
2026-06-28T20:30:00,Atelier Sud,89.0
2026-06-28T20:30:00,Siège Est,77.4
2026-06-28T20:30:00,Usine Nord,558.1
2026-06-28T20:45:00,Atelier Sud,61.4
2026-06-28T20:45:00,Siège Est,77.0
2026-06-28T20:45:00,Usine Nord,505.3
2026-06-28T21:00:00,Atelier Sud,85.7
2026-06-28T21:00:00,Siège Est,84.5
2026-06-28T21:00:00,Usine Nord,501.1
2026-06-28T21:15:00,Atelier Sud,72.5
2026-06-28T21:15:00,Siège Est,77.6
2026-06-28T21:15:00,Usine Nord,519.9
2026-06-28T21:30:00,Atelier Sud,78.0
2026-06-28T21:30:00,Siège Est,78.7
2026-06-28T21:30:00,Usine Nord,492.3
2026-06-28T21:45:00,Atelier Sud,64.0
2026-06-28T21:45:00,Siège Est,74.7
2026-06-28T21:45:00,Usine Nord,556.9
2026-06-28T22:00:00,Atelier Sud,65.8
2026-06-28T22:00:00,Siège Est,77.1
2026-06-28T22:00:00,Usine Nord,390.5
2026-06-28T22:15:00,Atelier Sud,87.4
2026-06-28T22:15:00,Siège Est,76.8
2026-06-28T22:15:00,Usine Nord,386.0
2026-06-28T22:30:00,Atelier Sud,60.5
2026-06-28T22:30:00,Siège Est,87.8
2026-06-28T22:30:00,Usine Nord,393.2
2026-06-28T22:45:00,Atelier Sud,54.8
2026-06-28T22:45:00,Siège Est,82.6
2026-06-28T22:45:00,Usine Nord,382.1
2026-06-28T23:00:00,Atelier Sud,57.6
2026-06-28T23:00:00,Siège Est,71.9
2026-06-28T23:00:00,Usine Nord,314.7
2026-06-28T23:15:00,Atelier Sud,52.3
2026-06-28T23:15:00,Siège Est,74.3
2026-06-28T23:15:00,Usine Nord,369.3
2026-06-28T23:30:00,Atelier Sud,77.7
2026-06-28T23:30:00,Siège Est,78.6
2026-06-28T23:30:00,Usine Nord,339.0
2026-06-28T23:45:00,Atelier Sud,92.1
2026-06-28T23:45:00,Siège Est,62.0
2026-06-28T23:45:00,Usine Nord,373.5
2026-06-29T00:00:00,Atelier Sud,95.9
2026-06-29T00:00:00,Siège Est,69.0
2026-06-29T00:00:00,Usine Nord,809.7
2026-06-29T00:15:00,Atelier Sud,42.5
2026-06-29T00:15:00,Siège Est,74.9
2026-06-29T00:15:00,Usine Nord,636.7
2026-06-29T00:30:00,Atelier Sud,61.2
2026-06-29T00:30:00,Siège Est,86.0
2026-06-29T00:30:00,Usine Nord,626.3
2026-06-29T00:45:00,Atelier Sud,80.0
2026-06-29T00:45:00,Siège Est,57.9
2026-06-29T00:45:00,Usine Nord,659.1
2026-06-29T01:00:00,Atelier Sud,78.3
2026-06-29T01:00:00,Siège Est,76.0
2026-06-29T01:00:00,Usine Nord,670.5
2026-06-29T01:15:00,Atelier Sud,69.6
2026-06-29T01:15:00,Siège Est,77.3
2026-06-29T01:15:00,Usine Nord,622.7
2026-06-29T01:30:00,Atelier Sud,87.2
2026-06-29T01:30:00,Siège Est,69.5
2026-06-29T01:30:00,Usine Nord,654.7
2026-06-29T01:45:00,Atelier Sud,83.6
2026-06-29T01:45:00,Siège Est,63.8
2026-06-29T01:45:00,Usine Nord,656.4
2026-06-29T02:00:00,Atelier Sud,66.7
2026-06-29T02:00:00,Siège Est,74.2
2026-06-29T02:00:00,Usine Nord,644.0
2026-06-29T02:15:00,Atelier Sud,44.8
2026-06-29T02:15:00,Siège Est,68.6
2026-06-29T02:15:00,Usine Nord,642.1
2026-06-29T02:30:00,Atelier Sud,67.8
2026-06-29T02:30:00,Siège Est,76.6
2026-06-29T02:30:00,Usine Nord,672.4
2026-06-29T02:45:00,Atelier Sud,80.9
2026-06-29T02:45:00,Siège Est,88.5
2026-06-29T02:45:00,Usine Nord,675.3
2026-06-29T03:00:00,Atelier Sud,78.9
2026-06-29T03:00:00,Siège Est,83.7
2026-06-29T03:00:00,Usine Nord,662.6
2026-06-29T03:15:00,Atelier Sud,83.1
2026-06-29T03:15:00,Siège Est,67.2
2026-06-29T03:15:00,Usine Nord,661.9
2026-06-29T03:30:00,Atelier Sud,78.6
2026-06-29T03:30:00,Siège Est,77.6
2026-06-29T03:30:00,Usine Nord,663.1
2026-06-29T03:45:00,Atelier Sud,41.8
2026-06-29T03:45:00,Siège Est,85.2
2026-06-29T03:45:00,Usine Nord,633.8
2026-06-29T04:00:00,Atelier Sud,53.9
2026-06-29T04:00:00,Siège Est,64.9
2026-06-29T04:00:00,Usine Nord,645.1
2026-06-29T04:15:00,Atelier Sud,93.1
2026-06-29T04:15:00,Siège Est,74.7
2026-06-29T04:15:00,Usine Nord,647.4
2026-06-29T04:30:00,Atelier Sud,84.1
2026-06-29T04:30:00,Siège Est,67.5
2026-06-29T04:30:00,Usine Nord,626.4
2026-06-29T04:45:00,Atelier Sud,85.8
2026-06-29T04:45:00,Siège Est,80.9
2026-06-29T04:45:00,Usine Nord,663.9
2026-06-29T05:00:00,Atelier Sud,86.5
2026-06-29T05:00:00,Siège Est,80.6
2026-06-29T05:00:00,Usine Nord,687.8
2026-06-29T05:15:00,Atelier Sud,68.4
2026-06-29T05:15:00,Siège Est,72.7
2026-06-29T05:15:00,Usine Nord,691.1
2026-06-29T05:30:00,Atelier Sud,85.3
2026-06-29T05:30:00,Siège Est,80.7
2026-06-29T05:30:00,Usine Nord,641.7
2026-06-29T05:45:00,Atelier Sud,60.4
2026-06-29T05:45:00,Siège Est,73.9
2026-06-29T05:45:00,Usine Nord,636.3
2026-06-29T06:00:00,Atelier Sud,80.1
2026-06-29T06:00:00,Siège Est,76.1
2026-06-29T06:00:00,Usine Nord,930.6
2026-06-29T06:15:00,Atelier Sud,94.4
2026-06-29T06:15:00,Siège Est,74.7
2026-06-29T06:15:00,Usine Nord,963.1
2026-06-29T06:30:00,Atelier Sud,99.2
2026-06-29T06:30:00,Siège Est,74.7
2026-06-29T06:30:00,Usine Nord,946.5
2026-06-29T06:45:00,Atelier Sud,116.2
2026-06-29T06:45:00,Siège Est,73.2
2026-06-29T06:45:00,Usine Nord,973.5
2026-06-29T07:00:00,Atelier Sud,147.6
2026-06-29T07:00:00,Siège Est,86.2
2026-06-29T07:00:00,Usine Nord,924.3
2026-06-29T07:15:00,Atelier Sud,185.2
2026-06-29T07:15:00,Siège Est,70.9
2026-06-29T07:15:00,Usine Nord,951.6
2026-06-29T07:30:00,Atelier Sud,192.3
2026-06-29T07:30:00,Siège Est,77.2
2026-06-29T07:30:00,Usine Nord,935.0
2026-06-29T07:45:00,Atelier Sud,215.0
2026-06-29T07:45:00,Siège Est,77.1
2026-06-29T07:45:00,Usine Nord,953.8
2026-06-29T08:00:00,Atelier Sud,212.6
2026-06-29T08:00:00,Siège Est,264.6
2026-06-29T08:00:00,Usine Nord,943.4
2026-06-29T08:15:00,Atelier Sud,225.9
2026-06-29T08:15:00,Siège Est,256.5
2026-06-29T08:15:00,Usine Nord,907.8
2026-06-29T08:30:00,Atelier Sud,256.0
2026-06-29T08:30:00,Siège Est,263.4
2026-06-29T08:30:00,Usine Nord,966.2
2026-06-29T08:45:00,Atelier Sud,268.3
2026-06-29T08:45:00,Siège Est,261.1
2026-06-29T08:45:00,Usine Nord,949.4
2026-06-29T09:00:00,Atelier Sud,240.1
2026-06-29T09:00:00,Siège Est,259.4
2026-06-29T09:00:00,Usine Nord,951.8
2026-06-29T09:15:00,Atelier Sud,300.7
2026-06-29T09:15:00,Siège Est,270.4
2026-06-29T09:15:00,Usine Nord,946.4
2026-06-29T09:30:00,Atelier Sud,267.1
2026-06-29T09:30:00,Siège Est,262.6
2026-06-29T09:30:00,Usine Nord,927.5
2026-06-29T09:45:00,Atelier Sud,342.6
2026-06-29T09:45:00,Siège Est,261.8
2026-06-29T09:45:00,Usine Nord,948.9
2026-06-29T10:00:00,Atelier Sud,300.8
2026-06-29T10:00:00,Siège Est,263.4
2026-06-29T10:00:00,Usine Nord,965.2
2026-06-29T10:15:00,Atelier Sud,281.3
2026-06-29T10:15:00,Siège Est,255.8
2026-06-29T10:15:00,Usine Nord,984.6
2026-06-29T10:30:00,Atelier Sud,317.4
2026-06-29T10:30:00,Siège Est,263.6
2026-06-29T10:30:00,Usine Nord,952.9
2026-06-29T10:45:00,Atelier Sud,322.6
2026-06-29T10:45:00,Siège Est,252.3
2026-06-29T10:45:00,Usine Nord,936.6
2026-06-29T11:00:00,Atelier Sud,347.7
2026-06-29T11:00:00,Siège Est,247.0
2026-06-29T11:00:00,Usine Nord,973.9
2026-06-29T11:15:00,Atelier Sud,294.6
2026-06-29T11:15:00,Siège Est,260.5
2026-06-29T11:15:00,Usine Nord,943.8
2026-06-29T11:30:00,Atelier Sud,336.5
2026-06-29T11:30:00,Siège Est,247.8
2026-06-29T11:30:00,Usine Nord,943.1
2026-06-29T11:45:00,Atelier Sud,329.0
2026-06-29T11:45:00,Siège Est,265.1
2026-06-29T11:45:00,Usine Nord,948.1
2026-06-29T12:00:00,Atelier Sud,282.6
2026-06-29T12:00:00,Siège Est,255.6
2026-06-29T12:00:00,Usine Nord,961.7
2026-06-29T12:15:00,Atelier Sud,334.8
2026-06-29T12:15:00,Siège Est,278.4
2026-06-29T12:15:00,Usine Nord,921.9
2026-06-29T12:30:00,Atelier Sud,276.0
2026-06-29T12:30:00,Siège Est,259.1
2026-06-29T12:30:00,Usine Nord,950.7
2026-06-29T12:45:00,Atelier Sud,335.3
2026-06-29T12:45:00,Siège Est,255.8
2026-06-29T12:45:00,Usine Nord,947.2
2026-06-29T13:00:00,Atelier Sud,355.2
2026-06-29T13:00:00,Siège Est,258.7
2026-06-29T13:00:00,Usine Nord,938.9
2026-06-29T13:15:00,Atelier Sud,345.1
2026-06-29T13:15:00,Siège Est,241.9
2026-06-29T13:15:00,Usine Nord,984.9
2026-06-29T13:30:00,Atelier Sud,340.1
2026-06-29T13:30:00,Siège Est,272.1
2026-06-29T13:30:00,Usine Nord,914.1
2026-06-29T13:45:00,Atelier Sud,348.9
2026-06-29T13:45:00,Siège Est,232.7
2026-06-29T13:45:00,Usine Nord,947.6
2026-06-29T14:00:00,Atelier Sud,265.3
2026-06-29T14:00:00,Siège Est,253.9
2026-06-29T14:00:00,Usine Nord,952.6
2026-06-29T14:15:00,Atelier Sud,287.0
2026-06-29T14:15:00,Siège Est,247.3
2026-06-29T14:15:00,Usine Nord,952.8
2026-06-29T14:30:00,Atelier Sud,282.1
2026-06-29T14:30:00,Siège Est,260.3
2026-06-29T14:30:00,Usine Nord,980.5
2026-06-29T14:45:00,Atelier Sud,275.0
2026-06-29T14:45:00,Siège Est,251.2
2026-06-29T14:45:00,Usine Nord,902.8
2026-06-29T15:00:00,Atelier Sud,234.8
2026-06-29T15:00:00,Siège Est,245.5
2026-06-29T15:00:00,Usine Nord,941.0
2026-06-29T15:15:00,Atelier Sud,239.3
2026-06-29T15:15:00,Siège Est,252.5
2026-06-29T15:15:00,Usine Nord,929.3
2026-06-29T15:30:00,Atelier Sud,235.0
2026-06-29T15:30:00,Siège Est,257.8
2026-06-29T15:30:00,Usine Nord,917.6
2026-06-29T15:45:00,Atelier Sud,185.6
2026-06-29T15:45:00,Siège Est,266.4
2026-06-29T15:45:00,Usine Nord,935.3
2026-06-29T16:00:00,Atelier Sud,232.8
2026-06-29T16:00:00,Siège Est,249.5
2026-06-29T16:00:00,Usine Nord,957.1
2026-06-29T16:15:00,Atelier Sud,200.7
2026-06-29T16:15:00,Siège Est,268.1
2026-06-29T16:15:00,Usine Nord,942.1
2026-06-29T16:30:00,Atelier Sud,174.5
2026-06-29T16:30:00,Siège Est,257.7
2026-06-29T16:30:00,Usine Nord,990.3
2026-06-29T16:45:00,Atelier Sud,160.2
2026-06-29T16:45:00,Siège Est,269.2
2026-06-29T16:45:00,Usine Nord,915.3
2026-06-29T17:00:00,Atelier Sud,159.0
2026-06-29T17:00:00,Siège Est,260.0
2026-06-29T17:00:00,Usine Nord,955.6
2026-06-29T17:15:00,Atelier Sud,102.3
2026-06-29T17:15:00,Siège Est,258.3
2026-06-29T17:15:00,Usine Nord,955.0
2026-06-29T17:30:00,Atelier Sud,126.8
2026-06-29T17:30:00,Siège Est,271.2
2026-06-29T17:30:00,Usine Nord,951.1
2026-06-29T17:45:00,Atelier Sud,57.9
2026-06-29T17:45:00,Siège Est,252.5
2026-06-29T17:45:00,Usine Nord,962.4
2026-06-29T18:00:00,Atelier Sud,61.3
2026-06-29T18:00:00,Siège Est,255.7
2026-06-29T18:00:00,Usine Nord,943.2
2026-06-29T18:15:00,Atelier Sud,71.4
2026-06-29T18:15:00,Siège Est,266.0
2026-06-29T18:15:00,Usine Nord,959.6
2026-06-29T18:30:00,Atelier Sud,61.5
2026-06-29T18:30:00,Siège Est,254.9
2026-06-29T18:30:00,Usine Nord,943.4
2026-06-29T18:45:00,Atelier Sud,46.2
2026-06-29T18:45:00,Siège Est,258.8
2026-06-29T18:45:00,Usine Nord,938.3
2026-06-29T19:00:00,Atelier Sud,85.1
2026-06-29T19:00:00,Siège Est,63.4
2026-06-29T19:00:00,Usine Nord,928.9
2026-06-29T19:15:00,Atelier Sud,34.3
2026-06-29T19:15:00,Siège Est,87.4
2026-06-29T19:15:00,Usine Nord,939.7
2026-06-29T19:30:00,Atelier Sud,82.3
2026-06-29T19:30:00,Siège Est,84.3
2026-06-29T19:30:00,Usine Nord,964.5
2026-06-29T19:45:00,Atelier Sud,68.1
2026-06-29T19:45:00,Siège Est,73.0
2026-06-29T19:45:00,Usine Nord,938.4
2026-06-29T20:00:00,Atelier Sud,74.9
2026-06-29T20:00:00,Siège Est,95.0
2026-06-29T20:00:00,Usine Nord,964.6
2026-06-29T20:15:00,Atelier Sud,78.4
2026-06-29T20:15:00,Siège Est,87.8
2026-06-29T20:15:00,Usine Nord,945.0
2026-06-29T20:30:00,Atelier Sud,51.8
2026-06-29T20:30:00,Siège Est,59.1
2026-06-29T20:30:00,Usine Nord,949.0
2026-06-29T20:45:00,Atelier Sud,61.0
2026-06-29T20:45:00,Siège Est,79.7
2026-06-29T20:45:00,Usine Nord,977.2
2026-06-29T21:00:00,Atelier Sud,35.5
2026-06-29T21:00:00,Siège Est,86.0
2026-06-29T21:00:00,Usine Nord,924.0
2026-06-29T21:15:00,Atelier Sud,40.8
2026-06-29T21:15:00,Siège Est,77.2
2026-06-29T21:15:00,Usine Nord,947.5
2026-06-29T21:30:00,Atelier Sud,73.5
2026-06-29T21:30:00,Siège Est,90.0
2026-06-29T21:30:00,Usine Nord,968.7
2026-06-29T21:45:00,Atelier Sud,99.7
2026-06-29T21:45:00,Siège Est,90.0
2026-06-29T21:45:00,Usine Nord,961.6
2026-06-29T22:00:00,Atelier Sud,74.4
2026-06-29T22:00:00,Siège Est,57.8
2026-06-29T22:00:00,Usine Nord,656.1
2026-06-29T22:15:00,Atelier Sud,61.4
2026-06-29T22:15:00,Siège Est,68.4
2026-06-29T22:15:00,Usine Nord,678.0
2026-06-29T22:30:00,Atelier Sud,82.3
2026-06-29T22:30:00,Siège Est,84.1
2026-06-29T22:30:00,Usine Nord,638.4
2026-06-29T22:45:00,Atelier Sud,77.9
2026-06-29T22:45:00,Siège Est,88.8
2026-06-29T22:45:00,Usine Nord,650.7
2026-06-29T23:00:00,Atelier Sud,86.5
2026-06-29T23:00:00,Siège Est,74.4
2026-06-29T23:00:00,Usine Nord,686.2
2026-06-29T23:15:00,Atelier Sud,90.4
2026-06-29T23:15:00,Siège Est,63.6
2026-06-29T23:15:00,Usine Nord,623.2
2026-06-29T23:30:00,Atelier Sud,81.4
2026-06-29T23:30:00,Siège Est,67.8
2026-06-29T23:30:00,Usine Nord,660.2
2026-06-29T23:45:00,Atelier Sud,73.4
2026-06-29T23:45:00,Siège Est,92.0
2026-06-29T23:45:00,Usine Nord,661.2
2026-06-30T00:00:00,Atelier Sud,48.3
2026-06-30T00:00:00,Siège Est,76.6
2026-06-30T00:00:00,Usine Nord,655.4
2026-06-30T00:15:00,Atelier Sud,64.0
2026-06-30T00:15:00,Siège Est,74.4
2026-06-30T00:15:00,Usine Nord,657.7
2026-06-30T00:30:00,Atelier Sud,65.0
2026-06-30T00:30:00,Siège Est,63.1
2026-06-30T00:30:00,Usine Nord,630.5
2026-06-30T00:45:00,Atelier Sud,64.3
2026-06-30T00:45:00,Siège Est,62.5
2026-06-30T00:45:00,Usine Nord,651.9
2026-06-30T01:00:00,Atelier Sud,77.1
2026-06-30T01:00:00,Siège Est,85.0
2026-06-30T01:00:00,Usine Nord,646.1
2026-06-30T01:15:00,Atelier Sud,72.7
2026-06-30T01:15:00,Siège Est,68.8
2026-06-30T01:15:00,Usine Nord,656.7
2026-06-30T01:30:00,Atelier Sud,61.4
2026-06-30T01:30:00,Siège Est,89.0
2026-06-30T01:30:00,Usine Nord,652.2
2026-06-30T01:45:00,Atelier Sud,81.4
2026-06-30T01:45:00,Siège Est,78.9
2026-06-30T01:45:00,Usine Nord,688.4
2026-06-30T02:00:00,Atelier Sud,72.7
2026-06-30T02:00:00,Siège Est,77.0
2026-06-30T02:00:00,Usine Nord,670.3
2026-06-30T02:15:00,Atelier Sud,60.8
2026-06-30T02:15:00,Siège Est,83.9
2026-06-30T02:15:00,Usine Nord,694.5
2026-06-30T02:30:00,Atelier Sud,76.1
2026-06-30T02:30:00,Siège Est,73.1
2026-06-30T02:30:00,Usine Nord,670.6
2026-06-30T02:45:00,Atelier Sud,65.4
2026-06-30T02:45:00,Siège Est,79.8
2026-06-30T02:45:00,Usine Nord,658.3
2026-06-30T03:00:00,Atelier Sud,79.1
2026-06-30T03:00:00,Siège Est,94.2
2026-06-30T03:00:00,Usine Nord,665.1
2026-06-30T03:15:00,Atelier Sud,90.3
2026-06-30T03:15:00,Siège Est,83.9
2026-06-30T03:15:00,Usine Nord,677.6
2026-06-30T03:30:00,Atelier Sud,49.2
2026-06-30T03:30:00,Siège Est,63.4
2026-06-30T03:30:00,Usine Nord,631.9
2026-06-30T03:45:00,Atelier Sud,73.3
2026-06-30T03:45:00,Siège Est,75.5
2026-06-30T03:45:00,Usine Nord,617.2
2026-06-30T04:00:00,Atelier Sud,66.9
2026-06-30T04:00:00,Siège Est,50.5
2026-06-30T04:00:00,Usine Nord,618.5
2026-06-30T04:15:00,Atelier Sud,76.2
2026-06-30T04:15:00,Siège Est,71.0
2026-06-30T04:15:00,Usine Nord,665.5
2026-06-30T04:30:00,Atelier Sud,89.3
2026-06-30T04:30:00,Siège Est,87.7
2026-06-30T04:30:00,Usine Nord,641.9
2026-06-30T04:45:00,Atelier Sud,98.9
2026-06-30T04:45:00,Siège Est,90.6
2026-06-30T04:45:00,Usine Nord,643.0
2026-06-30T05:00:00,Atelier Sud,71.0
2026-06-30T05:00:00,Siège Est,76.6
2026-06-30T05:00:00,Usine Nord,651.6
2026-06-30T05:15:00,Atelier Sud,60.7
2026-06-30T05:15:00,Siège Est,70.7
2026-06-30T05:15:00,Usine Nord,666.2
2026-06-30T05:30:00,Atelier Sud,98.4
2026-06-30T05:30:00,Siège Est,89.6
2026-06-30T05:30:00,Usine Nord,640.8
2026-06-30T05:45:00,Atelier Sud,84.1
2026-06-30T05:45:00,Siège Est,74.3
2026-06-30T05:45:00,Usine Nord,631.8
2026-06-30T06:00:00,Atelier Sud,76.1
2026-06-30T06:00:00,Siège Est,73.6
2026-06-30T06:00:00,Usine Nord,940.2
2026-06-30T06:15:00,Atelier Sud,111.2
2026-06-30T06:15:00,Siège Est,76.3
2026-06-30T06:15:00,Usine Nord,967.0
2026-06-30T06:30:00,Atelier Sud,103.8
2026-06-30T06:30:00,Siège Est,80.3
2026-06-30T06:30:00,Usine Nord,946.7
2026-06-30T06:45:00,Atelier Sud,153.1
2026-06-30T06:45:00,Siège Est,68.2
2026-06-30T06:45:00,Usine Nord,963.5
2026-06-30T07:00:00,Atelier Sud,171.7
2026-06-30T07:00:00,Siège Est,75.8
2026-06-30T07:00:00,Usine Nord,972.4
2026-06-30T07:15:00,Atelier Sud,185.3
2026-06-30T07:15:00,Siège Est,74.9
2026-06-30T07:15:00,Usine Nord,945.0
2026-06-30T07:30:00,Atelier Sud,187.2
2026-06-30T07:30:00,Siège Est,89.3
2026-06-30T07:30:00,Usine Nord,933.1
2026-06-30T07:45:00,Atelier Sud,213.5
2026-06-30T07:45:00,Siège Est,80.5
2026-06-30T07:45:00,Usine Nord,924.3
2026-06-30T08:00:00,Atelier Sud,267.3
2026-06-30T08:00:00,Siège Est,253.5
2026-06-30T08:00:00,Usine Nord,939.2
2026-06-30T08:15:00,Atelier Sud,209.9
2026-06-30T08:15:00,Siège Est,253.8
2026-06-30T08:15:00,Usine Nord,928.3
2026-06-30T08:30:00,Atelier Sud,273.3
2026-06-30T08:30:00,Siège Est,261.2
2026-06-30T08:30:00,Usine Nord,954.6
2026-06-30T08:45:00,Atelier Sud,247.5
2026-06-30T08:45:00,Siège Est,257.0
2026-06-30T08:45:00,Usine Nord,922.4
2026-06-30T09:00:00,Atelier Sud,270.6
2026-06-30T09:00:00,Siège Est,267.0
2026-06-30T09:00:00,Usine Nord,953.9
2026-06-30T09:15:00,Atelier Sud,274.9
2026-06-30T09:15:00,Siège Est,239.1
2026-06-30T09:15:00,Usine Nord,941.3
2026-06-30T09:30:00,Atelier Sud,343.4
2026-06-30T09:30:00,Siège Est,251.9
2026-06-30T09:30:00,Usine Nord,967.0
2026-06-30T09:45:00,Atelier Sud,274.4
2026-06-30T09:45:00,Siège Est,271.5
2026-06-30T09:45:00,Usine Nord,926.7
2026-06-30T10:00:00,Atelier Sud,306.8
2026-06-30T10:00:00,Siège Est,247.1
2026-06-30T10:00:00,Usine Nord,952.1
2026-06-30T10:15:00,Atelier Sud,268.6
2026-06-30T10:15:00,Siège Est,261.2
2026-06-30T10:15:00,Usine Nord,965.3
2026-06-30T10:30:00,Atelier Sud,352.7
2026-06-30T10:30:00,Siège Est,237.9
2026-06-30T10:30:00,Usine Nord,915.9
2026-06-30T10:45:00,Atelier Sud,351.5
2026-06-30T10:45:00,Siège Est,254.7
2026-06-30T10:45:00,Usine Nord,957.4
2026-06-30T11:00:00,Atelier Sud,285.9
2026-06-30T11:00:00,Siège Est,265.1
2026-06-30T11:00:00,Usine Nord,938.1
2026-06-30T11:15:00,Atelier Sud,340.3
2026-06-30T11:15:00,Siège Est,272.4
2026-06-30T11:15:00,Usine Nord,930.1
2026-06-30T11:30:00,Atelier Sud,368.1
2026-06-30T11:30:00,Siège Est,267.6
2026-06-30T11:30:00,Usine Nord,917.5
2026-06-30T11:45:00,Atelier Sud,293.8
2026-06-30T11:45:00,Siège Est,240.6
2026-06-30T11:45:00,Usine Nord,951.0
2026-06-30T12:00:00,Atelier Sud,349.0
2026-06-30T12:00:00,Siège Est,252.6
2026-06-30T12:00:00,Usine Nord,936.8
2026-06-30T12:15:00,Atelier Sud,288.0
2026-06-30T12:15:00,Siège Est,251.7
2026-06-30T12:15:00,Usine Nord,941.5
2026-06-30T12:30:00,Atelier Sud,327.2
2026-06-30T12:30:00,Siège Est,248.0
2026-06-30T12:30:00,Usine Nord,965.3
2026-06-30T12:45:00,Atelier Sud,368.0
2026-06-30T12:45:00,Siège Est,253.8
2026-06-30T12:45:00,Usine Nord,884.6
2026-06-30T13:00:00,Atelier Sud,314.9
2026-06-30T13:00:00,Siège Est,260.8
2026-06-30T13:00:00,Usine Nord,968.5
2026-06-30T13:15:00,Atelier Sud,288.6
2026-06-30T13:15:00,Siège Est,247.7
2026-06-30T13:15:00,Usine Nord,998.1
2026-06-30T13:30:00,Atelier Sud,264.3
2026-06-30T13:30:00,Siège Est,251.6
2026-06-30T13:30:00,Usine Nord,947.8
2026-06-30T13:45:00,Atelier Sud,289.3
2026-06-30T13:45:00,Siège Est,245.2
2026-06-30T13:45:00,Usine Nord,940.8
2026-06-30T14:00:00,Atelier Sud,323.2
2026-06-30T14:00:00,Siège Est,243.3
2026-06-30T14:00:00,Usine Nord,947.0
2026-06-30T14:15:00,Atelier Sud,275.9
2026-06-30T14:15:00,Siège Est,265.6
2026-06-30T14:15:00,Usine Nord,968.4
2026-06-30T14:30:00,Atelier Sud,269.4
2026-06-30T14:30:00,Siège Est,255.9
2026-06-30T14:30:00,Usine Nord,1001.8
2026-06-30T14:45:00,Atelier Sud,268.2
2026-06-30T14:45:00,Siège Est,267.9
2026-06-30T14:45:00,Usine Nord,931.7
2026-06-30T15:00:00,Atelier Sud,260.5
2026-06-30T15:00:00,Siège Est,258.3
2026-06-30T15:00:00,Usine Nord,884.0
2026-06-30T15:15:00,Atelier Sud,204.3
2026-06-30T15:15:00,Siège Est,255.0
2026-06-30T15:15:00,Usine Nord,955.7
2026-06-30T15:30:00,Atelier Sud,176.3
2026-06-30T15:30:00,Siège Est,278.0
2026-06-30T15:30:00,Usine Nord,947.5
2026-06-30T15:45:00,Atelier Sud,242.2
2026-06-30T15:45:00,Siège Est,262.3
2026-06-30T15:45:00,Usine Nord,945.7
2026-06-30T16:00:00,Atelier Sud,183.1
2026-06-30T16:00:00,Siège Est,240.3
2026-06-30T16:00:00,Usine Nord,944.4
2026-06-30T16:15:00,Atelier Sud,203.5
2026-06-30T16:15:00,Siège Est,248.8
2026-06-30T16:15:00,Usine Nord,902.3
2026-06-30T16:30:00,Atelier Sud,161.7
2026-06-30T16:30:00,Siège Est,252.6
2026-06-30T16:30:00,Usine Nord,955.8
2026-06-30T16:45:00,Atelier Sud,191.2
2026-06-30T16:45:00,Siège Est,265.3
2026-06-30T16:45:00,Usine Nord,933.6
2026-06-30T17:00:00,Atelier Sud,140.2
2026-06-30T17:00:00,Siège Est,260.1
2026-06-30T17:00:00,Usine Nord,955.3
2026-06-30T17:15:00,Atelier Sud,90.9
2026-06-30T17:15:00,Siège Est,262.5
2026-06-30T17:15:00,Usine Nord,938.7
2026-06-30T17:30:00,Atelier Sud,102.2
2026-06-30T17:30:00,Siège Est,250.5
2026-06-30T17:30:00,Usine Nord,929.7
2026-06-30T17:45:00,Atelier Sud,79.8
2026-06-30T17:45:00,Siège Est,257.6
2026-06-30T17:45:00,Usine Nord,909.9
2026-06-30T18:00:00,Atelier Sud,59.9
2026-06-30T18:00:00,Siège Est,271.4
2026-06-30T18:00:00,Usine Nord,978.9
2026-06-30T18:15:00,Atelier Sud,71.9
2026-06-30T18:15:00,Siège Est,263.5
2026-06-30T18:15:00,Usine Nord,947.3
2026-06-30T18:30:00,Atelier Sud,73.0
2026-06-30T18:30:00,Siège Est,245.2
2026-06-30T18:30:00,Usine Nord,956.6
2026-06-30T18:45:00,Atelier Sud,62.0
2026-06-30T18:45:00,Siège Est,261.9
2026-06-30T18:45:00,Usine Nord,982.2
2026-06-30T19:00:00,Atelier Sud,60.3
2026-06-30T19:00:00,Siège Est,88.3
2026-06-30T19:00:00,Usine Nord,959.9
2026-06-30T19:15:00,Atelier Sud,80.8
2026-06-30T19:15:00,Siège Est,94.8
2026-06-30T19:15:00,Usine Nord,954.3
2026-06-30T19:30:00,Atelier Sud,68.3
2026-06-30T19:30:00,Siège Est,57.8
2026-06-30T19:30:00,Usine Nord,899.5
2026-06-30T19:45:00,Atelier Sud,66.9
2026-06-30T19:45:00,Siège Est,72.8
2026-06-30T19:45:00,Usine Nord,973.6
2026-06-30T20:00:00,Atelier Sud,100.4
2026-06-30T20:00:00,Siège Est,78.3
2026-06-30T20:00:00,Usine Nord,968.0
2026-06-30T20:15:00,Atelier Sud,73.2
2026-06-30T20:15:00,Siège Est,70.6
2026-06-30T20:15:00,Usine Nord,925.0
2026-06-30T20:30:00,Atelier Sud,65.1
2026-06-30T20:30:00,Siège Est,71.5
2026-06-30T20:30:00,Usine Nord,916.2
2026-06-30T20:45:00,Atelier Sud,76.5
2026-06-30T20:45:00,Siège Est,61.9
2026-06-30T20:45:00,Usine Nord,957.3
2026-06-30T21:00:00,Atelier Sud,82.8
2026-06-30T21:00:00,Siège Est,72.6
2026-06-30T21:00:00,Usine Nord,945.3
2026-06-30T21:15:00,Atelier Sud,82.8
2026-06-30T21:15:00,Siège Est,80.1
2026-06-30T21:15:00,Usine Nord,980.0
2026-06-30T21:30:00,Atelier Sud,72.8
2026-06-30T21:30:00,Siège Est,74.6
2026-06-30T21:30:00,Usine Nord,920.6
2026-06-30T21:45:00,Atelier Sud,52.4
2026-06-30T21:45:00,Siège Est,88.2
2026-06-30T21:45:00,Usine Nord,947.5
2026-06-30T22:00:00,Atelier Sud,73.7
2026-06-30T22:00:00,Siège Est,72.4
2026-06-30T22:00:00,Usine Nord,661.1
2026-06-30T22:15:00,Atelier Sud,98.4
2026-06-30T22:15:00,Siège Est,84.0
2026-06-30T22:15:00,Usine Nord,657.0
2026-06-30T22:30:00,Atelier Sud,71.1
2026-06-30T22:30:00,Siège Est,78.0
2026-06-30T22:30:00,Usine Nord,620.7
2026-06-30T22:45:00,Atelier Sud,71.2
2026-06-30T22:45:00,Siège Est,69.7
2026-06-30T22:45:00,Usine Nord,616.6
2026-06-30T23:00:00,Atelier Sud,55.5
2026-06-30T23:00:00,Siège Est,81.2
2026-06-30T23:00:00,Usine Nord,637.3
2026-06-30T23:15:00,Atelier Sud,62.0
2026-06-30T23:15:00,Siège Est,79.3
2026-06-30T23:15:00,Usine Nord,693.2
2026-06-30T23:30:00,Atelier Sud,66.7
2026-06-30T23:30:00,Siège Est,73.1
2026-06-30T23:30:00,Usine Nord,630.0
2026-06-30T23:45:00,Atelier Sud,56.9
2026-06-30T23:45:00,Siège Est,57.4
2026-06-30T23:45:00,Usine Nord,637.5
2026-07-01T00:00:00,Atelier Sud,79.0
2026-07-01T00:00:00,Siège Est,95.9
2026-07-01T00:00:00,Usine Nord,665.9
2026-07-01T00:15:00,Atelier Sud,62.7
2026-07-01T00:15:00,Siège Est,86.4
2026-07-01T00:15:00,Usine Nord,657.1
2026-07-01T00:30:00,Atelier Sud,51.7
2026-07-01T00:30:00,Siège Est,80.1
2026-07-01T00:30:00,Usine Nord,676.8
2026-07-01T00:45:00,Atelier Sud,53.4
2026-07-01T00:45:00,Siège Est,87.2
2026-07-01T00:45:00,Usine Nord,632.6
2026-07-01T01:00:00,Atelier Sud,67.9
2026-07-01T01:00:00,Siège Est,60.1
2026-07-01T01:00:00,Usine Nord,633.0
2026-07-01T01:15:00,Atelier Sud,31.9
2026-07-01T01:15:00,Siège Est,80.9
2026-07-01T01:15:00,Usine Nord,665.0
2026-07-01T01:30:00,Atelier Sud,93.8
2026-07-01T01:30:00,Siège Est,83.0
2026-07-01T01:30:00,Usine Nord,642.4
2026-07-01T01:45:00,Atelier Sud,83.4
2026-07-01T01:45:00,Siège Est,81.9
2026-07-01T01:45:00,Usine Nord,647.0
2026-07-01T02:00:00,Atelier Sud,73.5
2026-07-01T02:00:00,Siège Est,83.1
2026-07-01T02:00:00,Usine Nord,625.3
2026-07-01T02:15:00,Atelier Sud,57.5
2026-07-01T02:15:00,Siège Est,64.0
2026-07-01T02:15:00,Usine Nord,630.7
2026-07-01T02:30:00,Atelier Sud,57.3
2026-07-01T02:30:00,Siège Est,80.5
2026-07-01T02:30:00,Usine Nord,630.4
2026-07-01T02:45:00,Atelier Sud,63.7
2026-07-01T02:45:00,Siège Est,80.0
2026-07-01T02:45:00,Usine Nord,633.8
2026-07-01T03:00:00,Atelier Sud,94.1
2026-07-01T03:00:00,Siège Est,90.0
2026-07-01T03:00:00,Usine Nord,632.0
2026-07-01T03:15:00,Atelier Sud,77.5
2026-07-01T03:15:00,Siège Est,75.4
2026-07-01T03:15:00,Usine Nord,640.4
2026-07-01T03:30:00,Atelier Sud,83.5
2026-07-01T03:30:00,Siège Est,80.3
2026-07-01T03:30:00,Usine Nord,639.8
2026-07-01T03:45:00,Atelier Sud,87.0
2026-07-01T03:45:00,Siège Est,81.1
2026-07-01T03:45:00,Usine Nord,670.3
2026-07-01T04:00:00,Atelier Sud,55.4
2026-07-01T04:00:00,Siège Est,85.2
2026-07-01T04:00:00,Usine Nord,685.2
2026-07-01T04:15:00,Atelier Sud,46.7
2026-07-01T04:15:00,Siège Est,78.0
2026-07-01T04:15:00,Usine Nord,640.1
2026-07-01T04:30:00,Atelier Sud,66.8
2026-07-01T04:30:00,Siège Est,78.8
2026-07-01T04:30:00,Usine Nord,680.8
2026-07-01T04:45:00,Atelier Sud,52.5
2026-07-01T04:45:00,Siège Est,78.3
2026-07-01T04:45:00,Usine Nord,657.8
2026-07-01T05:00:00,Atelier Sud,76.3
2026-07-01T05:00:00,Siège Est,78.7
2026-07-01T05:00:00,Usine Nord,599.2
2026-07-01T05:15:00,Atelier Sud,69.3
2026-07-01T05:15:00,Siège Est,81.4
2026-07-01T05:15:00,Usine Nord,653.1
2026-07-01T05:30:00,Atelier Sud,72.1
2026-07-01T05:30:00,Siège Est,65.1
2026-07-01T05:30:00,Usine Nord,616.4
2026-07-01T05:45:00,Atelier Sud,65.0
2026-07-01T05:45:00,Siège Est,74.6
2026-07-01T05:45:00,Usine Nord,670.7
2026-07-01T06:00:00,Atelier Sud,56.8
2026-07-01T06:00:00,Siège Est,75.5
2026-07-01T06:00:00,Usine Nord,937.7
2026-07-01T06:15:00,Atelier Sud,101.4
2026-07-01T06:15:00,Siège Est,79.0
2026-07-01T06:15:00,Usine Nord,982.7
2026-07-01T06:30:00,Atelier Sud,104.6
2026-07-01T06:30:00,Siège Est,76.7
2026-07-01T06:30:00,Usine Nord,979.3
2026-07-01T06:45:00,Atelier Sud,143.9
2026-07-01T06:45:00,Siège Est,61.8
2026-07-01T06:45:00,Usine Nord,938.4
2026-07-01T07:00:00,Atelier Sud,142.8
2026-07-01T07:00:00,Siège Est,82.1
2026-07-01T07:00:00,Usine Nord,928.0
2026-07-01T07:15:00,Atelier Sud,163.6
2026-07-01T07:15:00,Siège Est,70.5
2026-07-01T07:15:00,Usine Nord,971.9
2026-07-01T07:30:00,Atelier Sud,190.3
2026-07-01T07:30:00,Siège Est,68.5
2026-07-01T07:30:00,Usine Nord,930.2
2026-07-01T07:45:00,Atelier Sud,217.7
2026-07-01T07:45:00,Siège Est,79.4
2026-07-01T07:45:00,Usine Nord,947.2
2026-07-01T08:00:00,Atelier Sud,240.1
2026-07-01T08:00:00,Siège Est,266.4
2026-07-01T08:00:00,Usine Nord,970.2
2026-07-01T08:15:00,Atelier Sud,234.4
2026-07-01T08:15:00,Siège Est,261.8
2026-07-01T08:15:00,Usine Nord,946.3
2026-07-01T08:30:00,Atelier Sud,267.4
2026-07-01T08:30:00,Siège Est,263.6
2026-07-01T08:30:00,Usine Nord,964.4
2026-07-01T08:45:00,Atelier Sud,246.7
2026-07-01T08:45:00,Siège Est,262.7
2026-07-01T08:45:00,Usine Nord,990.5
2026-07-01T09:00:00,Atelier Sud,289.6
2026-07-01T09:00:00,Siège Est,264.4
2026-07-01T09:00:00,Usine Nord,956.5
2026-07-01T09:15:00,Atelier Sud,270.8
2026-07-01T09:15:00,Siège Est,259.3
2026-07-01T09:15:00,Usine Nord,964.2
2026-07-01T09:30:00,Atelier Sud,272.5
2026-07-01T09:30:00,Siège Est,249.3
2026-07-01T09:30:00,Usine Nord,936.7
2026-07-01T09:45:00,Atelier Sud,333.5
2026-07-01T09:45:00,Siège Est,259.6
2026-07-01T09:45:00,Usine Nord,891.6
2026-07-01T10:00:00,Atelier Sud,322.6
2026-07-01T10:00:00,Siège Est,252.9
2026-07-01T10:00:00,Usine Nord,952.6
2026-07-01T10:15:00,Atelier Sud,318.4
2026-07-01T10:15:00,Siège Est,262.2
2026-07-01T10:15:00,Usine Nord,949.6
2026-07-01T10:30:00,Atelier Sud,301.0
2026-07-01T10:30:00,Siège Est,259.4
2026-07-01T10:30:00,Usine Nord,960.8
2026-07-01T10:45:00,Atelier Sud,291.8
2026-07-01T10:45:00,Siège Est,255.5
2026-07-01T10:45:00,Usine Nord,950.1
2026-07-01T11:00:00,Atelier Sud,343.5
2026-07-01T11:00:00,Siège Est,243.1
2026-07-01T11:00:00,Usine Nord,936.2
2026-07-01T11:15:00,Atelier Sud,272.3
2026-07-01T11:15:00,Siège Est,275.3
2026-07-01T11:15:00,Usine Nord,936.4
2026-07-01T11:30:00,Atelier Sud,279.8
2026-07-01T11:30:00,Siège Est,229.2
2026-07-01T11:30:00,Usine Nord,950.9
2026-07-01T11:45:00,Atelier Sud,365.0
2026-07-01T11:45:00,Siège Est,249.7
2026-07-01T11:45:00,Usine Nord,930.1
2026-07-01T12:00:00,Atelier Sud,379.0
2026-07-01T12:00:00,Siège Est,265.0
2026-07-01T12:00:00,Usine Nord,919.8
2026-07-01T12:15:00,Atelier Sud,373.3
2026-07-01T12:15:00,Siège Est,257.0
2026-07-01T12:15:00,Usine Nord,954.7
2026-07-01T12:30:00,Atelier Sud,303.2
2026-07-01T12:30:00,Siège Est,259.2
2026-07-01T12:30:00,Usine Nord,948.6
2026-07-01T12:45:00,Atelier Sud,309.7
2026-07-01T12:45:00,Siège Est,259.7
2026-07-01T12:45:00,Usine Nord,961.4
2026-07-01T13:00:00,Atelier Sud,272.3
2026-07-01T13:00:00,Siège Est,263.8
2026-07-01T13:00:00,Usine Nord,937.6
2026-07-01T13:15:00,Atelier Sud,309.9
2026-07-01T13:15:00,Siège Est,244.6
2026-07-01T13:15:00,Usine Nord,946.2
2026-07-01T13:30:00,Atelier Sud,254.4
2026-07-01T13:30:00,Siège Est,250.1
2026-07-01T13:30:00,Usine Nord,929.4
2026-07-01T13:45:00,Atelier Sud,292.3
2026-07-01T13:45:00,Siège Est,265.0
2026-07-01T13:45:00,Usine Nord,940.8
2026-07-01T14:00:00,Atelier Sud,293.4
2026-07-01T14:00:00,Siège Est,271.8
2026-07-01T14:00:00,Usine Nord,967.2
2026-07-01T14:15:00,Atelier Sud,249.1
2026-07-01T14:15:00,Siège Est,262.3
2026-07-01T14:15:00,Usine Nord,985.9
2026-07-01T14:30:00,Atelier Sud,293.2
2026-07-01T14:30:00,Siège Est,275.8
2026-07-01T14:30:00,Usine Nord,943.2
2026-07-01T14:45:00,Atelier Sud,308.6
2026-07-01T14:45:00,Siège Est,244.9
2026-07-01T14:45:00,Usine Nord,958.8
2026-07-01T15:00:00,Atelier Sud,248.2
2026-07-01T15:00:00,Siège Est,260.8
2026-07-01T15:00:00,Usine Nord,933.5
2026-07-01T15:15:00,Atelier Sud,214.3
2026-07-01T15:15:00,Siège Est,263.3
2026-07-01T15:15:00,Usine Nord,918.0
2026-07-01T15:30:00,Atelier Sud,222.9
2026-07-01T15:30:00,Siège Est,270.0
2026-07-01T15:30:00,Usine Nord,937.1
2026-07-01T15:45:00,Atelier Sud,192.1
2026-07-01T15:45:00,Siège Est,244.5
2026-07-01T15:45:00,Usine Nord,944.2
2026-07-01T16:00:00,Atelier Sud,178.7
2026-07-01T16:00:00,Siège Est,254.2
2026-07-01T16:00:00,Usine Nord,942.6
2026-07-01T16:15:00,Atelier Sud,151.3
2026-07-01T16:15:00,Siège Est,244.6
2026-07-01T16:15:00,Usine Nord,932.1
2026-07-01T16:30:00,Atelier Sud,130.9
2026-07-01T16:30:00,Siège Est,247.9
2026-07-01T16:30:00,Usine Nord,953.0
2026-07-01T16:45:00,Atelier Sud,179.2
2026-07-01T16:45:00,Siège Est,253.1
2026-07-01T16:45:00,Usine Nord,973.5
2026-07-01T17:00:00,Atelier Sud,141.0
2026-07-01T17:00:00,Siège Est,236.3
2026-07-01T17:00:00,Usine Nord,937.7
2026-07-01T17:15:00,Atelier Sud,127.5
2026-07-01T17:15:00,Siège Est,257.6
2026-07-01T17:15:00,Usine Nord,957.9
2026-07-01T17:30:00,Atelier Sud,105.7
2026-07-01T17:30:00,Siège Est,258.8
2026-07-01T17:30:00,Usine Nord,961.6
2026-07-01T17:45:00,Atelier Sud,92.6
2026-07-01T17:45:00,Siège Est,271.3
2026-07-01T17:45:00,Usine Nord,970.6
2026-07-01T18:00:00,Atelier Sud,78.2
2026-07-01T18:00:00,Siège Est,245.9
2026-07-01T18:00:00,Usine Nord,963.3
2026-07-01T18:15:00,Atelier Sud,82.8
2026-07-01T18:15:00,Siège Est,274.5
2026-07-01T18:15:00,Usine Nord,970.5
2026-07-01T18:30:00,Atelier Sud,87.8
2026-07-01T18:30:00,Siège Est,255.8
2026-07-01T18:30:00,Usine Nord,951.0
2026-07-01T18:45:00,Atelier Sud,67.2
2026-07-01T18:45:00,Siège Est,263.0
2026-07-01T18:45:00,Usine Nord,922.2
2026-07-01T19:00:00,Atelier Sud,69.6
2026-07-01T19:00:00,Siège Est,76.1
2026-07-01T19:00:00,Usine Nord,926.3
2026-07-01T19:15:00,Atelier Sud,85.0
2026-07-01T19:15:00,Siège Est,76.3
2026-07-01T19:15:00,Usine Nord,939.9
2026-07-01T19:30:00,Atelier Sud,74.2
2026-07-01T19:30:00,Siège Est,66.5
2026-07-01T19:30:00,Usine Nord,928.7
2026-07-01T19:45:00,Atelier Sud,81.5
2026-07-01T19:45:00,Siège Est,79.5
2026-07-01T19:45:00,Usine Nord,933.2
2026-07-01T20:00:00,Atelier Sud,76.9
2026-07-01T20:00:00,Siège Est,82.4
2026-07-01T20:00:00,Usine Nord,945.2
2026-07-01T20:15:00,Atelier Sud,81.4
2026-07-01T20:15:00,Siège Est,87.4
2026-07-01T20:15:00,Usine Nord,948.8
2026-07-01T20:30:00,Atelier Sud,63.1
2026-07-01T20:30:00,Siège Est,61.3
2026-07-01T20:30:00,Usine Nord,940.6
2026-07-01T20:45:00,Atelier Sud,67.1
2026-07-01T20:45:00,Siège Est,67.8
2026-07-01T20:45:00,Usine Nord,956.8
2026-07-01T21:00:00,Atelier Sud,67.1
2026-07-01T21:00:00,Siège Est,78.7
2026-07-01T21:00:00,Usine Nord,990.6
2026-07-01T21:15:00,Atelier Sud,69.2
2026-07-01T21:15:00,Siège Est,80.6
2026-07-01T21:15:00,Usine Nord,928.5
2026-07-01T21:30:00,Atelier Sud,87.2
2026-07-01T21:30:00,Siège Est,79.3
2026-07-01T21:30:00,Usine Nord,937.8
2026-07-01T21:45:00,Atelier Sud,72.0
2026-07-01T21:45:00,Siège Est,66.8
2026-07-01T21:45:00,Usine Nord,924.7
2026-07-01T22:00:00,Atelier Sud,80.2
2026-07-01T22:00:00,Siège Est,103.4
2026-07-01T22:00:00,Usine Nord,671.9
2026-07-01T22:15:00,Atelier Sud,78.5
2026-07-01T22:15:00,Siège Est,87.9
2026-07-01T22:15:00,Usine Nord,666.5
2026-07-01T22:30:00,Atelier Sud,82.9
2026-07-01T22:30:00,Siège Est,81.1
2026-07-01T22:30:00,Usine Nord,619.7
2026-07-01T22:45:00,Atelier Sud,103.3
2026-07-01T22:45:00,Siège Est,70.5
2026-07-01T22:45:00,Usine Nord,658.0
2026-07-01T23:00:00,Atelier Sud,69.9
2026-07-01T23:00:00,Siège Est,60.9
2026-07-01T23:00:00,Usine Nord,618.3
2026-07-01T23:15:00,Atelier Sud,58.3
2026-07-01T23:15:00,Siège Est,71.6
2026-07-01T23:15:00,Usine Nord,656.2
2026-07-01T23:30:00,Atelier Sud,60.1
2026-07-01T23:30:00,Siège Est,68.3
2026-07-01T23:30:00,Usine Nord,648.4
2026-07-01T23:45:00,Atelier Sud,69.6
2026-07-01T23:45:00,Siège Est,68.6
2026-07-01T23:45:00,Usine Nord,649.3
2026-07-02T00:00:00,Atelier Sud,85.2
2026-07-02T00:00:00,Siège Est,81.5
2026-07-02T00:00:00,Usine Nord,610.4
2026-07-02T00:15:00,Atelier Sud,61.6
2026-07-02T00:15:00,Siège Est,73.7
2026-07-02T00:15:00,Usine Nord,652.1
2026-07-02T00:30:00,Atelier Sud,74.2
2026-07-02T00:30:00,Siège Est,78.9
2026-07-02T00:30:00,Usine Nord,652.1
2026-07-02T00:45:00,Atelier Sud,67.5
2026-07-02T00:45:00,Siège Est,75.4
2026-07-02T00:45:00,Usine Nord,676.1
2026-07-02T01:00:00,Atelier Sud,53.0
2026-07-02T01:00:00,Siège Est,76.3
2026-07-02T01:00:00,Usine Nord,650.8
2026-07-02T01:15:00,Atelier Sud,50.6
2026-07-02T01:15:00,Siège Est,80.6
2026-07-02T01:15:00,Usine Nord,647.1
2026-07-02T01:30:00,Atelier Sud,53.5
2026-07-02T01:30:00,Siège Est,76.6
2026-07-02T01:30:00,Usine Nord,633.2
2026-07-02T01:45:00,Atelier Sud,65.5
2026-07-02T01:45:00,Siège Est,74.7
2026-07-02T01:45:00,Usine Nord,659.6
2026-07-02T02:00:00,Atelier Sud,76.8
2026-07-02T02:00:00,Siège Est,66.9
2026-07-02T02:00:00,Usine Nord,665.6
2026-07-02T02:15:00,Atelier Sud,63.9
2026-07-02T02:15:00,Siège Est,70.0
2026-07-02T02:15:00,Usine Nord,664.2
2026-07-02T02:30:00,Atelier Sud,94.3
2026-07-02T02:30:00,Siège Est,61.8
2026-07-02T02:30:00,Usine Nord,667.5
2026-07-02T02:45:00,Atelier Sud,66.8
2026-07-02T02:45:00,Siège Est,74.7
2026-07-02T02:45:00,Usine Nord,644.8
2026-07-02T03:00:00,Atelier Sud,65.1
2026-07-02T03:00:00,Siège Est,64.0
2026-07-02T03:00:00,Usine Nord,618.4
2026-07-02T03:15:00,Atelier Sud,55.4
2026-07-02T03:15:00,Siège Est,73.7
2026-07-02T03:15:00,Usine Nord,650.0
2026-07-02T03:30:00,Atelier Sud,71.1
2026-07-02T03:30:00,Siège Est,77.8
2026-07-02T03:30:00,Usine Nord,679.3
2026-07-02T03:45:00,Atelier Sud,75.7
2026-07-02T03:45:00,Siège Est,78.1
2026-07-02T03:45:00,Usine Nord,674.8
2026-07-02T04:00:00,Atelier Sud,82.8
2026-07-02T04:00:00,Siège Est,81.4
2026-07-02T04:00:00,Usine Nord,633.9
2026-07-02T04:15:00,Atelier Sud,72.8
2026-07-02T04:15:00,Siège Est,74.8
2026-07-02T04:15:00,Usine Nord,692.3
2026-07-02T04:30:00,Atelier Sud,70.9
2026-07-02T04:30:00,Siège Est,83.0
2026-07-02T04:30:00,Usine Nord,677.8
2026-07-02T04:45:00,Atelier Sud,69.6
2026-07-02T04:45:00,Siège Est,66.3
2026-07-02T04:45:00,Usine Nord,666.4
2026-07-02T05:00:00,Atelier Sud,86.1
2026-07-02T05:00:00,Siège Est,62.4
2026-07-02T05:00:00,Usine Nord,627.6
2026-07-02T05:15:00,Atelier Sud,57.4
2026-07-02T05:15:00,Siège Est,69.3
2026-07-02T05:15:00,Usine Nord,663.1
2026-07-02T05:30:00,Atelier Sud,52.6
2026-07-02T05:30:00,Siège Est,78.6
2026-07-02T05:30:00,Usine Nord,668.7
2026-07-02T05:45:00,Atelier Sud,53.8
2026-07-02T05:45:00,Siège Est,79.3
2026-07-02T05:45:00,Usine Nord,695.5
2026-07-02T06:00:00,Atelier Sud,61.5
2026-07-02T06:00:00,Siège Est,86.9
2026-07-02T06:00:00,Usine Nord,941.1
2026-07-02T06:15:00,Atelier Sud,110.3
2026-07-02T06:15:00,Siège Est,85.6
2026-07-02T06:15:00,Usine Nord,944.5
2026-07-02T06:30:00,Atelier Sud,123.5
2026-07-02T06:30:00,Siège Est,64.6
2026-07-02T06:30:00,Usine Nord,975.7
2026-07-02T06:45:00,Atelier Sud,152.6
2026-07-02T06:45:00,Siège Est,78.1
2026-07-02T06:45:00,Usine Nord,974.8
2026-07-02T07:00:00,Atelier Sud,173.7
2026-07-02T07:00:00,Siège Est,82.4
2026-07-02T07:00:00,Usine Nord,969.3
2026-07-02T07:15:00,Atelier Sud,175.5
2026-07-02T07:15:00,Siège Est,72.0
2026-07-02T07:15:00,Usine Nord,939.6
2026-07-02T07:30:00,Atelier Sud,219.8
2026-07-02T07:30:00,Siège Est,72.7
2026-07-02T07:30:00,Usine Nord,936.8
2026-07-02T07:45:00,Atelier Sud,198.8
2026-07-02T07:45:00,Siège Est,78.9
2026-07-02T07:45:00,Usine Nord,956.0
2026-07-02T08:00:00,Atelier Sud,217.7
2026-07-02T08:00:00,Siège Est,269.1
2026-07-02T08:00:00,Usine Nord,960.5
2026-07-02T08:15:00,Atelier Sud,239.7
2026-07-02T08:15:00,Siège Est,274.4
2026-07-02T08:15:00,Usine Nord,969.8
2026-07-02T08:30:00,Atelier Sud,243.6
2026-07-02T08:30:00,Siège Est,268.0
2026-07-02T08:30:00,Usine Nord,935.1
2026-07-02T08:45:00,Atelier Sud,275.8
2026-07-02T08:45:00,Siège Est,245.9
2026-07-02T08:45:00,Usine Nord,916.8
2026-07-02T09:00:00,Atelier Sud,255.2
2026-07-02T09:00:00,Siège Est,271.4
2026-07-02T09:00:00,Usine Nord,973.8
2026-07-02T09:15:00,Atelier Sud,310.5
2026-07-02T09:15:00,Siège Est,288.1
2026-07-02T09:15:00,Usine Nord,948.5
2026-07-02T09:30:00,Atelier Sud,301.0
2026-07-02T09:30:00,Siège Est,254.0
2026-07-02T09:30:00,Usine Nord,947.5
2026-07-02T09:45:00,Atelier Sud,275.5
2026-07-02T09:45:00,Siège Est,256.3
2026-07-02T09:45:00,Usine Nord,970.9
2026-07-02T10:00:00,Atelier Sud,287.0
2026-07-02T10:00:00,Siège Est,255.3
2026-07-02T10:00:00,Usine Nord,919.9
2026-07-02T10:15:00,Atelier Sud,351.4
2026-07-02T10:15:00,Siège Est,255.6
2026-07-02T10:15:00,Usine Nord,950.0
2026-07-02T10:30:00,Atelier Sud,302.9
2026-07-02T10:30:00,Siège Est,264.1
2026-07-02T10:30:00,Usine Nord,943.0
2026-07-02T10:45:00,Atelier Sud,322.6
2026-07-02T10:45:00,Siège Est,255.7
2026-07-02T10:45:00,Usine Nord,960.2
2026-07-02T11:00:00,Atelier Sud,305.9
2026-07-02T11:00:00,Siège Est,247.4
2026-07-02T11:00:00,Usine Nord,949.6
2026-07-02T11:15:00,Atelier Sud,352.6
2026-07-02T11:15:00,Siège Est,254.3
2026-07-02T11:15:00,Usine Nord,964.8
2026-07-02T11:30:00,Atelier Sud,283.9
2026-07-02T11:30:00,Siège Est,255.8
2026-07-02T11:30:00,Usine Nord,923.1
2026-07-02T11:45:00,Atelier Sud,353.5
2026-07-02T11:45:00,Siège Est,258.3
2026-07-02T11:45:00,Usine Nord,941.3
2026-07-02T12:00:00,Atelier Sud,357.3
2026-07-02T12:00:00,Siège Est,277.0
2026-07-02T12:00:00,Usine Nord,931.9
2026-07-02T12:15:00,Atelier Sud,363.8
2026-07-02T12:15:00,Siège Est,272.3
2026-07-02T12:15:00,Usine Nord,973.4
2026-07-02T12:30:00,Atelier Sud,338.2
2026-07-02T12:30:00,Siège Est,259.7
2026-07-02T12:30:00,Usine Nord,977.6
2026-07-02T12:45:00,Atelier Sud,331.0
2026-07-02T12:45:00,Siège Est,264.9
2026-07-02T12:45:00,Usine Nord,952.3
2026-07-02T13:00:00,Atelier Sud,324.3
2026-07-02T13:00:00,Siège Est,253.9
2026-07-02T13:00:00,Usine Nord,965.4
2026-07-02T13:15:00,Atelier Sud,353.2
2026-07-02T13:15:00,Siège Est,248.8
2026-07-02T13:15:00,Usine Nord,946.0
2026-07-02T13:30:00,Atelier Sud,315.3
2026-07-02T13:30:00,Siège Est,248.1
2026-07-02T13:30:00,Usine Nord,937.0
2026-07-02T13:45:00,Atelier Sud,292.0
2026-07-02T13:45:00,Siège Est,254.6
2026-07-02T13:45:00,Usine Nord,979.8
2026-07-02T14:00:00,Atelier Sud,252.9
2026-07-02T14:00:00,Siège Est,233.9
2026-07-02T14:00:00,Usine Nord,948.5
2026-07-02T14:15:00,Atelier Sud,328.6
2026-07-02T14:15:00,Siège Est,247.2
2026-07-02T14:15:00,Usine Nord,979.6
2026-07-02T14:30:00,Atelier Sud,260.2
2026-07-02T14:30:00,Siège Est,276.4
2026-07-02T14:30:00,Usine Nord,1001.8
2026-07-02T14:45:00,Atelier Sud,208.5
2026-07-02T14:45:00,Siège Est,245.6
2026-07-02T14:45:00,Usine Nord,925.8
2026-07-02T15:00:00,Atelier Sud,273.4
2026-07-02T15:00:00,Siège Est,257.2
2026-07-02T15:00:00,Usine Nord,963.2
2026-07-02T15:15:00,Atelier Sud,267.4
2026-07-02T15:15:00,Siège Est,254.7
2026-07-02T15:15:00,Usine Nord,943.8
2026-07-02T15:30:00,Atelier Sud,242.3
2026-07-02T15:30:00,Siège Est,248.1
2026-07-02T15:30:00,Usine Nord,959.3
2026-07-02T15:45:00,Atelier Sud,256.5
2026-07-02T15:45:00,Siège Est,259.5
2026-07-02T15:45:00,Usine Nord,901.5
2026-07-02T16:00:00,Atelier Sud,239.0
2026-07-02T16:00:00,Siège Est,260.6
2026-07-02T16:00:00,Usine Nord,963.7
2026-07-02T16:15:00,Atelier Sud,191.4
2026-07-02T16:15:00,Siège Est,262.6
2026-07-02T16:15:00,Usine Nord,932.5
2026-07-02T16:30:00,Atelier Sud,167.5
2026-07-02T16:30:00,Siège Est,257.6
2026-07-02T16:30:00,Usine Nord,957.1
2026-07-02T16:45:00,Atelier Sud,149.8
2026-07-02T16:45:00,Siège Est,252.6
2026-07-02T16:45:00,Usine Nord,960.1
2026-07-02T17:00:00,Atelier Sud,143.6
2026-07-02T17:00:00,Siège Est,251.7
2026-07-02T17:00:00,Usine Nord,968.6
2026-07-02T17:15:00,Atelier Sud,104.6
2026-07-02T17:15:00,Siège Est,253.4
2026-07-02T17:15:00,Usine Nord,951.2
2026-07-02T17:30:00,Atelier Sud,100.1
2026-07-02T17:30:00,Siège Est,273.8
2026-07-02T17:30:00,Usine Nord,957.6
2026-07-02T17:45:00,Atelier Sud,90.0
2026-07-02T17:45:00,Siège Est,235.0
2026-07-02T17:45:00,Usine Nord,944.7
2026-07-02T18:00:00,Atelier Sud,56.5
2026-07-02T18:00:00,Siège Est,262.5
2026-07-02T18:00:00,Usine Nord,918.6
2026-07-02T18:15:00,Atelier Sud,61.6
2026-07-02T18:15:00,Siège Est,249.3
2026-07-02T18:15:00,Usine Nord,937.8
2026-07-02T18:30:00,Atelier Sud,57.8
2026-07-02T18:30:00,Siège Est,274.8
2026-07-02T18:30:00,Usine Nord,940.3
2026-07-02T18:45:00,Atelier Sud,74.6
2026-07-02T18:45:00,Siège Est,264.6
2026-07-02T18:45:00,Usine Nord,943.8
2026-07-02T19:00:00,Atelier Sud,71.0
2026-07-02T19:00:00,Siège Est,75.7
2026-07-02T19:00:00,Usine Nord,954.2
2026-07-02T19:15:00,Atelier Sud,74.9
2026-07-02T19:15:00,Siège Est,93.5
2026-07-02T19:15:00,Usine Nord,955.8
2026-07-02T19:30:00,Atelier Sud,74.0
2026-07-02T19:30:00,Siège Est,81.9
2026-07-02T19:30:00,Usine Nord,973.6
2026-07-02T19:45:00,Atelier Sud,79.6
2026-07-02T19:45:00,Siège Est,67.0
2026-07-02T19:45:00,Usine Nord,993.1
2026-07-02T20:00:00,Atelier Sud,52.4
2026-07-02T20:00:00,Siège Est,86.0
2026-07-02T20:00:00,Usine Nord,928.8
2026-07-02T20:15:00,Atelier Sud,63.9
2026-07-02T20:15:00,Siège Est,86.8
2026-07-02T20:15:00,Usine Nord,954.1
2026-07-02T20:30:00,Atelier Sud,70.8
2026-07-02T20:30:00,Siège Est,78.9
2026-07-02T20:30:00,Usine Nord,960.2
2026-07-02T20:45:00,Atelier Sud,96.8
2026-07-02T20:45:00,Siège Est,80.0
2026-07-02T20:45:00,Usine Nord,945.7
2026-07-02T21:00:00,Atelier Sud,48.8
2026-07-02T21:00:00,Siège Est,63.3
2026-07-02T21:00:00,Usine Nord,965.4
2026-07-02T21:15:00,Atelier Sud,69.0
2026-07-02T21:15:00,Siège Est,55.7
2026-07-02T21:15:00,Usine Nord,902.9
2026-07-02T21:30:00,Atelier Sud,46.3
2026-07-02T21:30:00,Siège Est,59.1
2026-07-02T21:30:00,Usine Nord,965.2
2026-07-02T21:45:00,Atelier Sud,87.5
2026-07-02T21:45:00,Siège Est,82.1
2026-07-02T21:45:00,Usine Nord,946.5
2026-07-02T22:00:00,Atelier Sud,64.6
2026-07-02T22:00:00,Siège Est,77.6
2026-07-02T22:00:00,Usine Nord,609.1
2026-07-02T22:15:00,Atelier Sud,71.3
2026-07-02T22:15:00,Siège Est,78.9
2026-07-02T22:15:00,Usine Nord,643.7
2026-07-02T22:30:00,Atelier Sud,72.7
2026-07-02T22:30:00,Siège Est,79.7
2026-07-02T22:30:00,Usine Nord,690.4
2026-07-02T22:45:00,Atelier Sud,71.7
2026-07-02T22:45:00,Siège Est,87.0
2026-07-02T22:45:00,Usine Nord,647.0
2026-07-02T23:00:00,Atelier Sud,80.5
2026-07-02T23:00:00,Siège Est,66.5
2026-07-02T23:00:00,Usine Nord,693.3
2026-07-02T23:15:00,Atelier Sud,84.5
2026-07-02T23:15:00,Siège Est,73.2
2026-07-02T23:15:00,Usine Nord,696.7
2026-07-02T23:30:00,Atelier Sud,85.4
2026-07-02T23:30:00,Siège Est,69.8
2026-07-02T23:30:00,Usine Nord,655.8
2026-07-02T23:45:00,Atelier Sud,51.3
2026-07-02T23:45:00,Siège Est,76.5
2026-07-02T23:45:00,Usine Nord,643.0
2026-07-03T00:00:00,Atelier Sud,52.7
2026-07-03T00:00:00,Siège Est,67.0
2026-07-03T00:00:00,Usine Nord,664.3
2026-07-03T00:15:00,Atelier Sud,71.6
2026-07-03T00:15:00,Siège Est,67.0
2026-07-03T00:15:00,Usine Nord,680.7
2026-07-03T00:30:00,Atelier Sud,72.5
2026-07-03T00:30:00,Siège Est,86.7
2026-07-03T00:30:00,Usine Nord,688.1
2026-07-03T00:45:00,Atelier Sud,79.6
2026-07-03T00:45:00,Siège Est,77.0
2026-07-03T00:45:00,Usine Nord,657.0
2026-07-03T01:00:00,Atelier Sud,56.1
2026-07-03T01:00:00,Siège Est,78.9
2026-07-03T01:00:00,Usine Nord,631.0
2026-07-03T01:15:00,Atelier Sud,68.3
2026-07-03T01:15:00,Siège Est,73.4
2026-07-03T01:15:00,Usine Nord,682.4
2026-07-03T01:30:00,Atelier Sud,62.2
2026-07-03T01:30:00,Siège Est,85.5
2026-07-03T01:30:00,Usine Nord,610.7
2026-07-03T01:45:00,Atelier Sud,76.2
2026-07-03T01:45:00,Siège Est,75.1
2026-07-03T01:45:00,Usine Nord,644.9
2026-07-03T02:00:00,Atelier Sud,63.7
2026-07-03T02:00:00,Siège Est,71.6
2026-07-03T02:00:00,Usine Nord,651.2
2026-07-03T02:15:00,Atelier Sud,96.5
2026-07-03T02:15:00,Siège Est,68.0
2026-07-03T02:15:00,Usine Nord,660.6
2026-07-03T02:30:00,Atelier Sud,72.9
2026-07-03T02:30:00,Siège Est,84.2
2026-07-03T02:30:00,Usine Nord,636.9
2026-07-03T02:45:00,Atelier Sud,66.5
2026-07-03T02:45:00,Siège Est,71.1
2026-07-03T02:45:00,Usine Nord,653.0
2026-07-03T03:00:00,Atelier Sud,73.5
2026-07-03T03:00:00,Siège Est,54.7
2026-07-03T03:00:00,Usine Nord,669.3
2026-07-03T03:15:00,Atelier Sud,89.8
2026-07-03T03:15:00,Siège Est,68.0
2026-07-03T03:15:00,Usine Nord,650.7
2026-07-03T03:30:00,Atelier Sud,64.1
2026-07-03T03:30:00,Siège Est,76.6
2026-07-03T03:30:00,Usine Nord,631.8
2026-07-03T03:45:00,Atelier Sud,54.3
2026-07-03T03:45:00,Siège Est,63.9
2026-07-03T03:45:00,Usine Nord,666.7
2026-07-03T04:00:00,Atelier Sud,75.6
2026-07-03T04:00:00,Siège Est,85.2
2026-07-03T04:00:00,Usine Nord,653.4
2026-07-03T04:15:00,Atelier Sud,74.4
2026-07-03T04:15:00,Siège Est,78.6
2026-07-03T04:15:00,Usine Nord,628.8
2026-07-03T04:30:00,Atelier Sud,65.9
2026-07-03T04:30:00,Siège Est,73.8
2026-07-03T04:30:00,Usine Nord,634.5
2026-07-03T04:45:00,Atelier Sud,78.7
2026-07-03T04:45:00,Siège Est,96.2
2026-07-03T04:45:00,Usine Nord,690.1
2026-07-03T05:00:00,Atelier Sud,84.2
2026-07-03T05:00:00,Siège Est,76.3
2026-07-03T05:00:00,Usine Nord,646.1
2026-07-03T05:15:00,Atelier Sud,72.4
2026-07-03T05:15:00,Siège Est,66.8
2026-07-03T05:15:00,Usine Nord,661.4
2026-07-03T05:30:00,Atelier Sud,105.0
2026-07-03T05:30:00,Siège Est,77.0
2026-07-03T05:30:00,Usine Nord,639.5
2026-07-03T05:45:00,Atelier Sud,64.4
2026-07-03T05:45:00,Siège Est,84.8
2026-07-03T05:45:00,Usine Nord,646.6
2026-07-03T06:00:00,Atelier Sud,67.5
2026-07-03T06:00:00,Siège Est,85.4
2026-07-03T06:00:00,Usine Nord,950.5
2026-07-03T06:15:00,Atelier Sud,72.4
2026-07-03T06:15:00,Siège Est,75.8
2026-07-03T06:15:00,Usine Nord,940.7
2026-07-03T06:30:00,Atelier Sud,140.2
2026-07-03T06:30:00,Siège Est,65.2
2026-07-03T06:30:00,Usine Nord,967.9
2026-07-03T06:45:00,Atelier Sud,154.3
2026-07-03T06:45:00,Siège Est,87.9
2026-07-03T06:45:00,Usine Nord,974.3
2026-07-03T07:00:00,Atelier Sud,175.6
2026-07-03T07:00:00,Siège Est,81.2
2026-07-03T07:00:00,Usine Nord,969.1
2026-07-03T07:15:00,Atelier Sud,168.6
2026-07-03T07:15:00,Siège Est,74.2
2026-07-03T07:15:00,Usine Nord,942.9
2026-07-03T07:30:00,Atelier Sud,223.0
2026-07-03T07:30:00,Siège Est,85.8
2026-07-03T07:30:00,Usine Nord,937.9
2026-07-03T07:45:00,Atelier Sud,246.0
2026-07-03T07:45:00,Siège Est,93.8
2026-07-03T07:45:00,Usine Nord,908.4
2026-07-03T08:00:00,Atelier Sud,210.8
2026-07-03T08:00:00,Siège Est,258.2
2026-07-03T08:00:00,Usine Nord,974.7
2026-07-03T08:15:00,Atelier Sud,195.8
2026-07-03T08:15:00,Siège Est,273.5
2026-07-03T08:15:00,Usine Nord,944.8
2026-07-03T08:30:00,Atelier Sud,243.0
2026-07-03T08:30:00,Siège Est,269.9
2026-07-03T08:30:00,Usine Nord,925.3
2026-07-03T08:45:00,Atelier Sud,246.7
2026-07-03T08:45:00,Siège Est,257.7
2026-07-03T08:45:00,Usine Nord,926.7
2026-07-03T09:00:00,Atelier Sud,264.0
2026-07-03T09:00:00,Siège Est,259.3
2026-07-03T09:00:00,Usine Nord,968.6
2026-07-03T09:15:00,Atelier Sud,288.6
2026-07-03T09:15:00,Siège Est,259.4
2026-07-03T09:15:00,Usine Nord,945.3
2026-07-03T09:30:00,Atelier Sud,270.9
2026-07-03T09:30:00,Siège Est,250.7
2026-07-03T09:30:00,Usine Nord,967.7
2026-07-03T09:45:00,Atelier Sud,312.5
2026-07-03T09:45:00,Siège Est,255.6
2026-07-03T09:45:00,Usine Nord,955.4
2026-07-03T10:00:00,Atelier Sud,309.6
2026-07-03T10:00:00,Siège Est,255.5
2026-07-03T10:00:00,Usine Nord,971.7
2026-07-03T10:15:00,Atelier Sud,317.7
2026-07-03T10:15:00,Siège Est,257.8
2026-07-03T10:15:00,Usine Nord,1096.1
2026-07-03T10:30:00,Atelier Sud,318.6
2026-07-03T10:30:00,Siège Est,248.1
2026-07-03T10:30:00,Usine Nord,889.9
2026-07-03T10:45:00,Atelier Sud,351.5
2026-07-03T10:45:00,Siège Est,253.9
2026-07-03T10:45:00,Usine Nord,980.7
2026-07-03T11:00:00,Atelier Sud,288.7
2026-07-03T11:00:00,Siège Est,253.1
2026-07-03T11:00:00,Usine Nord,923.7
2026-07-03T11:15:00,Atelier Sud,338.5
2026-07-03T11:15:00,Siège Est,268.7
2026-07-03T11:15:00,Usine Nord,984.0
2026-07-03T11:30:00,Atelier Sud,296.9
2026-07-03T11:30:00,Siège Est,258.3
2026-07-03T11:30:00,Usine Nord,954.5
2026-07-03T11:45:00,Atelier Sud,322.2
2026-07-03T11:45:00,Siège Est,245.3
2026-07-03T11:45:00,Usine Nord,934.7
2026-07-03T12:00:00,Atelier Sud,326.6
2026-07-03T12:00:00,Siège Est,262.4
2026-07-03T12:00:00,Usine Nord,940.3
2026-07-03T12:15:00,Atelier Sud,344.2
2026-07-03T12:15:00,Siège Est,249.1
2026-07-03T12:15:00,Usine Nord,933.6
2026-07-03T12:30:00,Atelier Sud,301.6
2026-07-03T12:30:00,Siège Est,253.9
2026-07-03T12:30:00,Usine Nord,959.4
2026-07-03T12:45:00,Atelier Sud,361.3
2026-07-03T12:45:00,Siège Est,262.6
2026-07-03T12:45:00,Usine Nord,962.5
2026-07-03T13:00:00,Atelier Sud,325.2
2026-07-03T13:00:00,Siège Est,263.7
2026-07-03T13:00:00,Usine Nord,922.7
2026-07-03T13:15:00,Atelier Sud,319.5
2026-07-03T13:15:00,Siège Est,252.0
2026-07-03T13:15:00,Usine Nord,911.6
2026-07-03T13:30:00,Atelier Sud,260.8
2026-07-03T13:30:00,Siège Est,272.2
2026-07-03T13:30:00,Usine Nord,979.1
2026-07-03T13:45:00,Atelier Sud,314.0
2026-07-03T13:45:00,Siège Est,258.8
2026-07-03T13:45:00,Usine Nord,959.6
2026-07-03T14:00:00,Atelier Sud,262.2
2026-07-03T14:00:00,Siège Est,250.4
2026-07-03T14:00:00,Usine Nord,922.8
2026-07-03T14:15:00,Atelier Sud,301.5
2026-07-03T14:15:00,Siège Est,266.8
2026-07-03T14:15:00,Usine Nord,973.2
2026-07-03T14:30:00,Atelier Sud,245.7
2026-07-03T14:30:00,Siège Est,268.3
2026-07-03T14:30:00,Usine Nord,977.1
2026-07-03T14:45:00,Atelier Sud,235.7
2026-07-03T14:45:00,Siège Est,249.7
2026-07-03T14:45:00,Usine Nord,961.7
2026-07-03T15:00:00,Atelier Sud,201.1
2026-07-03T15:00:00,Siège Est,251.3
2026-07-03T15:00:00,Usine Nord,962.5
2026-07-03T15:15:00,Atelier Sud,210.2
2026-07-03T15:15:00,Siège Est,250.6
2026-07-03T15:15:00,Usine Nord,939.8
2026-07-03T15:30:00,Atelier Sud,175.8
2026-07-03T15:30:00,Siège Est,268.1
2026-07-03T15:30:00,Usine Nord,887.9
2026-07-03T15:45:00,Atelier Sud,225.8
2026-07-03T15:45:00,Siège Est,260.2
2026-07-03T15:45:00,Usine Nord,967.0
2026-07-03T16:00:00,Atelier Sud,192.2
2026-07-03T16:00:00,Siège Est,267.9
2026-07-03T16:00:00,Usine Nord,934.1
2026-07-03T16:15:00,Atelier Sud,208.2
2026-07-03T16:15:00,Siège Est,233.8
2026-07-03T16:15:00,Usine Nord,994.6
2026-07-03T16:30:00,Atelier Sud,151.9
2026-07-03T16:30:00,Siège Est,251.0
2026-07-03T16:30:00,Usine Nord,942.4
2026-07-03T16:45:00,Atelier Sud,160.3
2026-07-03T16:45:00,Siège Est,256.2
2026-07-03T16:45:00,Usine Nord,963.6
2026-07-03T17:00:00,Atelier Sud,152.5
2026-07-03T17:00:00,Siège Est,248.7
2026-07-03T17:00:00,Usine Nord,934.8
2026-07-03T17:15:00,Atelier Sud,99.7
2026-07-03T17:15:00,Siège Est,258.4
2026-07-03T17:15:00,Usine Nord,919.8
2026-07-03T17:30:00,Atelier Sud,97.2
2026-07-03T17:30:00,Siège Est,247.0
2026-07-03T17:30:00,Usine Nord,939.9
2026-07-03T17:45:00,Atelier Sud,48.5
2026-07-03T17:45:00,Siège Est,261.0
2026-07-03T17:45:00,Usine Nord,997.1
2026-07-03T18:00:00,Atelier Sud,80.6
2026-07-03T18:00:00,Siège Est,258.8
2026-07-03T18:00:00,Usine Nord,951.8
2026-07-03T18:15:00,Atelier Sud,91.0
2026-07-03T18:15:00,Siège Est,264.3
2026-07-03T18:15:00,Usine Nord,908.4
2026-07-03T18:30:00,Atelier Sud,51.0
2026-07-03T18:30:00,Siège Est,269.2
2026-07-03T18:30:00,Usine Nord,973.8
2026-07-03T18:45:00,Atelier Sud,68.5
2026-07-03T18:45:00,Siège Est,254.2
2026-07-03T18:45:00,Usine Nord,977.0
2026-07-03T19:00:00,Atelier Sud,69.5
2026-07-03T19:00:00,Siège Est,79.0
2026-07-03T19:00:00,Usine Nord,933.5
2026-07-03T19:15:00,Atelier Sud,57.9
2026-07-03T19:15:00,Siège Est,65.6
2026-07-03T19:15:00,Usine Nord,953.6
2026-07-03T19:30:00,Atelier Sud,60.4
2026-07-03T19:30:00,Siège Est,87.6
2026-07-03T19:30:00,Usine Nord,951.1
2026-07-03T19:45:00,Atelier Sud,83.3
2026-07-03T19:45:00,Siège Est,59.1
2026-07-03T19:45:00,Usine Nord,934.3
2026-07-03T20:00:00,Atelier Sud,64.3
2026-07-03T20:00:00,Siège Est,80.8
2026-07-03T20:00:00,Usine Nord,953.1
2026-07-03T20:15:00,Atelier Sud,74.8
2026-07-03T20:15:00,Siège Est,67.3
2026-07-03T20:15:00,Usine Nord,916.6
2026-07-03T20:30:00,Atelier Sud,60.9
2026-07-03T20:30:00,Siège Est,81.4
2026-07-03T20:30:00,Usine Nord,959.0
2026-07-03T20:45:00,Atelier Sud,59.3
2026-07-03T20:45:00,Siège Est,90.0
2026-07-03T20:45:00,Usine Nord,972.9
2026-07-03T21:00:00,Atelier Sud,87.3
2026-07-03T21:00:00,Siège Est,83.0
2026-07-03T21:00:00,Usine Nord,932.5
2026-07-03T21:15:00,Atelier Sud,55.1
2026-07-03T21:15:00,Siège Est,88.1
2026-07-03T21:15:00,Usine Nord,965.6
2026-07-03T21:30:00,Atelier Sud,70.6
2026-07-03T21:30:00,Siège Est,61.8
2026-07-03T21:30:00,Usine Nord,967.9
2026-07-03T21:45:00,Atelier Sud,74.1
2026-07-03T21:45:00,Siège Est,57.3
2026-07-03T21:45:00,Usine Nord,963.4
2026-07-03T22:00:00,Atelier Sud,69.1
2026-07-03T22:00:00,Siège Est,76.1
2026-07-03T22:00:00,Usine Nord,681.1
2026-07-03T22:15:00,Atelier Sud,106.5
2026-07-03T22:15:00,Siège Est,73.1
2026-07-03T22:15:00,Usine Nord,649.4
2026-07-03T22:30:00,Atelier Sud,59.7
2026-07-03T22:30:00,Siège Est,69.1
2026-07-03T22:30:00,Usine Nord,632.8
2026-07-03T22:45:00,Atelier Sud,72.3
2026-07-03T22:45:00,Siège Est,68.5
2026-07-03T22:45:00,Usine Nord,666.7
2026-07-03T23:00:00,Atelier Sud,54.9
2026-07-03T23:00:00,Siège Est,80.8
2026-07-03T23:00:00,Usine Nord,660.8
2026-07-03T23:15:00,Atelier Sud,72.1
2026-07-03T23:15:00,Siège Est,76.7
2026-07-03T23:15:00,Usine Nord,602.3
2026-07-03T23:30:00,Atelier Sud,37.7
2026-07-03T23:30:00,Siège Est,89.3
2026-07-03T23:30:00,Usine Nord,650.9
2026-07-03T23:45:00,Atelier Sud,55.1
2026-07-03T23:45:00,Siège Est,71.6
2026-07-03T23:45:00,Usine Nord,632.7
2026-07-04T00:00:00,Atelier Sud,52.4
2026-07-04T00:00:00,Siège Est,75.5
2026-07-04T00:00:00,Usine Nord,349.3
2026-07-04T00:15:00,Atelier Sud,78.1
2026-07-04T00:15:00,Siège Est,86.7
2026-07-04T00:15:00,Usine Nord,359.5
2026-07-04T00:30:00,Atelier Sud,62.3
2026-07-04T00:30:00,Siège Est,85.9
2026-07-04T00:30:00,Usine Nord,391.0
2026-07-04T00:45:00,Atelier Sud,86.0
2026-07-04T00:45:00,Siège Est,81.8
2026-07-04T00:45:00,Usine Nord,366.5
2026-07-04T01:00:00,Atelier Sud,29.0
2026-07-04T01:00:00,Siège Est,75.1
2026-07-04T01:00:00,Usine Nord,342.7
2026-07-04T01:15:00,Atelier Sud,70.6
2026-07-04T01:15:00,Siège Est,69.9
2026-07-04T01:15:00,Usine Nord,345.0
2026-07-04T01:30:00,Atelier Sud,55.6
2026-07-04T01:30:00,Siège Est,79.5
2026-07-04T01:30:00,Usine Nord,362.0
2026-07-04T01:45:00,Atelier Sud,65.0
2026-07-04T01:45:00,Siège Est,89.0
2026-07-04T01:45:00,Usine Nord,366.3
2026-07-04T02:00:00,Atelier Sud,80.0
2026-07-04T02:00:00,Siège Est,84.1
2026-07-04T02:00:00,Usine Nord,417.1
2026-07-04T02:15:00,Atelier Sud,72.7
2026-07-04T02:15:00,Siège Est,77.9
2026-07-04T02:15:00,Usine Nord,336.6
2026-07-04T02:30:00,Atelier Sud,75.1
2026-07-04T02:30:00,Siège Est,80.3
2026-07-04T02:30:00,Usine Nord,345.1
2026-07-04T02:45:00,Atelier Sud,58.4
2026-07-04T02:45:00,Siège Est,85.8
2026-07-04T02:45:00,Usine Nord,378.6
2026-07-04T03:00:00,Atelier Sud,60.9
2026-07-04T03:00:00,Siège Est,76.4
2026-07-04T03:00:00,Usine Nord,349.8
2026-07-04T03:15:00,Atelier Sud,75.3
2026-07-04T03:15:00,Siège Est,86.6
2026-07-04T03:15:00,Usine Nord,361.4
2026-07-04T03:30:00,Atelier Sud,56.2
2026-07-04T03:30:00,Siège Est,77.9
2026-07-04T03:30:00,Usine Nord,322.0
2026-07-04T03:45:00,Atelier Sud,67.5
2026-07-04T03:45:00,Siège Est,80.5
2026-07-04T03:45:00,Usine Nord,321.6
2026-07-04T04:00:00,Atelier Sud,75.9
2026-07-04T04:00:00,Siège Est,89.3
2026-07-04T04:00:00,Usine Nord,372.4
2026-07-04T04:15:00,Atelier Sud,74.2
2026-07-04T04:15:00,Siège Est,68.6
2026-07-04T04:15:00,Usine Nord,335.2
2026-07-04T04:30:00,Atelier Sud,58.4
2026-07-04T04:30:00,Siège Est,72.6
2026-07-04T04:30:00,Usine Nord,374.2
2026-07-04T04:45:00,Atelier Sud,69.0
2026-07-04T04:45:00,Siège Est,78.0
2026-07-04T04:45:00,Usine Nord,346.9
2026-07-04T05:00:00,Atelier Sud,62.3
2026-07-04T05:00:00,Siège Est,79.6
2026-07-04T05:00:00,Usine Nord,364.3
2026-07-04T05:15:00,Atelier Sud,58.9
2026-07-04T05:15:00,Siège Est,70.5
2026-07-04T05:15:00,Usine Nord,383.5
2026-07-04T05:30:00,Atelier Sud,78.1
2026-07-04T05:30:00,Siège Est,78.8
2026-07-04T05:30:00,Usine Nord,339.9
2026-07-04T05:45:00,Atelier Sud,70.2
2026-07-04T05:45:00,Siège Est,71.0
2026-07-04T05:45:00,Usine Nord,340.1
2026-07-04T06:00:00,Atelier Sud,79.9
2026-07-04T06:00:00,Siège Est,70.5
2026-07-04T06:00:00,Usine Nord,548.4
2026-07-04T06:15:00,Atelier Sud,98.3
2026-07-04T06:15:00,Siège Est,75.0
2026-07-04T06:15:00,Usine Nord,523.6
2026-07-04T06:30:00,Atelier Sud,75.3
2026-07-04T06:30:00,Siège Est,90.9
2026-07-04T06:30:00,Usine Nord,520.0
2026-07-04T06:45:00,Atelier Sud,98.3
2026-07-04T06:45:00,Siège Est,76.2
2026-07-04T06:45:00,Usine Nord,542.8
2026-07-04T07:00:00,Atelier Sud,82.3
2026-07-04T07:00:00,Siège Est,95.9
2026-07-04T07:00:00,Usine Nord,501.7
2026-07-04T07:15:00,Atelier Sud,74.2
2026-07-04T07:15:00,Siège Est,83.1
2026-07-04T07:15:00,Usine Nord,522.5
2026-07-04T07:30:00,Atelier Sud,81.4
2026-07-04T07:30:00,Siège Est,81.3
2026-07-04T07:30:00,Usine Nord,495.6
2026-07-04T07:45:00,Atelier Sud,76.4
2026-07-04T07:45:00,Siège Est,92.8
2026-07-04T07:45:00,Usine Nord,494.1
2026-07-04T08:00:00,Atelier Sud,67.5
2026-07-04T08:00:00,Siège Est,80.1
2026-07-04T08:00:00,Usine Nord,537.6
2026-07-04T08:15:00,Atelier Sud,72.7
2026-07-04T08:15:00,Siège Est,75.6
2026-07-04T08:15:00,Usine Nord,549.7
2026-07-04T08:30:00,Atelier Sud,58.5
2026-07-04T08:30:00,Siège Est,72.2
2026-07-04T08:30:00,Usine Nord,527.3
2026-07-04T08:45:00,Atelier Sud,35.8
2026-07-04T08:45:00,Siège Est,68.3
2026-07-04T08:45:00,Usine Nord,491.1
2026-07-04T09:00:00,Atelier Sud,32.3
2026-07-04T09:00:00,Siège Est,91.7
2026-07-04T09:00:00,Usine Nord,520.4
2026-07-04T09:15:00,Atelier Sud,15.0
2026-07-04T09:15:00,Siège Est,81.8
2026-07-04T09:15:00,Usine Nord,530.3
2026-07-04T09:30:00,Atelier Sud,49.3
2026-07-04T09:30:00,Siège Est,70.7
2026-07-04T09:30:00,Usine Nord,522.5
2026-07-04T09:45:00,Atelier Sud,29.5
2026-07-04T09:45:00,Siège Est,85.8
2026-07-04T09:45:00,Usine Nord,548.6
2026-07-04T10:00:00,Atelier Sud,15.0
2026-07-04T10:00:00,Siège Est,86.9
2026-07-04T10:00:00,Usine Nord,505.1
2026-07-04T10:15:00,Atelier Sud,15.0
2026-07-04T10:15:00,Siège Est,91.3
2026-07-04T10:15:00,Usine Nord,530.0
2026-07-04T10:30:00,Atelier Sud,28.2
2026-07-04T10:30:00,Siège Est,94.2
2026-07-04T10:30:00,Usine Nord,515.4
2026-07-04T10:45:00,Atelier Sud,33.1
2026-07-04T10:45:00,Siège Est,84.1
2026-07-04T10:45:00,Usine Nord,521.2
2026-07-04T11:00:00,Atelier Sud,15.0
2026-07-04T11:00:00,Siège Est,84.1
2026-07-04T11:00:00,Usine Nord,515.5
2026-07-04T11:15:00,Atelier Sud,15.0
2026-07-04T11:15:00,Siège Est,79.2
2026-07-04T11:15:00,Usine Nord,533.8
2026-07-04T11:30:00,Atelier Sud,15.0
2026-07-04T11:30:00,Siège Est,80.5
2026-07-04T11:30:00,Usine Nord,496.5
2026-07-04T11:45:00,Atelier Sud,15.0
2026-07-04T11:45:00,Siège Est,83.7
2026-07-04T11:45:00,Usine Nord,516.4
2026-07-04T12:00:00,Atelier Sud,33.7
2026-07-04T12:00:00,Siège Est,67.9
2026-07-04T12:00:00,Usine Nord,530.6
2026-07-04T12:15:00,Atelier Sud,61.5
2026-07-04T12:15:00,Siège Est,76.5
2026-07-04T12:15:00,Usine Nord,541.9
2026-07-04T12:30:00,Atelier Sud,15.0
2026-07-04T12:30:00,Siège Est,95.1
2026-07-04T12:30:00,Usine Nord,546.5
2026-07-04T12:45:00,Atelier Sud,15.0
2026-07-04T12:45:00,Siège Est,70.6
2026-07-04T12:45:00,Usine Nord,527.1
2026-07-04T13:00:00,Atelier Sud,15.0
2026-07-04T13:00:00,Siège Est,82.7
2026-07-04T13:00:00,Usine Nord,548.0
2026-07-04T13:15:00,Atelier Sud,15.0
2026-07-04T13:15:00,Siège Est,61.5
2026-07-04T13:15:00,Usine Nord,550.9
2026-07-04T13:30:00,Atelier Sud,19.6
2026-07-04T13:30:00,Siège Est,79.2
2026-07-04T13:30:00,Usine Nord,520.4
2026-07-04T13:45:00,Atelier Sud,15.0
2026-07-04T13:45:00,Siège Est,69.2
2026-07-04T13:45:00,Usine Nord,566.1
2026-07-04T14:00:00,Atelier Sud,39.1
2026-07-04T14:00:00,Siège Est,73.4
2026-07-04T14:00:00,Usine Nord,556.5
2026-07-04T14:15:00,Atelier Sud,15.0
2026-07-04T14:15:00,Siège Est,68.9
2026-07-04T14:15:00,Usine Nord,516.7
2026-07-04T14:30:00,Atelier Sud,64.1
2026-07-04T14:30:00,Siège Est,66.1
2026-07-04T14:30:00,Usine Nord,520.4
2026-07-04T14:45:00,Atelier Sud,50.4
2026-07-04T14:45:00,Siège Est,89.2
2026-07-04T14:45:00,Usine Nord,512.8
2026-07-04T15:00:00,Atelier Sud,15.0
2026-07-04T15:00:00,Siège Est,73.7
2026-07-04T15:00:00,Usine Nord,520.5
2026-07-04T15:15:00,Atelier Sud,45.3
2026-07-04T15:15:00,Siège Est,83.0
2026-07-04T15:15:00,Usine Nord,530.7
2026-07-04T15:30:00,Atelier Sud,19.0
2026-07-04T15:30:00,Siège Est,88.5
2026-07-04T15:30:00,Usine Nord,529.0
2026-07-04T15:45:00,Atelier Sud,15.0
2026-07-04T15:45:00,Siège Est,87.8
2026-07-04T15:45:00,Usine Nord,514.3
2026-07-04T16:00:00,Atelier Sud,46.8
2026-07-04T16:00:00,Siège Est,88.3
2026-07-04T16:00:00,Usine Nord,533.7
2026-07-04T16:15:00,Atelier Sud,59.3
2026-07-04T16:15:00,Siège Est,77.5
2026-07-04T16:15:00,Usine Nord,549.4
2026-07-04T16:30:00,Atelier Sud,35.7
2026-07-04T16:30:00,Siège Est,84.6
2026-07-04T16:30:00,Usine Nord,542.8
2026-07-04T16:45:00,Atelier Sud,39.0
2026-07-04T16:45:00,Siège Est,66.1
2026-07-04T16:45:00,Usine Nord,537.5
2026-07-04T17:00:00,Atelier Sud,64.6
2026-07-04T17:00:00,Siège Est,81.3
2026-07-04T17:00:00,Usine Nord,515.8
2026-07-04T17:15:00,Atelier Sud,69.0
2026-07-04T17:15:00,Siège Est,96.0
2026-07-04T17:15:00,Usine Nord,516.5
2026-07-04T17:30:00,Atelier Sud,47.5
2026-07-04T17:30:00,Siège Est,75.7
2026-07-04T17:30:00,Usine Nord,559.3
2026-07-04T17:45:00,Atelier Sud,43.5
2026-07-04T17:45:00,Siège Est,83.1
2026-07-04T17:45:00,Usine Nord,524.1
2026-07-04T18:00:00,Atelier Sud,69.2
2026-07-04T18:00:00,Siège Est,55.6
2026-07-04T18:00:00,Usine Nord,506.6
2026-07-04T18:15:00,Atelier Sud,82.9
2026-07-04T18:15:00,Siège Est,71.6
2026-07-04T18:15:00,Usine Nord,542.8
2026-07-04T18:30:00,Atelier Sud,86.1
2026-07-04T18:30:00,Siège Est,56.2
2026-07-04T18:30:00,Usine Nord,559.0
2026-07-04T18:45:00,Atelier Sud,59.5
2026-07-04T18:45:00,Siège Est,63.2
2026-07-04T18:45:00,Usine Nord,490.4
2026-07-04T19:00:00,Atelier Sud,60.6
2026-07-04T19:00:00,Siège Est,67.2
2026-07-04T19:00:00,Usine Nord,559.0
2026-07-04T19:15:00,Atelier Sud,90.3
2026-07-04T19:15:00,Siège Est,78.8
2026-07-04T19:15:00,Usine Nord,501.8
2026-07-04T19:30:00,Atelier Sud,83.0
2026-07-04T19:30:00,Siège Est,61.5
2026-07-04T19:30:00,Usine Nord,541.8
2026-07-04T19:45:00,Atelier Sud,72.8
2026-07-04T19:45:00,Siège Est,85.5
2026-07-04T19:45:00,Usine Nord,524.8
2026-07-04T20:00:00,Atelier Sud,68.4
2026-07-04T20:00:00,Siège Est,85.3
2026-07-04T20:00:00,Usine Nord,509.8
2026-07-04T20:15:00,Atelier Sud,71.1
2026-07-04T20:15:00,Siège Est,86.1
2026-07-04T20:15:00,Usine Nord,502.4
2026-07-04T20:30:00,Atelier Sud,59.6
2026-07-04T20:30:00,Siège Est,79.7
2026-07-04T20:30:00,Usine Nord,500.8
2026-07-04T20:45:00,Atelier Sud,108.6
2026-07-04T20:45:00,Siège Est,61.3
2026-07-04T20:45:00,Usine Nord,495.9
2026-07-04T21:00:00,Atelier Sud,63.5
2026-07-04T21:00:00,Siège Est,60.6
2026-07-04T21:00:00,Usine Nord,514.9
2026-07-04T21:15:00,Atelier Sud,56.8
2026-07-04T21:15:00,Siège Est,62.7
2026-07-04T21:15:00,Usine Nord,545.0
2026-07-04T21:30:00,Atelier Sud,67.9
2026-07-04T21:30:00,Siège Est,79.8
2026-07-04T21:30:00,Usine Nord,517.4
2026-07-04T21:45:00,Atelier Sud,83.4
2026-07-04T21:45:00,Siège Est,81.9
2026-07-04T21:45:00,Usine Nord,565.1
2026-07-04T22:00:00,Atelier Sud,66.7
2026-07-04T22:00:00,Siège Est,55.7
2026-07-04T22:00:00,Usine Nord,351.8
2026-07-04T22:15:00,Atelier Sud,47.2
2026-07-04T22:15:00,Siège Est,82.5
2026-07-04T22:15:00,Usine Nord,342.0
2026-07-04T22:30:00,Atelier Sud,82.9
2026-07-04T22:30:00,Siège Est,70.6
2026-07-04T22:30:00,Usine Nord,356.9
2026-07-04T22:45:00,Atelier Sud,66.5
2026-07-04T22:45:00,Siège Est,66.2
2026-07-04T22:45:00,Usine Nord,393.0
2026-07-04T23:00:00,Atelier Sud,82.2
2026-07-04T23:00:00,Siège Est,74.1
2026-07-04T23:00:00,Usine Nord,341.1
2026-07-04T23:15:00,Atelier Sud,60.9
2026-07-04T23:15:00,Siège Est,82.2
2026-07-04T23:15:00,Usine Nord,356.9
2026-07-04T23:30:00,Atelier Sud,74.0
2026-07-04T23:30:00,Siège Est,91.1
2026-07-04T23:30:00,Usine Nord,379.0
2026-07-04T23:45:00,Atelier Sud,88.8
2026-07-04T23:45:00,Siège Est,89.7
2026-07-04T23:45:00,Usine Nord,346.2
2026-07-05T00:00:00,Atelier Sud,79.7
2026-07-05T00:00:00,Siège Est,71.0
2026-07-05T00:00:00,Usine Nord,368.2
2026-07-05T00:15:00,Atelier Sud,86.2
2026-07-05T00:15:00,Siège Est,62.2
2026-07-05T00:15:00,Usine Nord,353.4
2026-07-05T00:30:00,Atelier Sud,67.3
2026-07-05T00:30:00,Siège Est,79.6
2026-07-05T00:30:00,Usine Nord,352.6
2026-07-05T00:45:00,Atelier Sud,77.3
2026-07-05T00:45:00,Siège Est,79.4
2026-07-05T00:45:00,Usine Nord,354.2
2026-07-05T01:00:00,Atelier Sud,72.4
2026-07-05T01:00:00,Siège Est,87.3
2026-07-05T01:00:00,Usine Nord,351.6
2026-07-05T01:15:00,Atelier Sud,62.0
2026-07-05T01:15:00,Siège Est,85.1
2026-07-05T01:15:00,Usine Nord,373.4
2026-07-05T01:30:00,Atelier Sud,85.1
2026-07-05T01:30:00,Siège Est,74.1
2026-07-05T01:30:00,Usine Nord,322.8
2026-07-05T01:45:00,Atelier Sud,74.4
2026-07-05T01:45:00,Siège Est,72.6
2026-07-05T01:45:00,Usine Nord,329.1
2026-07-05T02:00:00,Atelier Sud,50.0
2026-07-05T02:00:00,Siège Est,76.8
2026-07-05T02:00:00,Usine Nord,346.6
2026-07-05T02:15:00,Atelier Sud,53.6
2026-07-05T02:15:00,Siège Est,57.3
2026-07-05T02:15:00,Usine Nord,323.5
2026-07-05T02:30:00,Atelier Sud,84.4
2026-07-05T02:30:00,Siège Est,80.2
2026-07-05T02:30:00,Usine Nord,336.1
2026-07-05T02:45:00,Atelier Sud,75.1
2026-07-05T02:45:00,Siège Est,67.0
2026-07-05T02:45:00,Usine Nord,330.4
2026-07-05T03:00:00,Atelier Sud,61.7
2026-07-05T03:00:00,Siège Est,71.1
2026-07-05T03:00:00,Usine Nord,353.9
2026-07-05T03:15:00,Atelier Sud,80.6
2026-07-05T03:15:00,Siège Est,88.1
2026-07-05T03:15:00,Usine Nord,319.8
2026-07-05T03:30:00,Atelier Sud,64.2
2026-07-05T03:30:00,Siège Est,79.4
2026-07-05T03:30:00,Usine Nord,350.1
2026-07-05T03:45:00,Atelier Sud,66.5
2026-07-05T03:45:00,Siège Est,68.4
2026-07-05T03:45:00,Usine Nord,342.2
2026-07-05T04:00:00,Atelier Sud,76.9
2026-07-05T04:00:00,Siège Est,82.6
2026-07-05T04:00:00,Usine Nord,378.6
2026-07-05T04:15:00,Atelier Sud,80.8
2026-07-05T04:15:00,Siège Est,63.9
2026-07-05T04:15:00,Usine Nord,321.5
2026-07-05T04:30:00,Atelier Sud,97.4
2026-07-05T04:30:00,Siège Est,74.6
2026-07-05T04:30:00,Usine Nord,320.4
2026-07-05T04:45:00,Atelier Sud,91.4
2026-07-05T04:45:00,Siège Est,60.7
2026-07-05T04:45:00,Usine Nord,322.0
2026-07-05T05:00:00,Atelier Sud,74.6
2026-07-05T05:00:00,Siège Est,67.8
2026-07-05T05:00:00,Usine Nord,331.6
2026-07-05T05:15:00,Atelier Sud,61.6
2026-07-05T05:15:00,Siège Est,70.1
2026-07-05T05:15:00,Usine Nord,336.2
2026-07-05T05:30:00,Atelier Sud,76.5
2026-07-05T05:30:00,Siège Est,70.0
2026-07-05T05:30:00,Usine Nord,368.7
2026-07-05T05:45:00,Atelier Sud,72.1
2026-07-05T05:45:00,Siège Est,78.1
2026-07-05T05:45:00,Usine Nord,338.0
2026-07-05T06:00:00,Atelier Sud,95.7
2026-07-05T06:00:00,Siège Est,60.7
2026-07-05T06:00:00,Usine Nord,516.9
2026-07-05T06:15:00,Atelier Sud,85.9
2026-07-05T06:15:00,Siège Est,62.8
2026-07-05T06:15:00,Usine Nord,518.4
2026-07-05T06:30:00,Atelier Sud,67.7
2026-07-05T06:30:00,Siège Est,68.5
2026-07-05T06:30:00,Usine Nord,533.2
2026-07-05T06:45:00,Atelier Sud,65.5
2026-07-05T06:45:00,Siège Est,72.3
2026-07-05T06:45:00,Usine Nord,490.9
2026-07-05T07:00:00,Atelier Sud,94.8
2026-07-05T07:00:00,Siège Est,87.3
2026-07-05T07:00:00,Usine Nord,503.4
2026-07-05T07:15:00,Atelier Sud,93.5
2026-07-05T07:15:00,Siège Est,78.8
2026-07-05T07:15:00,Usine Nord,520.6
2026-07-05T07:30:00,Atelier Sud,68.9
2026-07-05T07:30:00,Siège Est,55.0
2026-07-05T07:30:00,Usine Nord,550.5
2026-07-05T07:45:00,Atelier Sud,55.4
2026-07-05T07:45:00,Siège Est,65.7
2026-07-05T07:45:00,Usine Nord,506.4
2026-07-05T08:00:00,Atelier Sud,53.2
2026-07-05T08:00:00,Siège Est,78.8
2026-07-05T08:00:00,Usine Nord,505.0
2026-07-05T08:15:00,Atelier Sud,67.6
2026-07-05T08:15:00,Siège Est,97.0
2026-07-05T08:15:00,Usine Nord,536.8
2026-07-05T08:30:00,Atelier Sud,54.4
2026-07-05T08:30:00,Siège Est,70.2
2026-07-05T08:30:00,Usine Nord,522.8
2026-07-05T08:45:00,Atelier Sud,29.4
2026-07-05T08:45:00,Siège Est,88.2
2026-07-05T08:45:00,Usine Nord,521.0
2026-07-05T09:00:00,Atelier Sud,25.7
2026-07-05T09:00:00,Siège Est,84.6
2026-07-05T09:00:00,Usine Nord,560.3
2026-07-05T09:15:00,Atelier Sud,62.4
2026-07-05T09:15:00,Siège Est,83.6
2026-07-05T09:15:00,Usine Nord,505.2
2026-07-05T09:30:00,Atelier Sud,24.5
2026-07-05T09:30:00,Siège Est,50.1
2026-07-05T09:30:00,Usine Nord,537.4
2026-07-05T09:45:00,Atelier Sud,15.0
2026-07-05T09:45:00,Siège Est,72.7
2026-07-05T09:45:00,Usine Nord,562.3
2026-07-05T10:00:00,Atelier Sud,35.7
2026-07-05T10:00:00,Siège Est,70.3
2026-07-05T10:00:00,Usine Nord,511.5
2026-07-05T10:15:00,Atelier Sud,15.0
2026-07-05T10:15:00,Siège Est,83.0
2026-07-05T10:15:00,Usine Nord,570.6
2026-07-05T10:30:00,Atelier Sud,15.0
2026-07-05T10:30:00,Siège Est,61.0
2026-07-05T10:30:00,Usine Nord,537.2
2026-07-05T10:45:00,Atelier Sud,22.5
2026-07-05T10:45:00,Siège Est,82.1
2026-07-05T10:45:00,Usine Nord,528.7
2026-07-05T11:00:00,Atelier Sud,65.2
2026-07-05T11:00:00,Siège Est,78.0
2026-07-05T11:00:00,Usine Nord,553.2
2026-07-05T11:15:00,Atelier Sud,31.7
2026-07-05T11:15:00,Siège Est,88.3
2026-07-05T11:15:00,Usine Nord,526.5
2026-07-05T11:30:00,Atelier Sud,15.0
2026-07-05T11:30:00,Siège Est,75.4
2026-07-05T11:30:00,Usine Nord,467.7
2026-07-05T11:45:00,Atelier Sud,40.1
2026-07-05T11:45:00,Siège Est,66.1
2026-07-05T11:45:00,Usine Nord,527.5
2026-07-05T12:00:00,Atelier Sud,22.3
2026-07-05T12:00:00,Siège Est,87.4
2026-07-05T12:00:00,Usine Nord,660.5
2026-07-05T12:15:00,Atelier Sud,15.0
2026-07-05T12:15:00,Siège Est,73.7
2026-07-05T12:15:00,Usine Nord,490.4
2026-07-05T12:30:00,Atelier Sud,38.6
2026-07-05T12:30:00,Siège Est,64.3
2026-07-05T12:30:00,Usine Nord,537.3
2026-07-05T12:45:00,Atelier Sud,16.0
2026-07-05T12:45:00,Siège Est,74.5
2026-07-05T12:45:00,Usine Nord,510.1
2026-07-05T13:00:00,Atelier Sud,42.5
2026-07-05T13:00:00,Siège Est,68.6
2026-07-05T13:00:00,Usine Nord,503.0
2026-07-05T13:15:00,Atelier Sud,15.0
2026-07-05T13:15:00,Siège Est,74.2
2026-07-05T13:15:00,Usine Nord,569.4
2026-07-05T13:30:00,Atelier Sud,15.0
2026-07-05T13:30:00,Siège Est,66.7
2026-07-05T13:30:00,Usine Nord,547.0
2026-07-05T13:45:00,Atelier Sud,15.0
2026-07-05T13:45:00,Siège Est,86.1
2026-07-05T13:45:00,Usine Nord,555.4
2026-07-05T14:00:00,Atelier Sud,15.0
2026-07-05T14:00:00,Siège Est,75.8
2026-07-05T14:00:00,Usine Nord,560.7
2026-07-05T14:15:00,Atelier Sud,15.0
2026-07-05T14:15:00,Siège Est,71.2
2026-07-05T14:15:00,Usine Nord,494.3
2026-07-05T14:30:00,Atelier Sud,15.0
2026-07-05T14:30:00,Siège Est,73.0
2026-07-05T14:30:00,Usine Nord,562.6
2026-07-05T14:45:00,Atelier Sud,16.7
2026-07-05T14:45:00,Siège Est,65.5
2026-07-05T14:45:00,Usine Nord,500.0
2026-07-05T15:00:00,Atelier Sud,37.9
2026-07-05T15:00:00,Siège Est,87.5
2026-07-05T15:00:00,Usine Nord,499.9
2026-07-05T15:15:00,Atelier Sud,45.4
2026-07-05T15:15:00,Siège Est,60.9
2026-07-05T15:15:00,Usine Nord,529.8
2026-07-05T15:30:00,Atelier Sud,20.0
2026-07-05T15:30:00,Siège Est,84.9
2026-07-05T15:30:00,Usine Nord,514.9
2026-07-05T15:45:00,Atelier Sud,33.7
2026-07-05T15:45:00,Siège Est,75.4
2026-07-05T15:45:00,Usine Nord,559.4
2026-07-05T16:00:00,Atelier Sud,73.6
2026-07-05T16:00:00,Siège Est,74.8
2026-07-05T16:00:00,Usine Nord,514.7
2026-07-05T16:15:00,Atelier Sud,60.5
2026-07-05T16:15:00,Siège Est,96.7
2026-07-05T16:15:00,Usine Nord,536.5
2026-07-05T16:30:00,Atelier Sud,15.0
2026-07-05T16:30:00,Siège Est,78.5
2026-07-05T16:30:00,Usine Nord,522.1
2026-07-05T16:45:00,Atelier Sud,26.7
2026-07-05T16:45:00,Siège Est,89.7
2026-07-05T16:45:00,Usine Nord,506.3
2026-07-05T17:00:00,Atelier Sud,26.7
2026-07-05T17:00:00,Siège Est,63.3
2026-07-05T17:00:00,Usine Nord,516.6
2026-07-05T17:15:00,Atelier Sud,49.6
2026-07-05T17:15:00,Siège Est,64.2
2026-07-05T17:15:00,Usine Nord,513.2
2026-07-05T17:30:00,Atelier Sud,60.2
2026-07-05T17:30:00,Siège Est,82.4
2026-07-05T17:30:00,Usine Nord,526.0
2026-07-05T17:45:00,Atelier Sud,79.4
2026-07-05T17:45:00,Siège Est,92.0
2026-07-05T17:45:00,Usine Nord,519.4
2026-07-05T18:00:00,Atelier Sud,67.5
2026-07-05T18:00:00,Siège Est,71.3
2026-07-05T18:00:00,Usine Nord,540.9
2026-07-05T18:15:00,Atelier Sud,100.4
2026-07-05T18:15:00,Siège Est,84.4
2026-07-05T18:15:00,Usine Nord,516.5
2026-07-05T18:30:00,Atelier Sud,68.1
2026-07-05T18:30:00,Siège Est,80.6
2026-07-05T18:30:00,Usine Nord,528.7
2026-07-05T18:45:00,Atelier Sud,91.2
2026-07-05T18:45:00,Siège Est,87.0
2026-07-05T18:45:00,Usine Nord,557.9
2026-07-05T19:00:00,Atelier Sud,60.6
2026-07-05T19:00:00,Siège Est,86.5
2026-07-05T19:00:00,Usine Nord,533.1
2026-07-05T19:15:00,Atelier Sud,52.1
2026-07-05T19:15:00,Siège Est,71.0
2026-07-05T19:15:00,Usine Nord,582.8
2026-07-05T19:30:00,Atelier Sud,72.6
2026-07-05T19:30:00,Siège Est,69.9
2026-07-05T19:30:00,Usine Nord,525.3
2026-07-05T19:45:00,Atelier Sud,76.3
2026-07-05T19:45:00,Siège Est,59.1
2026-07-05T19:45:00,Usine Nord,529.6
2026-07-05T20:00:00,Atelier Sud,72.0
2026-07-05T20:00:00,Siège Est,69.5
2026-07-05T20:00:00,Usine Nord,535.9
2026-07-05T20:15:00,Atelier Sud,77.9
2026-07-05T20:15:00,Siège Est,83.2
2026-07-05T20:15:00,Usine Nord,547.9
2026-07-05T20:30:00,Atelier Sud,80.0
2026-07-05T20:30:00,Siège Est,55.8
2026-07-05T20:30:00,Usine Nord,539.6
2026-07-05T20:45:00,Atelier Sud,72.8
2026-07-05T20:45:00,Siège Est,90.0
2026-07-05T20:45:00,Usine Nord,522.2
2026-07-05T21:00:00,Atelier Sud,65.7
2026-07-05T21:00:00,Siège Est,76.5
2026-07-05T21:00:00,Usine Nord,518.6
2026-07-05T21:15:00,Atelier Sud,86.9
2026-07-05T21:15:00,Siège Est,65.4
2026-07-05T21:15:00,Usine Nord,749.7
2026-07-05T21:30:00,Atelier Sud,63.5
2026-07-05T21:30:00,Siège Est,83.5
2026-07-05T21:30:00,Usine Nord,522.9
2026-07-05T21:45:00,Atelier Sud,68.6
2026-07-05T21:45:00,Siège Est,77.3
2026-07-05T21:45:00,Usine Nord,489.9
2026-07-05T22:00:00,Atelier Sud,67.6
2026-07-05T22:00:00,Siège Est,61.5
2026-07-05T22:00:00,Usine Nord,330.5
2026-07-05T22:15:00,Atelier Sud,47.2
2026-07-05T22:15:00,Siège Est,68.3
2026-07-05T22:15:00,Usine Nord,332.0
2026-07-05T22:30:00,Atelier Sud,70.9
2026-07-05T22:30:00,Siège Est,86.6
2026-07-05T22:30:00,Usine Nord,387.6
2026-07-05T22:45:00,Atelier Sud,57.7
2026-07-05T22:45:00,Siège Est,74.0
2026-07-05T22:45:00,Usine Nord,362.5
2026-07-05T23:00:00,Atelier Sud,66.0
2026-07-05T23:00:00,Siège Est,85.8
2026-07-05T23:00:00,Usine Nord,379.1
2026-07-05T23:15:00,Atelier Sud,65.4
2026-07-05T23:15:00,Siège Est,72.6
2026-07-05T23:15:00,Usine Nord,351.9
2026-07-05T23:30:00,Atelier Sud,73.7
2026-07-05T23:30:00,Siège Est,82.9
2026-07-05T23:30:00,Usine Nord,364.0
2026-07-05T23:45:00,Atelier Sud,89.9
2026-07-05T23:45:00,Siège Est,74.6
2026-07-05T23:45:00,Usine Nord,339.0
2026-07-06T00:00:00,Atelier Sud,83.5
2026-07-06T00:00:00,Siège Est,64.4
2026-07-06T00:00:00,Usine Nord,606.6
2026-07-06T00:15:00,Atelier Sud,74.0
2026-07-06T00:15:00,Siège Est,76.6
2026-07-06T00:15:00,Usine Nord,643.1
2026-07-06T00:30:00,Atelier Sud,87.3
2026-07-06T00:30:00,Siège Est,80.9
2026-07-06T00:30:00,Usine Nord,637.7
2026-07-06T00:45:00,Atelier Sud,51.0
2026-07-06T00:45:00,Siège Est,70.1
2026-07-06T00:45:00,Usine Nord,635.1
2026-07-06T01:00:00,Atelier Sud,81.8
2026-07-06T01:00:00,Siège Est,85.1
2026-07-06T01:00:00,Usine Nord,618.5
2026-07-06T01:15:00,Atelier Sud,92.3
2026-07-06T01:15:00,Siège Est,75.7
2026-07-06T01:15:00,Usine Nord,661.1
2026-07-06T01:30:00,Atelier Sud,56.1
2026-07-06T01:30:00,Siège Est,70.4
2026-07-06T01:30:00,Usine Nord,665.3
2026-07-06T01:45:00,Atelier Sud,80.6
2026-07-06T01:45:00,Siège Est,81.1
2026-07-06T01:45:00,Usine Nord,660.1
2026-07-06T02:00:00,Atelier Sud,57.7
2026-07-06T02:00:00,Siège Est,76.9
2026-07-06T02:00:00,Usine Nord,671.8
2026-07-06T02:15:00,Atelier Sud,64.6
2026-07-06T02:15:00,Siège Est,79.6
2026-07-06T02:15:00,Usine Nord,630.7
2026-07-06T02:30:00,Atelier Sud,71.2
2026-07-06T02:30:00,Siège Est,62.0
2026-07-06T02:30:00,Usine Nord,661.2
2026-07-06T02:45:00,Atelier Sud,71.0
2026-07-06T02:45:00,Siège Est,76.8
2026-07-06T02:45:00,Usine Nord,647.1
2026-07-06T03:00:00,Atelier Sud,67.7
2026-07-06T03:00:00,Siège Est,71.1
2026-07-06T03:00:00,Usine Nord,638.0
2026-07-06T03:15:00,Atelier Sud,49.5
2026-07-06T03:15:00,Siège Est,74.0
2026-07-06T03:15:00,Usine Nord,648.8
2026-07-06T03:30:00,Atelier Sud,62.8
2026-07-06T03:30:00,Siège Est,66.8
2026-07-06T03:30:00,Usine Nord,627.9
2026-07-06T03:45:00,Atelier Sud,80.1
2026-07-06T03:45:00,Siège Est,86.6
2026-07-06T03:45:00,Usine Nord,641.3
2026-07-06T04:00:00,Atelier Sud,69.7
2026-07-06T04:00:00,Siège Est,85.2
2026-07-06T04:00:00,Usine Nord,648.0
2026-07-06T04:15:00,Atelier Sud,74.0
2026-07-06T04:15:00,Siège Est,68.5
2026-07-06T04:15:00,Usine Nord,610.3
2026-07-06T04:30:00,Atelier Sud,42.8
2026-07-06T04:30:00,Siège Est,76.7
2026-07-06T04:30:00,Usine Nord,680.8
2026-07-06T04:45:00,Atelier Sud,59.3
2026-07-06T04:45:00,Siège Est,77.8
2026-07-06T04:45:00,Usine Nord,669.4
2026-07-06T05:00:00,Atelier Sud,92.1
2026-07-06T05:00:00,Siège Est,80.9
2026-07-06T05:00:00,Usine Nord,665.6
2026-07-06T05:15:00,Atelier Sud,91.3
2026-07-06T05:15:00,Siège Est,70.8
2026-07-06T05:15:00,Usine Nord,685.5
2026-07-06T05:30:00,Atelier Sud,70.2
2026-07-06T05:30:00,Siège Est,79.6
2026-07-06T05:30:00,Usine Nord,662.9
2026-07-06T05:45:00,Atelier Sud,50.9
2026-07-06T05:45:00,Siège Est,100.3
2026-07-06T05:45:00,Usine Nord,661.4
2026-07-06T06:00:00,Atelier Sud,67.1
2026-07-06T06:00:00,Siège Est,74.8
2026-07-06T06:00:00,Usine Nord,985.5
2026-07-06T06:15:00,Atelier Sud,110.1
2026-07-06T06:15:00,Siège Est,80.7
2026-07-06T06:15:00,Usine Nord,939.8
2026-07-06T06:30:00,Atelier Sud,117.2
2026-07-06T06:30:00,Siège Est,68.5
2026-07-06T06:30:00,Usine Nord,921.3
2026-07-06T06:45:00,Atelier Sud,151.5
2026-07-06T06:45:00,Siège Est,70.4
2026-07-06T06:45:00,Usine Nord,970.3
2026-07-06T07:00:00,Atelier Sud,144.5
2026-07-06T07:00:00,Siège Est,73.9
2026-07-06T07:00:00,Usine Nord,944.9
2026-07-06T07:15:00,Atelier Sud,183.4
2026-07-06T07:15:00,Siège Est,67.4
2026-07-06T07:15:00,Usine Nord,972.3
2026-07-06T07:30:00,Atelier Sud,201.9
2026-07-06T07:30:00,Siège Est,65.8
2026-07-06T07:30:00,Usine Nord,964.3
2026-07-06T07:45:00,Atelier Sud,210.7
2026-07-06T07:45:00,Siège Est,91.1
2026-07-06T07:45:00,Usine Nord,935.1
2026-07-06T08:00:00,Atelier Sud,208.4
2026-07-06T08:00:00,Siège Est,252.4
2026-07-06T08:00:00,Usine Nord,948.8
2026-07-06T08:15:00,Atelier Sud,236.6
2026-07-06T08:15:00,Siège Est,259.0
2026-07-06T08:15:00,Usine Nord,926.4
2026-07-06T08:30:00,Atelier Sud,244.1
2026-07-06T08:30:00,Siège Est,251.4
2026-07-06T08:30:00,Usine Nord,951.1
2026-07-06T08:45:00,Atelier Sud,233.4
2026-07-06T08:45:00,Siège Est,256.3
2026-07-06T08:45:00,Usine Nord,946.5
2026-07-06T09:00:00,Atelier Sud,245.2
2026-07-06T09:00:00,Siège Est,238.5
2026-07-06T09:00:00,Usine Nord,967.5
2026-07-06T09:15:00,Atelier Sud,256.3
2026-07-06T09:15:00,Siège Est,263.6
2026-07-06T09:15:00,Usine Nord,990.7
2026-07-06T09:30:00,Atelier Sud,288.5
2026-07-06T09:30:00,Siège Est,252.7
2026-07-06T09:30:00,Usine Nord,956.0
2026-07-06T09:45:00,Atelier Sud,292.1
2026-07-06T09:45:00,Siège Est,268.3
2026-07-06T09:45:00,Usine Nord,944.3
2026-07-06T10:00:00,Atelier Sud,292.6
2026-07-06T10:00:00,Siège Est,265.0
2026-07-06T10:00:00,Usine Nord,952.8
2026-07-06T10:15:00,Atelier Sud,313.6
2026-07-06T10:15:00,Siège Est,255.1
2026-07-06T10:15:00,Usine Nord,948.4
2026-07-06T10:30:00,Atelier Sud,371.2
2026-07-06T10:30:00,Siège Est,247.1
2026-07-06T10:30:00,Usine Nord,940.4
2026-07-06T10:45:00,Atelier Sud,339.2
2026-07-06T10:45:00,Siège Est,263.2
2026-07-06T10:45:00,Usine Nord,955.4
2026-07-06T11:00:00,Atelier Sud,331.9
2026-07-06T11:00:00,Siège Est,255.8
2026-07-06T11:00:00,Usine Nord,926.1
2026-07-06T11:15:00,Atelier Sud,374.5
2026-07-06T11:15:00,Siège Est,252.3
2026-07-06T11:15:00,Usine Nord,932.2
2026-07-06T11:30:00,Atelier Sud,345.2
2026-07-06T11:30:00,Siège Est,257.5
2026-07-06T11:30:00,Usine Nord,955.5
2026-07-06T11:45:00,Atelier Sud,360.7
2026-07-06T11:45:00,Siège Est,263.8
2026-07-06T11:45:00,Usine Nord,970.6
2026-07-06T12:00:00,Atelier Sud,303.7
2026-07-06T12:00:00,Siège Est,249.5
2026-07-06T12:00:00,Usine Nord,961.4
2026-07-06T12:15:00,Atelier Sud,353.0
2026-07-06T12:15:00,Siège Est,265.3
2026-07-06T12:15:00,Usine Nord,944.3
2026-07-06T12:30:00,Atelier Sud,297.1
2026-07-06T12:30:00,Siège Est,261.6
2026-07-06T12:30:00,Usine Nord,974.3
2026-07-06T12:45:00,Atelier Sud,329.4
2026-07-06T12:45:00,Siège Est,261.8
2026-07-06T12:45:00,Usine Nord,957.2
2026-07-06T13:00:00,Atelier Sud,314.7
2026-07-06T13:00:00,Siège Est,262.2
2026-07-06T13:00:00,Usine Nord,987.5
2026-07-06T13:15:00,Atelier Sud,302.1
2026-07-06T13:15:00,Siège Est,244.8
2026-07-06T13:15:00,Usine Nord,961.2
2026-07-06T13:30:00,Atelier Sud,291.8
2026-07-06T13:30:00,Siège Est,255.7
2026-07-06T13:30:00,Usine Nord,950.1
2026-07-06T13:45:00,Atelier Sud,321.5
2026-07-06T13:45:00,Siège Est,262.5
2026-07-06T13:45:00,Usine Nord,924.4
2026-07-06T14:00:00,Atelier Sud,293.9
2026-07-06T14:00:00,Siège Est,254.5
2026-07-06T14:00:00,Usine Nord,977.7
2026-07-06T14:15:00,Atelier Sud,306.7
2026-07-06T14:15:00,Siège Est,254.1
2026-07-06T14:15:00,Usine Nord,971.5
2026-07-06T14:30:00,Atelier Sud,247.5
2026-07-06T14:30:00,Siège Est,275.7
2026-07-06T14:30:00,Usine Nord,979.9
2026-07-06T14:45:00,Atelier Sud,274.2
2026-07-06T14:45:00,Siège Est,259.7
2026-07-06T14:45:00,Usine Nord,938.5
2026-07-06T15:00:00,Atelier Sud,233.0
2026-07-06T15:00:00,Siège Est,268.9
2026-07-06T15:00:00,Usine Nord,927.1
2026-07-06T15:15:00,Atelier Sud,207.4
2026-07-06T15:15:00,Siège Est,263.4
2026-07-06T15:15:00,Usine Nord,979.8
2026-07-06T15:30:00,Atelier Sud,230.5
2026-07-06T15:30:00,Siège Est,267.0
2026-07-06T15:30:00,Usine Nord,950.3
2026-07-06T15:45:00,Atelier Sud,218.0
2026-07-06T15:45:00,Siège Est,266.3
2026-07-06T15:45:00,Usine Nord,897.7
2026-07-06T16:00:00,Atelier Sud,166.8
2026-07-06T16:00:00,Siège Est,251.8
2026-07-06T16:00:00,Usine Nord,964.3
2026-07-06T16:15:00,Atelier Sud,200.2
2026-07-06T16:15:00,Siège Est,251.9
2026-07-06T16:15:00,Usine Nord,922.9
2026-07-06T16:30:00,Atelier Sud,157.7
2026-07-06T16:30:00,Siège Est,257.2
2026-07-06T16:30:00,Usine Nord,980.6
2026-07-06T16:45:00,Atelier Sud,145.8
2026-07-06T16:45:00,Siège Est,259.1
2026-07-06T16:45:00,Usine Nord,973.8
2026-07-06T17:00:00,Atelier Sud,148.0
2026-07-06T17:00:00,Siège Est,244.2
2026-07-06T17:00:00,Usine Nord,907.8
2026-07-06T17:15:00,Atelier Sud,125.2
2026-07-06T17:15:00,Siège Est,257.3
2026-07-06T17:15:00,Usine Nord,957.5
2026-07-06T17:30:00,Atelier Sud,91.5
2026-07-06T17:30:00,Siège Est,252.5
2026-07-06T17:30:00,Usine Nord,949.9
2026-07-06T17:45:00,Atelier Sud,77.4
2026-07-06T17:45:00,Siège Est,264.3
2026-07-06T17:45:00,Usine Nord,963.5
2026-07-06T18:00:00,Atelier Sud,90.4
2026-07-06T18:00:00,Siège Est,260.9
2026-07-06T18:00:00,Usine Nord,924.1
2026-07-06T18:15:00,Atelier Sud,51.1
2026-07-06T18:15:00,Siège Est,242.8
2026-07-06T18:15:00,Usine Nord,919.5
2026-07-06T18:30:00,Atelier Sud,76.9
2026-07-06T18:30:00,Siège Est,278.1
2026-07-06T18:30:00,Usine Nord,969.6
2026-07-06T18:45:00,Atelier Sud,58.9
2026-07-06T18:45:00,Siège Est,239.0
2026-07-06T18:45:00,Usine Nord,907.7
2026-07-06T19:00:00,Atelier Sud,79.3
2026-07-06T19:00:00,Siège Est,94.1
2026-07-06T19:00:00,Usine Nord,948.0
2026-07-06T19:15:00,Atelier Sud,94.1
2026-07-06T19:15:00,Siège Est,74.6
2026-07-06T19:15:00,Usine Nord,959.6
2026-07-06T19:30:00,Atelier Sud,60.3
2026-07-06T19:30:00,Siège Est,106.1
2026-07-06T19:30:00,Usine Nord,966.1
2026-07-06T19:45:00,Atelier Sud,77.6
2026-07-06T19:45:00,Siège Est,77.4
2026-07-06T19:45:00,Usine Nord,957.6
2026-07-06T20:00:00,Atelier Sud,55.2
2026-07-06T20:00:00,Siège Est,84.0
2026-07-06T20:00:00,Usine Nord,999.6
2026-07-06T20:15:00,Atelier Sud,76.7
2026-07-06T20:15:00,Siège Est,76.4
2026-07-06T20:15:00,Usine Nord,976.1
2026-07-06T20:30:00,Atelier Sud,76.8
2026-07-06T20:30:00,Siège Est,68.5
2026-07-06T20:30:00,Usine Nord,946.8
2026-07-06T20:45:00,Atelier Sud,71.7
2026-07-06T20:45:00,Siège Est,58.1
2026-07-06T20:45:00,Usine Nord,947.2
2026-07-06T21:00:00,Atelier Sud,80.0
2026-07-06T21:00:00,Siège Est,67.7
2026-07-06T21:00:00,Usine Nord,934.4
2026-07-06T21:15:00,Atelier Sud,73.6
2026-07-06T21:15:00,Siège Est,70.6
2026-07-06T21:15:00,Usine Nord,954.4
2026-07-06T21:30:00,Atelier Sud,76.5
2026-07-06T21:30:00,Siège Est,77.5
2026-07-06T21:30:00,Usine Nord,995.9
2026-07-06T21:45:00,Atelier Sud,69.7
2026-07-06T21:45:00,Siège Est,83.4
2026-07-06T21:45:00,Usine Nord,965.5
2026-07-06T22:00:00,Atelier Sud,33.4
2026-07-06T22:00:00,Siège Est,80.7
2026-07-06T22:00:00,Usine Nord,646.6
2026-07-06T22:15:00,Atelier Sud,50.1
2026-07-06T22:15:00,Siège Est,77.2
2026-07-06T22:15:00,Usine Nord,622.8
2026-07-06T22:30:00,Atelier Sud,73.5
2026-07-06T22:30:00,Siège Est,84.1
2026-07-06T22:30:00,Usine Nord,594.8
2026-07-06T22:45:00,Atelier Sud,76.4
2026-07-06T22:45:00,Siège Est,79.7
2026-07-06T22:45:00,Usine Nord,646.9
2026-07-06T23:00:00,Atelier Sud,70.9
2026-07-06T23:00:00,Siège Est,91.7
2026-07-06T23:00:00,Usine Nord,632.0
2026-07-06T23:15:00,Atelier Sud,89.1
2026-07-06T23:15:00,Siège Est,97.2
2026-07-06T23:15:00,Usine Nord,656.6
2026-07-06T23:30:00,Atelier Sud,66.8
2026-07-06T23:30:00,Siège Est,76.9
2026-07-06T23:30:00,Usine Nord,624.4
2026-07-06T23:45:00,Atelier Sud,62.8
2026-07-06T23:45:00,Siège Est,78.1
2026-07-06T23:45:00,Usine Nord,664.7
2026-07-07T00:00:00,Atelier Sud,64.2
2026-07-07T00:00:00,Siège Est,85.3
2026-07-07T00:00:00,Usine Nord,643.6
2026-07-07T00:15:00,Atelier Sud,86.7
2026-07-07T00:15:00,Siège Est,79.6
2026-07-07T00:15:00,Usine Nord,635.2
2026-07-07T00:30:00,Atelier Sud,80.6
2026-07-07T00:30:00,Siège Est,79.3
2026-07-07T00:30:00,Usine Nord,655.2
2026-07-07T00:45:00,Atelier Sud,100.7
2026-07-07T00:45:00,Siège Est,67.4
2026-07-07T00:45:00,Usine Nord,638.3
2026-07-07T01:00:00,Atelier Sud,82.9
2026-07-07T01:00:00,Siège Est,71.7
2026-07-07T01:00:00,Usine Nord,647.6
2026-07-07T01:15:00,Atelier Sud,91.0
2026-07-07T01:15:00,Siège Est,80.7
2026-07-07T01:15:00,Usine Nord,632.4
2026-07-07T01:30:00,Atelier Sud,60.6
2026-07-07T01:30:00,Siège Est,79.2
2026-07-07T01:30:00,Usine Nord,658.6
2026-07-07T01:45:00,Atelier Sud,89.4
2026-07-07T01:45:00,Siège Est,66.5
2026-07-07T01:45:00,Usine Nord,612.0
2026-07-07T02:00:00,Atelier Sud,66.0
2026-07-07T02:00:00,Siège Est,62.9
2026-07-07T02:00:00,Usine Nord,646.2
2026-07-07T02:15:00,Atelier Sud,75.1
2026-07-07T02:15:00,Siège Est,70.7
2026-07-07T02:15:00,Usine Nord,660.6
2026-07-07T02:30:00,Atelier Sud,72.6
2026-07-07T02:30:00,Siège Est,73.5
2026-07-07T02:30:00,Usine Nord,667.2
2026-07-07T02:45:00,Atelier Sud,74.5
2026-07-07T02:45:00,Siège Est,74.2
2026-07-07T02:45:00,Usine Nord,660.2
2026-07-07T03:00:00,Atelier Sud,70.3
2026-07-07T03:00:00,Siège Est,65.3
2026-07-07T03:00:00,Usine Nord,676.6
2026-07-07T03:15:00,Atelier Sud,68.1
2026-07-07T03:15:00,Siège Est,52.6
2026-07-07T03:15:00,Usine Nord,653.8
2026-07-07T03:30:00,Atelier Sud,59.8
2026-07-07T03:30:00,Siège Est,73.1
2026-07-07T03:30:00,Usine Nord,704.2
2026-07-07T03:45:00,Atelier Sud,71.1
2026-07-07T03:45:00,Siège Est,76.4
2026-07-07T03:45:00,Usine Nord,637.2
2026-07-07T04:00:00,Atelier Sud,88.6
2026-07-07T04:00:00,Siège Est,96.3
2026-07-07T04:00:00,Usine Nord,604.7
2026-07-07T04:15:00,Atelier Sud,82.0
2026-07-07T04:15:00,Siège Est,73.4
2026-07-07T04:15:00,Usine Nord,601.2
2026-07-07T04:30:00,Atelier Sud,61.0
2026-07-07T04:30:00,Siège Est,74.6
2026-07-07T04:30:00,Usine Nord,607.4
2026-07-07T04:45:00,Atelier Sud,95.0
2026-07-07T04:45:00,Siège Est,86.5
2026-07-07T04:45:00,Usine Nord,647.7
2026-07-07T05:00:00,Atelier Sud,68.6
2026-07-07T05:00:00,Siège Est,83.5
2026-07-07T05:00:00,Usine Nord,611.2
2026-07-07T05:15:00,Atelier Sud,48.6
2026-07-07T05:15:00,Siège Est,80.9
2026-07-07T05:15:00,Usine Nord,616.4
2026-07-07T05:30:00,Atelier Sud,55.7
2026-07-07T05:30:00,Siège Est,59.1
2026-07-07T05:30:00,Usine Nord,663.2
2026-07-07T05:45:00,Atelier Sud,42.2
2026-07-07T05:45:00,Siège Est,77.0
2026-07-07T05:45:00,Usine Nord,609.3
2026-07-07T06:00:00,Atelier Sud,81.0
2026-07-07T06:00:00,Siège Est,83.9
2026-07-07T06:00:00,Usine Nord,951.1
2026-07-07T06:15:00,Atelier Sud,95.1
2026-07-07T06:15:00,Siège Est,80.4
2026-07-07T06:15:00,Usine Nord,968.5
2026-07-07T06:30:00,Atelier Sud,112.0
2026-07-07T06:30:00,Siège Est,68.0
2026-07-07T06:30:00,Usine Nord,975.2
2026-07-07T06:45:00,Atelier Sud,143.5
2026-07-07T06:45:00,Siège Est,62.9
2026-07-07T06:45:00,Usine Nord,954.8
2026-07-07T07:00:00,Atelier Sud,164.8
2026-07-07T07:00:00,Siège Est,88.6
2026-07-07T07:00:00,Usine Nord,919.5
2026-07-07T07:15:00,Atelier Sud,204.4
2026-07-07T07:15:00,Siège Est,85.3
2026-07-07T07:15:00,Usine Nord,928.2
2026-07-07T07:30:00,Atelier Sud,176.6
2026-07-07T07:30:00,Siège Est,77.4
2026-07-07T07:30:00,Usine Nord,980.8
2026-07-07T07:45:00,Atelier Sud,218.5
2026-07-07T07:45:00,Siège Est,78.8
2026-07-07T07:45:00,Usine Nord,984.1
2026-07-07T08:00:00,Atelier Sud,210.3
2026-07-07T08:00:00,Siège Est,251.6
2026-07-07T08:00:00,Usine Nord,940.4
2026-07-07T08:15:00,Atelier Sud,261.4
2026-07-07T08:15:00,Siège Est,272.4
2026-07-07T08:15:00,Usine Nord,968.6
2026-07-07T08:30:00,Atelier Sud,215.9
2026-07-07T08:30:00,Siège Est,262.7
2026-07-07T08:30:00,Usine Nord,966.1
2026-07-07T08:45:00,Atelier Sud,279.8
2026-07-07T08:45:00,Siège Est,278.2
2026-07-07T08:45:00,Usine Nord,942.2
2026-07-07T09:00:00,Atelier Sud,283.8
2026-07-07T09:00:00,Siège Est,261.3
2026-07-07T09:00:00,Usine Nord,972.4
2026-07-07T09:15:00,Atelier Sud,281.1
2026-07-07T09:15:00,Siège Est,263.5
2026-07-07T09:15:00,Usine Nord,930.4
2026-07-07T09:30:00,Atelier Sud,259.8
2026-07-07T09:30:00,Siège Est,258.7
2026-07-07T09:30:00,Usine Nord,962.5
2026-07-07T09:45:00,Atelier Sud,295.6
2026-07-07T09:45:00,Siège Est,260.5
2026-07-07T09:45:00,Usine Nord,962.8
2026-07-07T10:00:00,Atelier Sud,352.8
2026-07-07T10:00:00,Siège Est,270.8
2026-07-07T10:00:00,Usine Nord,946.5
2026-07-07T10:15:00,Atelier Sud,325.4
2026-07-07T10:15:00,Siège Est,271.4
2026-07-07T10:15:00,Usine Nord,937.5
2026-07-07T10:30:00,Atelier Sud,310.7
2026-07-07T10:30:00,Siège Est,259.5
2026-07-07T10:30:00,Usine Nord,983.4
2026-07-07T10:45:00,Atelier Sud,314.2
2026-07-07T10:45:00,Siège Est,265.6
2026-07-07T10:45:00,Usine Nord,932.5
2026-07-07T11:00:00,Atelier Sud,336.1
2026-07-07T11:00:00,Siège Est,267.9
2026-07-07T11:00:00,Usine Nord,930.4
2026-07-07T11:15:00,Atelier Sud,327.6
2026-07-07T11:15:00,Siège Est,266.2
2026-07-07T11:15:00,Usine Nord,919.3
2026-07-07T11:30:00,Atelier Sud,289.8
2026-07-07T11:30:00,Siège Est,258.2
2026-07-07T11:30:00,Usine Nord,944.9
2026-07-07T11:45:00,Atelier Sud,299.9
2026-07-07T11:45:00,Siège Est,251.2
2026-07-07T11:45:00,Usine Nord,945.7
2026-07-07T12:00:00,Atelier Sud,366.6
2026-07-07T12:00:00,Siège Est,255.0
2026-07-07T12:00:00,Usine Nord,932.1
2026-07-07T12:15:00,Atelier Sud,291.4
2026-07-07T12:15:00,Siège Est,257.1
2026-07-07T12:15:00,Usine Nord,974.2
2026-07-07T12:30:00,Atelier Sud,382.4
2026-07-07T12:30:00,Siège Est,283.8
2026-07-07T12:30:00,Usine Nord,952.6
2026-07-07T12:45:00,Atelier Sud,342.1
2026-07-07T12:45:00,Siège Est,239.2
2026-07-07T12:45:00,Usine Nord,962.6
2026-07-07T13:00:00,Atelier Sud,288.4
2026-07-07T13:00:00,Siège Est,260.4
2026-07-07T13:00:00,Usine Nord,919.7
2026-07-07T13:15:00,Atelier Sud,323.9
2026-07-07T13:15:00,Siège Est,270.4
2026-07-07T13:15:00,Usine Nord,942.9
2026-07-07T13:30:00,Atelier Sud,305.8
2026-07-07T13:30:00,Siège Est,242.5
2026-07-07T13:30:00,Usine Nord,984.0
2026-07-07T13:45:00,Atelier Sud,320.2
2026-07-07T13:45:00,Siège Est,265.3
2026-07-07T13:45:00,Usine Nord,973.1
2026-07-07T14:00:00,Atelier Sud,328.5
2026-07-07T14:00:00,Siège Est,250.9
2026-07-07T14:00:00,Usine Nord,960.2
2026-07-07T14:15:00,Atelier Sud,278.8
2026-07-07T14:15:00,Siège Est,246.5
2026-07-07T14:15:00,Usine Nord,975.2
2026-07-07T14:30:00,Atelier Sud,285.0
2026-07-07T14:30:00,Siège Est,260.2
2026-07-07T14:30:00,Usine Nord,966.3
2026-07-07T14:45:00,Atelier Sud,280.6
2026-07-07T14:45:00,Siège Est,261.6
2026-07-07T14:45:00,Usine Nord,957.1
2026-07-07T15:00:00,Atelier Sud,219.3
2026-07-07T15:00:00,Siège Est,259.5
2026-07-07T15:00:00,Usine Nord,959.3
2026-07-07T15:15:00,Atelier Sud,233.7
2026-07-07T15:15:00,Siège Est,259.6
2026-07-07T15:15:00,Usine Nord,961.0
2026-07-07T15:30:00,Atelier Sud,210.2
2026-07-07T15:30:00,Siège Est,244.0
2026-07-07T15:30:00,Usine Nord,941.8
2026-07-07T15:45:00,Atelier Sud,205.2
2026-07-07T15:45:00,Siège Est,270.4
2026-07-07T15:45:00,Usine Nord,988.9
2026-07-07T16:00:00,Atelier Sud,156.9
2026-07-07T16:00:00,Siège Est,261.7
2026-07-07T16:00:00,Usine Nord,1003.4
2026-07-07T16:15:00,Atelier Sud,166.3
2026-07-07T16:15:00,Siège Est,256.2
2026-07-07T16:15:00,Usine Nord,954.4
2026-07-07T16:30:00,Atelier Sud,174.6
2026-07-07T16:30:00,Siège Est,263.5
2026-07-07T16:30:00,Usine Nord,950.2
2026-07-07T16:45:00,Atelier Sud,150.7
2026-07-07T16:45:00,Siège Est,250.2
2026-07-07T16:45:00,Usine Nord,1002.3
2026-07-07T17:00:00,Atelier Sud,167.2
2026-07-07T17:00:00,Siège Est,248.8
2026-07-07T17:00:00,Usine Nord,961.0
2026-07-07T17:15:00,Atelier Sud,125.6
2026-07-07T17:15:00,Siège Est,251.9
2026-07-07T17:15:00,Usine Nord,963.9
2026-07-07T17:30:00,Atelier Sud,108.3
2026-07-07T17:30:00,Siège Est,257.1
2026-07-07T17:30:00,Usine Nord,961.5
2026-07-07T17:45:00,Atelier Sud,97.2
2026-07-07T17:45:00,Siège Est,247.9
2026-07-07T17:45:00,Usine Nord,953.4
2026-07-07T18:00:00,Atelier Sud,93.6
2026-07-07T18:00:00,Siège Est,255.4
2026-07-07T18:00:00,Usine Nord,944.0
2026-07-07T18:15:00,Atelier Sud,74.9
2026-07-07T18:15:00,Siège Est,251.4
2026-07-07T18:15:00,Usine Nord,968.8
2026-07-07T18:30:00,Atelier Sud,83.4
2026-07-07T18:30:00,Siège Est,254.8
2026-07-07T18:30:00,Usine Nord,919.5
2026-07-07T18:45:00,Atelier Sud,86.6
2026-07-07T18:45:00,Siège Est,273.2
2026-07-07T18:45:00,Usine Nord,974.6
2026-07-07T19:00:00,Atelier Sud,55.2
2026-07-07T19:00:00,Siège Est,72.5
2026-07-07T19:00:00,Usine Nord,984.4
2026-07-07T19:15:00,Atelier Sud,65.4
2026-07-07T19:15:00,Siège Est,72.6
2026-07-07T19:15:00,Usine Nord,946.7
2026-07-07T19:30:00,Atelier Sud,71.6
2026-07-07T19:30:00,Siège Est,84.5
2026-07-07T19:30:00,Usine Nord,943.4
2026-07-07T19:45:00,Atelier Sud,55.1
2026-07-07T19:45:00,Siège Est,76.7
2026-07-07T19:45:00,Usine Nord,994.6
2026-07-07T20:00:00,Atelier Sud,67.0
2026-07-07T20:00:00,Siège Est,88.9
2026-07-07T20:00:00,Usine Nord,948.0
2026-07-07T20:15:00,Atelier Sud,89.3
2026-07-07T20:15:00,Siège Est,71.1
2026-07-07T20:15:00,Usine Nord,939.6
2026-07-07T20:30:00,Atelier Sud,73.6
2026-07-07T20:30:00,Siège Est,78.4
2026-07-07T20:30:00,Usine Nord,972.2
2026-07-07T20:45:00,Atelier Sud,69.2
2026-07-07T20:45:00,Siège Est,65.8
2026-07-07T20:45:00,Usine Nord,927.7
2026-07-07T21:00:00,Atelier Sud,65.6
2026-07-07T21:00:00,Siège Est,77.4
2026-07-07T21:00:00,Usine Nord,906.3
2026-07-07T21:15:00,Atelier Sud,76.2
2026-07-07T21:15:00,Siège Est,83.4
2026-07-07T21:15:00,Usine Nord,951.8
2026-07-07T21:30:00,Atelier Sud,69.3
2026-07-07T21:30:00,Siège Est,73.4
2026-07-07T21:30:00,Usine Nord,940.4
2026-07-07T21:45:00,Atelier Sud,56.3
2026-07-07T21:45:00,Siège Est,79.5
2026-07-07T21:45:00,Usine Nord,934.6
2026-07-07T22:00:00,Atelier Sud,76.3
2026-07-07T22:00:00,Siège Est,82.1
2026-07-07T22:00:00,Usine Nord,634.0
2026-07-07T22:15:00,Atelier Sud,51.3
2026-07-07T22:15:00,Siège Est,58.7
2026-07-07T22:15:00,Usine Nord,636.6
2026-07-07T22:30:00,Atelier Sud,57.5
2026-07-07T22:30:00,Siège Est,71.4
2026-07-07T22:30:00,Usine Nord,643.5
2026-07-07T22:45:00,Atelier Sud,87.0
2026-07-07T22:45:00,Siège Est,84.7
2026-07-07T22:45:00,Usine Nord,600.2
2026-07-07T23:00:00,Atelier Sud,70.3
2026-07-07T23:00:00,Siège Est,76.5
2026-07-07T23:00:00,Usine Nord,667.1
2026-07-07T23:15:00,Atelier Sud,79.7
2026-07-07T23:15:00,Siège Est,74.5
2026-07-07T23:15:00,Usine Nord,642.6
2026-07-07T23:30:00,Atelier Sud,68.2
2026-07-07T23:30:00,Siège Est,76.2
2026-07-07T23:30:00,Usine Nord,641.7
2026-07-07T23:45:00,Atelier Sud,51.3
2026-07-07T23:45:00,Siège Est,75.7
2026-07-07T23:45:00,Usine Nord,643.1
2026-07-08T00:00:00,Atelier Sud,70.6
2026-07-08T00:00:00,Siège Est,70.5
2026-07-08T00:00:00,Usine Nord,667.9
2026-07-08T00:15:00,Atelier Sud,46.1
2026-07-08T00:15:00,Siège Est,73.4
2026-07-08T00:15:00,Usine Nord,656.5
2026-07-08T00:30:00,Atelier Sud,103.6
2026-07-08T00:30:00,Siège Est,77.2
2026-07-08T00:30:00,Usine Nord,698.4
2026-07-08T00:45:00,Atelier Sud,50.3
2026-07-08T00:45:00,Siège Est,89.1
2026-07-08T00:45:00,Usine Nord,602.6
2026-07-08T01:00:00,Atelier Sud,77.6
2026-07-08T01:00:00,Siège Est,74.8
2026-07-08T01:00:00,Usine Nord,667.9
2026-07-08T01:15:00,Atelier Sud,67.7
2026-07-08T01:15:00,Siège Est,67.3
2026-07-08T01:15:00,Usine Nord,671.2
2026-07-08T01:30:00,Atelier Sud,52.9
2026-07-08T01:30:00,Siège Est,74.6
2026-07-08T01:30:00,Usine Nord,586.3
2026-07-08T01:45:00,Atelier Sud,82.5
2026-07-08T01:45:00,Siège Est,83.7
2026-07-08T01:45:00,Usine Nord,662.1
2026-07-08T02:00:00,Atelier Sud,66.9
2026-07-08T02:00:00,Siège Est,80.4
2026-07-08T02:00:00,Usine Nord,647.1
2026-07-08T02:15:00,Atelier Sud,57.3
2026-07-08T02:15:00,Siège Est,69.0
2026-07-08T02:15:00,Usine Nord,646.7
2026-07-08T02:30:00,Atelier Sud,36.5
2026-07-08T02:30:00,Siège Est,79.1
2026-07-08T02:30:00,Usine Nord,649.4
2026-07-08T02:45:00,Atelier Sud,66.0
2026-07-08T02:45:00,Siège Est,75.5
2026-07-08T02:45:00,Usine Nord,658.3
2026-07-08T03:00:00,Atelier Sud,96.0
2026-07-08T03:00:00,Siège Est,79.9
2026-07-08T03:00:00,Usine Nord,641.2
2026-07-08T03:15:00,Atelier Sud,89.8
2026-07-08T03:15:00,Siège Est,84.8
2026-07-08T03:15:00,Usine Nord,633.7
2026-07-08T03:30:00,Atelier Sud,49.6
2026-07-08T03:30:00,Siège Est,78.7
2026-07-08T03:30:00,Usine Nord,670.7
2026-07-08T03:45:00,Atelier Sud,87.0
2026-07-08T03:45:00,Siège Est,67.7
2026-07-08T03:45:00,Usine Nord,649.5
2026-07-08T04:00:00,Atelier Sud,73.6
2026-07-08T04:00:00,Siège Est,62.3
2026-07-08T04:00:00,Usine Nord,667.9
2026-07-08T04:15:00,Atelier Sud,76.9
2026-07-08T04:15:00,Siège Est,70.6
2026-07-08T04:15:00,Usine Nord,708.0
2026-07-08T04:30:00,Atelier Sud,86.4
2026-07-08T04:30:00,Siège Est,83.1
2026-07-08T04:30:00,Usine Nord,619.7
2026-07-08T04:45:00,Atelier Sud,53.5
2026-07-08T04:45:00,Siège Est,78.4
2026-07-08T04:45:00,Usine Nord,629.7
2026-07-08T05:00:00,Atelier Sud,61.0
2026-07-08T05:00:00,Siège Est,63.6
2026-07-08T05:00:00,Usine Nord,633.8
2026-07-08T05:15:00,Atelier Sud,95.7
2026-07-08T05:15:00,Siège Est,60.6
2026-07-08T05:15:00,Usine Nord,647.1
2026-07-08T05:30:00,Atelier Sud,65.4
2026-07-08T05:30:00,Siège Est,75.5
2026-07-08T05:30:00,Usine Nord,686.1
2026-07-08T05:45:00,Atelier Sud,66.3
2026-07-08T05:45:00,Siège Est,60.2
2026-07-08T05:45:00,Usine Nord,659.2
2026-07-08T06:00:00,Atelier Sud,52.2
2026-07-08T06:00:00,Siège Est,78.0
2026-07-08T06:00:00,Usine Nord,975.0
2026-07-08T06:15:00,Atelier Sud,92.7
2026-07-08T06:15:00,Siège Est,75.3
2026-07-08T06:15:00,Usine Nord,992.6
2026-07-08T06:30:00,Atelier Sud,129.0
2026-07-08T06:30:00,Siège Est,61.7
2026-07-08T06:30:00,Usine Nord,907.2
2026-07-08T06:45:00,Atelier Sud,166.2
2026-07-08T06:45:00,Siège Est,74.6
2026-07-08T06:45:00,Usine Nord,943.1
2026-07-08T07:00:00,Atelier Sud,174.4
2026-07-08T07:00:00,Siège Est,68.2
2026-07-08T07:00:00,Usine Nord,935.9
2026-07-08T07:15:00,Atelier Sud,180.2
2026-07-08T07:15:00,Siège Est,71.2
2026-07-08T07:15:00,Usine Nord,960.1
2026-07-08T07:30:00,Atelier Sud,185.0
2026-07-08T07:30:00,Siège Est,79.1
2026-07-08T07:30:00,Usine Nord,928.2
2026-07-08T07:45:00,Atelier Sud,230.0
2026-07-08T07:45:00,Siège Est,64.4
2026-07-08T07:45:00,Usine Nord,986.6
2026-07-08T08:00:00,Atelier Sud,229.2
2026-07-08T08:00:00,Siège Est,269.4
2026-07-08T08:00:00,Usine Nord,939.8
2026-07-08T08:15:00,Atelier Sud,225.8
2026-07-08T08:15:00,Siège Est,271.9
2026-07-08T08:15:00,Usine Nord,933.9
2026-07-08T08:30:00,Atelier Sud,241.0
2026-07-08T08:30:00,Siège Est,254.6
2026-07-08T08:30:00,Usine Nord,927.7
2026-07-08T08:45:00,Atelier Sud,270.2
2026-07-08T08:45:00,Siège Est,269.6
2026-07-08T08:45:00,Usine Nord,921.9
2026-07-08T09:00:00,Atelier Sud,278.0
2026-07-08T09:00:00,Siège Est,234.1
2026-07-08T09:00:00,Usine Nord,949.7
2026-07-08T09:15:00,Atelier Sud,263.6
2026-07-08T09:15:00,Siège Est,254.8
2026-07-08T09:15:00,Usine Nord,937.7
2026-07-08T09:30:00,Atelier Sud,273.4
2026-07-08T09:30:00,Siège Est,242.2
2026-07-08T09:30:00,Usine Nord,957.6
2026-07-08T09:45:00,Atelier Sud,290.7
2026-07-08T09:45:00,Siège Est,254.0
2026-07-08T09:45:00,Usine Nord,940.1
2026-07-08T10:00:00,Atelier Sud,296.5
2026-07-08T10:00:00,Siège Est,279.4
2026-07-08T10:00:00,Usine Nord,960.7
2026-07-08T10:15:00,Atelier Sud,308.5
2026-07-08T10:15:00,Siège Est,241.3
2026-07-08T10:15:00,Usine Nord,955.3
2026-07-08T10:30:00,Atelier Sud,356.0
2026-07-08T10:30:00,Siège Est,269.9
2026-07-08T10:30:00,Usine Nord,974.6
2026-07-08T10:45:00,Atelier Sud,335.1
2026-07-08T10:45:00,Siège Est,263.7
2026-07-08T10:45:00,Usine Nord,966.7
2026-07-08T11:00:00,Atelier Sud,369.1
2026-07-08T11:00:00,Siège Est,241.0
2026-07-08T11:00:00,Usine Nord,938.8
2026-07-08T11:15:00,Atelier Sud,352.5
2026-07-08T11:15:00,Siège Est,265.6
2026-07-08T11:15:00,Usine Nord,977.8
2026-07-08T11:30:00,Atelier Sud,273.0
2026-07-08T11:30:00,Siège Est,249.5
2026-07-08T11:30:00,Usine Nord,1072.2
2026-07-08T11:45:00,Atelier Sud,353.1
2026-07-08T11:45:00,Siège Est,253.5
2026-07-08T11:45:00,Usine Nord,930.7
2026-07-08T12:00:00,Atelier Sud,365.9
2026-07-08T12:00:00,Siège Est,270.2
2026-07-08T12:00:00,Usine Nord,969.9
2026-07-08T12:15:00,Atelier Sud,354.1
2026-07-08T12:15:00,Siège Est,267.1
2026-07-08T12:15:00,Usine Nord,922.9
2026-07-08T12:30:00,Atelier Sud,376.5
2026-07-08T12:30:00,Siège Est,246.6
2026-07-08T12:30:00,Usine Nord,935.5
2026-07-08T12:45:00,Atelier Sud,273.2
2026-07-08T12:45:00,Siège Est,261.6
2026-07-08T12:45:00,Usine Nord,917.0
2026-07-08T13:00:00,Atelier Sud,358.1
2026-07-08T13:00:00,Siège Est,258.0
2026-07-08T13:00:00,Usine Nord,917.5
2026-07-08T13:15:00,Atelier Sud,323.7
2026-07-08T13:15:00,Siège Est,259.0
2026-07-08T13:15:00,Usine Nord,956.8
2026-07-08T13:30:00,Atelier Sud,289.6
2026-07-08T13:30:00,Siège Est,272.7
2026-07-08T13:30:00,Usine Nord,930.0
2026-07-08T13:45:00,Atelier Sud,286.8
2026-07-08T13:45:00,Siège Est,260.1
2026-07-08T13:45:00,Usine Nord,987.0
2026-07-08T14:00:00,Atelier Sud,314.9
2026-07-08T14:00:00,Siège Est,273.4
2026-07-08T14:00:00,Usine Nord,982.1
2026-07-08T14:15:00,Atelier Sud,248.5
2026-07-08T14:15:00,Siège Est,256.6
2026-07-08T14:15:00,Usine Nord,958.0
2026-07-08T14:30:00,Atelier Sud,332.0
2026-07-08T14:30:00,Siège Est,266.2
2026-07-08T14:30:00,Usine Nord,935.6
2026-07-08T14:45:00,Atelier Sud,258.8
2026-07-08T14:45:00,Siège Est,251.1
2026-07-08T14:45:00,Usine Nord,949.7
2026-07-08T15:00:00,Atelier Sud,280.3
2026-07-08T15:00:00,Siège Est,255.4
2026-07-08T15:00:00,Usine Nord,944.6
2026-07-08T15:15:00,Atelier Sud,254.6
2026-07-08T15:15:00,Siège Est,250.2
2026-07-08T15:15:00,Usine Nord,974.9
2026-07-08T15:30:00,Atelier Sud,224.5
2026-07-08T15:30:00,Siège Est,261.7
2026-07-08T15:30:00,Usine Nord,908.4
2026-07-08T15:45:00,Atelier Sud,166.9
2026-07-08T15:45:00,Siège Est,251.2
2026-07-08T15:45:00,Usine Nord,946.5
2026-07-08T16:00:00,Atelier Sud,194.0
2026-07-08T16:00:00,Siège Est,251.5
2026-07-08T16:00:00,Usine Nord,951.9
2026-07-08T16:15:00,Atelier Sud,200.6
2026-07-08T16:15:00,Siège Est,256.7
2026-07-08T16:15:00,Usine Nord,959.0
2026-07-08T16:30:00,Atelier Sud,183.3
2026-07-08T16:30:00,Siège Est,251.1
2026-07-08T16:30:00,Usine Nord,965.4
2026-07-08T16:45:00,Atelier Sud,145.2
2026-07-08T16:45:00,Siège Est,267.4
2026-07-08T16:45:00,Usine Nord,941.4
2026-07-08T17:00:00,Atelier Sud,95.6
2026-07-08T17:00:00,Siège Est,240.6
2026-07-08T17:00:00,Usine Nord,963.6
2026-07-08T17:15:00,Atelier Sud,118.1
2026-07-08T17:15:00,Siège Est,251.1
2026-07-08T17:15:00,Usine Nord,924.1
2026-07-08T17:30:00,Atelier Sud,110.4
2026-07-08T17:30:00,Siège Est,263.3
2026-07-08T17:30:00,Usine Nord,974.7
2026-07-08T17:45:00,Atelier Sud,92.1
2026-07-08T17:45:00,Siège Est,275.5
2026-07-08T17:45:00,Usine Nord,958.3
2026-07-08T18:00:00,Atelier Sud,81.7
2026-07-08T18:00:00,Siège Est,266.0
2026-07-08T18:00:00,Usine Nord,947.3
2026-07-08T18:15:00,Atelier Sud,85.2
2026-07-08T18:15:00,Siège Est,259.2
2026-07-08T18:15:00,Usine Nord,974.6
2026-07-08T18:30:00,Atelier Sud,80.9
2026-07-08T18:30:00,Siège Est,262.5
2026-07-08T18:30:00,Usine Nord,934.3
2026-07-08T18:45:00,Atelier Sud,69.3
2026-07-08T18:45:00,Siège Est,261.8
2026-07-08T18:45:00,Usine Nord,912.9
2026-07-08T19:00:00,Atelier Sud,52.6
2026-07-08T19:00:00,Siège Est,74.0
2026-07-08T19:00:00,Usine Nord,961.0
2026-07-08T19:15:00,Atelier Sud,62.4
2026-07-08T19:15:00,Siège Est,74.5
2026-07-08T19:15:00,Usine Nord,952.0
2026-07-08T19:30:00,Atelier Sud,80.9
2026-07-08T19:30:00,Siège Est,64.9
2026-07-08T19:30:00,Usine Nord,942.6
2026-07-08T19:45:00,Atelier Sud,88.6
2026-07-08T19:45:00,Siège Est,84.3
2026-07-08T19:45:00,Usine Nord,935.0
2026-07-08T20:00:00,Atelier Sud,91.5
2026-07-08T20:00:00,Siège Est,72.9
2026-07-08T20:00:00,Usine Nord,960.1
2026-07-08T20:15:00,Atelier Sud,78.2
2026-07-08T20:15:00,Siège Est,86.0
2026-07-08T20:15:00,Usine Nord,969.3
2026-07-08T20:30:00,Atelier Sud,58.0
2026-07-08T20:30:00,Siège Est,83.6
2026-07-08T20:30:00,Usine Nord,929.9
2026-07-08T20:45:00,Atelier Sud,80.3
2026-07-08T20:45:00,Siège Est,70.7
2026-07-08T20:45:00,Usine Nord,919.3
2026-07-08T21:00:00,Atelier Sud,56.4
2026-07-08T21:00:00,Siège Est,60.1
2026-07-08T21:00:00,Usine Nord,964.9
2026-07-08T21:15:00,Atelier Sud,80.2
2026-07-08T21:15:00,Siège Est,73.8
2026-07-08T21:15:00,Usine Nord,926.2
2026-07-08T21:30:00,Atelier Sud,57.7
2026-07-08T21:30:00,Siège Est,85.9
2026-07-08T21:30:00,Usine Nord,977.8
2026-07-08T21:45:00,Atelier Sud,82.4
2026-07-08T21:45:00,Siège Est,103.0
2026-07-08T21:45:00,Usine Nord,981.1
2026-07-08T22:00:00,Atelier Sud,81.2
2026-07-08T22:00:00,Siège Est,73.0
2026-07-08T22:00:00,Usine Nord,635.8
2026-07-08T22:15:00,Atelier Sud,63.6
2026-07-08T22:15:00,Siège Est,78.8
2026-07-08T22:15:00,Usine Nord,699.2
2026-07-08T22:30:00,Atelier Sud,78.4
2026-07-08T22:30:00,Siège Est,72.3
2026-07-08T22:30:00,Usine Nord,642.7
2026-07-08T22:45:00,Atelier Sud,79.7
2026-07-08T22:45:00,Siège Est,84.6
2026-07-08T22:45:00,Usine Nord,646.5
2026-07-08T23:00:00,Atelier Sud,67.0
2026-07-08T23:00:00,Siège Est,42.1
2026-07-08T23:00:00,Usine Nord,646.2
2026-07-08T23:15:00,Atelier Sud,74.2
2026-07-08T23:15:00,Siège Est,86.5
2026-07-08T23:15:00,Usine Nord,658.2
2026-07-08T23:30:00,Atelier Sud,71.1
2026-07-08T23:30:00,Siège Est,83.4
2026-07-08T23:30:00,Usine Nord,666.8
2026-07-08T23:45:00,Atelier Sud,48.0
2026-07-08T23:45:00,Siège Est,72.9
2026-07-08T23:45:00,Usine Nord,656.1
2026-07-09T00:00:00,Atelier Sud,65.3
2026-07-09T00:00:00,Siège Est,64.3
2026-07-09T00:00:00,Usine Nord,633.2
2026-07-09T00:15:00,Atelier Sud,105.9
2026-07-09T00:15:00,Siège Est,74.9
2026-07-09T00:15:00,Usine Nord,641.4
2026-07-09T00:30:00,Atelier Sud,78.9
2026-07-09T00:30:00,Siège Est,80.9
2026-07-09T00:30:00,Usine Nord,614.6
2026-07-09T00:45:00,Atelier Sud,46.8
2026-07-09T00:45:00,Siège Est,59.7
2026-07-09T00:45:00,Usine Nord,626.1
2026-07-09T01:00:00,Atelier Sud,77.5
2026-07-09T01:00:00,Siège Est,85.4
2026-07-09T01:00:00,Usine Nord,652.2
2026-07-09T01:15:00,Atelier Sud,80.0
2026-07-09T01:15:00,Siège Est,78.5
2026-07-09T01:15:00,Usine Nord,648.5
2026-07-09T01:30:00,Atelier Sud,75.0
2026-07-09T01:30:00,Siège Est,66.5
2026-07-09T01:30:00,Usine Nord,636.1
2026-07-09T01:45:00,Atelier Sud,81.9
2026-07-09T01:45:00,Siège Est,92.7
2026-07-09T01:45:00,Usine Nord,653.4
2026-07-09T02:00:00,Atelier Sud,87.3
2026-07-09T02:00:00,Siège Est,79.6
2026-07-09T02:00:00,Usine Nord,632.1
2026-07-09T02:15:00,Atelier Sud,100.4
2026-07-09T02:15:00,Siège Est,83.0
2026-07-09T02:15:00,Usine Nord,647.6
2026-07-09T02:30:00,Atelier Sud,92.1
2026-07-09T02:30:00,Siège Est,73.0
2026-07-09T02:30:00,Usine Nord,649.7
2026-07-09T02:45:00,Atelier Sud,75.1
2026-07-09T02:45:00,Siège Est,78.7
2026-07-09T02:45:00,Usine Nord,670.1
2026-07-09T03:00:00,Atelier Sud,48.0
2026-07-09T03:00:00,Siège Est,67.4
2026-07-09T03:00:00,Usine Nord,670.8
2026-07-09T03:15:00,Atelier Sud,48.2
2026-07-09T03:15:00,Siège Est,57.1
2026-07-09T03:15:00,Usine Nord,626.4
2026-07-09T03:30:00,Atelier Sud,82.6
2026-07-09T03:30:00,Siège Est,86.5
2026-07-09T03:30:00,Usine Nord,639.9
2026-07-09T03:45:00,Atelier Sud,76.1
2026-07-09T03:45:00,Siège Est,81.6
2026-07-09T03:45:00,Usine Nord,609.9
2026-07-09T04:00:00,Atelier Sud,71.5
2026-07-09T04:00:00,Siège Est,67.9
2026-07-09T04:00:00,Usine Nord,692.1
2026-07-09T04:15:00,Atelier Sud,91.6
2026-07-09T04:15:00,Siège Est,71.9
2026-07-09T04:15:00,Usine Nord,601.8
2026-07-09T04:30:00,Atelier Sud,56.0
2026-07-09T04:30:00,Siège Est,76.0
2026-07-09T04:30:00,Usine Nord,646.7
2026-07-09T04:45:00,Atelier Sud,55.0
2026-07-09T04:45:00,Siège Est,90.2
2026-07-09T04:45:00,Usine Nord,614.2
2026-07-09T05:00:00,Atelier Sud,61.2
2026-07-09T05:00:00,Siège Est,80.3
2026-07-09T05:00:00,Usine Nord,649.3
2026-07-09T05:15:00,Atelier Sud,74.2
2026-07-09T05:15:00,Siège Est,84.3
2026-07-09T05:15:00,Usine Nord,652.9
2026-07-09T05:30:00,Atelier Sud,56.7
2026-07-09T05:30:00,Siège Est,59.2
2026-07-09T05:30:00,Usine Nord,661.5
2026-07-09T05:45:00,Atelier Sud,72.3
2026-07-09T05:45:00,Siège Est,64.9
2026-07-09T05:45:00,Usine Nord,634.6
2026-07-09T06:00:00,Atelier Sud,67.2
2026-07-09T06:00:00,Siège Est,80.6
2026-07-09T06:00:00,Usine Nord,965.2
2026-07-09T06:15:00,Atelier Sud,93.1
2026-07-09T06:15:00,Siège Est,85.9
2026-07-09T06:15:00,Usine Nord,934.6
2026-07-09T06:30:00,Atelier Sud,115.2
2026-07-09T06:30:00,Siège Est,82.0
2026-07-09T06:30:00,Usine Nord,929.1
2026-07-09T06:45:00,Atelier Sud,120.3
2026-07-09T06:45:00,Siège Est,80.9
2026-07-09T06:45:00,Usine Nord,932.2
2026-07-09T07:00:00,Atelier Sud,173.8
2026-07-09T07:00:00,Siège Est,89.7
2026-07-09T07:00:00,Usine Nord,932.8
2026-07-09T07:15:00,Atelier Sud,192.6
2026-07-09T07:15:00,Siège Est,77.6
2026-07-09T07:15:00,Usine Nord,986.5
2026-07-09T07:30:00,Atelier Sud,170.0
2026-07-09T07:30:00,Siège Est,47.8
2026-07-09T07:30:00,Usine Nord,969.2
2026-07-09T07:45:00,Atelier Sud,203.9
2026-07-09T07:45:00,Siège Est,72.7
2026-07-09T07:45:00,Usine Nord,963.5
2026-07-09T08:00:00,Atelier Sud,240.1
2026-07-09T08:00:00,Siège Est,253.0
2026-07-09T08:00:00,Usine Nord,905.6
2026-07-09T08:15:00,Atelier Sud,247.4
2026-07-09T08:15:00,Siège Est,252.1
2026-07-09T08:15:00,Usine Nord,947.7
2026-07-09T08:30:00,Atelier Sud,229.7
2026-07-09T08:30:00,Siège Est,275.0
2026-07-09T08:30:00,Usine Nord,963.7
2026-07-09T08:45:00,Atelier Sud,252.1
2026-07-09T08:45:00,Siège Est,258.4
2026-07-09T08:45:00,Usine Nord,911.1
2026-07-09T09:00:00,Atelier Sud,248.1
2026-07-09T09:00:00,Siège Est,243.8
2026-07-09T09:00:00,Usine Nord,971.0
2026-07-09T09:15:00,Atelier Sud,328.4
2026-07-09T09:15:00,Siège Est,248.8
2026-07-09T09:15:00,Usine Nord,926.0
2026-07-09T09:30:00,Atelier Sud,309.4
2026-07-09T09:30:00,Siège Est,261.0
2026-07-09T09:30:00,Usine Nord,949.3
2026-07-09T09:45:00,Atelier Sud,338.7
2026-07-09T09:45:00,Siège Est,252.7
2026-07-09T09:45:00,Usine Nord,955.1
2026-07-09T10:00:00,Atelier Sud,291.1
2026-07-09T10:00:00,Siège Est,264.7
2026-07-09T10:00:00,Usine Nord,947.2
2026-07-09T10:15:00,Atelier Sud,304.0
2026-07-09T10:15:00,Siège Est,265.1
2026-07-09T10:15:00,Usine Nord,949.2
2026-07-09T10:30:00,Atelier Sud,290.9
2026-07-09T10:30:00,Siège Est,257.8
2026-07-09T10:30:00,Usine Nord,960.0
2026-07-09T10:45:00,Atelier Sud,325.1
2026-07-09T10:45:00,Siège Est,258.3
2026-07-09T10:45:00,Usine Nord,975.3
2026-07-09T11:00:00,Atelier Sud,336.8
2026-07-09T11:00:00,Siège Est,245.8
2026-07-09T11:00:00,Usine Nord,983.2
2026-07-09T11:15:00,Atelier Sud,347.7
2026-07-09T11:15:00,Siège Est,244.1
2026-07-09T11:15:00,Usine Nord,979.7
2026-07-09T11:30:00,Atelier Sud,340.8
2026-07-09T11:30:00,Siège Est,258.7
2026-07-09T11:30:00,Usine Nord,952.8
2026-07-09T11:45:00,Atelier Sud,344.7
2026-07-09T11:45:00,Siège Est,262.2
2026-07-09T11:45:00,Usine Nord,905.8
2026-07-09T12:00:00,Atelier Sud,363.8
2026-07-09T12:00:00,Siège Est,259.8
2026-07-09T12:00:00,Usine Nord,925.4
2026-07-09T12:15:00,Atelier Sud,286.0
2026-07-09T12:15:00,Siège Est,246.3
2026-07-09T12:15:00,Usine Nord,939.2
2026-07-09T12:30:00,Atelier Sud,361.4
2026-07-09T12:30:00,Siège Est,249.9
2026-07-09T12:30:00,Usine Nord,963.7
2026-07-09T12:45:00,Atelier Sud,306.4
2026-07-09T12:45:00,Siège Est,256.2
2026-07-09T12:45:00,Usine Nord,975.7
2026-07-09T13:00:00,Atelier Sud,362.0
2026-07-09T13:00:00,Siège Est,256.7
2026-07-09T13:00:00,Usine Nord,941.4
2026-07-09T13:15:00,Atelier Sud,280.7
2026-07-09T13:15:00,Siège Est,265.9
2026-07-09T13:15:00,Usine Nord,935.1
2026-07-09T13:30:00,Atelier Sud,344.6
2026-07-09T13:30:00,Siège Est,249.7
2026-07-09T13:30:00,Usine Nord,951.9
2026-07-09T13:45:00,Atelier Sud,285.7
2026-07-09T13:45:00,Siège Est,256.9
2026-07-09T13:45:00,Usine Nord,954.3
2026-07-09T14:00:00,Atelier Sud,269.5
2026-07-09T14:00:00,Siège Est,243.2
2026-07-09T14:00:00,Usine Nord,965.0
2026-07-09T14:15:00,Atelier Sud,278.1
2026-07-09T14:15:00,Siège Est,250.7
2026-07-09T14:15:00,Usine Nord,966.7
2026-07-09T14:30:00,Atelier Sud,294.5
2026-07-09T14:30:00,Siège Est,258.8
2026-07-09T14:30:00,Usine Nord,945.2
2026-07-09T14:45:00,Atelier Sud,292.8
2026-07-09T14:45:00,Siège Est,262.5
2026-07-09T14:45:00,Usine Nord,895.5
2026-07-09T15:00:00,Atelier Sud,241.5
2026-07-09T15:00:00,Siège Est,260.8
2026-07-09T15:00:00,Usine Nord,940.6
2026-07-09T15:15:00,Atelier Sud,206.3
2026-07-09T15:15:00,Siège Est,275.8
2026-07-09T15:15:00,Usine Nord,884.6
2026-07-09T15:30:00,Atelier Sud,202.5
2026-07-09T15:30:00,Siège Est,247.7
2026-07-09T15:30:00,Usine Nord,946.1
2026-07-09T15:45:00,Atelier Sud,201.9
2026-07-09T15:45:00,Siège Est,269.5
2026-07-09T15:45:00,Usine Nord,1008.9
2026-07-09T16:00:00,Atelier Sud,180.4
2026-07-09T16:00:00,Siège Est,266.3
2026-07-09T16:00:00,Usine Nord,976.9
2026-07-09T16:15:00,Atelier Sud,176.7
2026-07-09T16:15:00,Siège Est,240.3
2026-07-09T16:15:00,Usine Nord,957.9
2026-07-09T16:30:00,Atelier Sud,151.5
2026-07-09T16:30:00,Siège Est,256.2
2026-07-09T16:30:00,Usine Nord,998.8
2026-07-09T16:45:00,Atelier Sud,138.0
2026-07-09T16:45:00,Siège Est,248.5
2026-07-09T16:45:00,Usine Nord,926.9
2026-07-09T17:00:00,Atelier Sud,136.0
2026-07-09T17:00:00,Siège Est,248.6
2026-07-09T17:00:00,Usine Nord,958.9
2026-07-09T17:15:00,Atelier Sud,138.1
2026-07-09T17:15:00,Siège Est,267.4
2026-07-09T17:15:00,Usine Nord,961.7
2026-07-09T17:30:00,Atelier Sud,103.4
2026-07-09T17:30:00,Siège Est,264.9
2026-07-09T17:30:00,Usine Nord,934.8
2026-07-09T17:45:00,Atelier Sud,80.0
2026-07-09T17:45:00,Siège Est,264.1
2026-07-09T17:45:00,Usine Nord,937.4
2026-07-09T18:00:00,Atelier Sud,66.3
2026-07-09T18:00:00,Siège Est,257.2
2026-07-09T18:00:00,Usine Nord,965.3
2026-07-09T18:15:00,Atelier Sud,76.8
2026-07-09T18:15:00,Siège Est,272.6
2026-07-09T18:15:00,Usine Nord,955.6
2026-07-09T18:30:00,Atelier Sud,80.8
2026-07-09T18:30:00,Siège Est,262.2
2026-07-09T18:30:00,Usine Nord,937.5
2026-07-09T18:45:00,Atelier Sud,73.5
2026-07-09T18:45:00,Siège Est,249.9
2026-07-09T18:45:00,Usine Nord,947.2
2026-07-09T19:00:00,Atelier Sud,54.0
2026-07-09T19:00:00,Siège Est,63.1
2026-07-09T19:00:00,Usine Nord,964.7
2026-07-09T19:15:00,Atelier Sud,64.4
2026-07-09T19:15:00,Siège Est,74.1
2026-07-09T19:15:00,Usine Nord,945.5
2026-07-09T19:30:00,Atelier Sud,74.5
2026-07-09T19:30:00,Siège Est,95.7
2026-07-09T19:30:00,Usine Nord,933.9
2026-07-09T19:45:00,Atelier Sud,52.3
2026-07-09T19:45:00,Siège Est,76.2
2026-07-09T19:45:00,Usine Nord,958.6
2026-07-09T20:00:00,Atelier Sud,67.6
2026-07-09T20:00:00,Siège Est,70.7
2026-07-09T20:00:00,Usine Nord,947.2
2026-07-09T20:15:00,Atelier Sud,64.9
2026-07-09T20:15:00,Siège Est,70.1
2026-07-09T20:15:00,Usine Nord,952.9
2026-07-09T20:30:00,Atelier Sud,83.3
2026-07-09T20:30:00,Siège Est,72.4
2026-07-09T20:30:00,Usine Nord,924.2
2026-07-09T20:45:00,Atelier Sud,86.5
2026-07-09T20:45:00,Siège Est,76.9
2026-07-09T20:45:00,Usine Nord,948.9
2026-07-09T21:00:00,Atelier Sud,57.4
2026-07-09T21:00:00,Siège Est,80.6
2026-07-09T21:00:00,Usine Nord,941.9
2026-07-09T21:15:00,Atelier Sud,91.4
2026-07-09T21:15:00,Siège Est,82.4
2026-07-09T21:15:00,Usine Nord,918.2
2026-07-09T21:30:00,Atelier Sud,93.6
2026-07-09T21:30:00,Siège Est,74.7
2026-07-09T21:30:00,Usine Nord,983.9
2026-07-09T21:45:00,Atelier Sud,64.8
2026-07-09T21:45:00,Siège Est,94.2
2026-07-09T21:45:00,Usine Nord,953.2
2026-07-09T22:00:00,Atelier Sud,68.9
2026-07-09T22:00:00,Siège Est,72.5
2026-07-09T22:00:00,Usine Nord,653.9
2026-07-09T22:15:00,Atelier Sud,63.2
2026-07-09T22:15:00,Siège Est,61.9
2026-07-09T22:15:00,Usine Nord,667.6
2026-07-09T22:30:00,Atelier Sud,61.0
2026-07-09T22:30:00,Siège Est,83.6
2026-07-09T22:30:00,Usine Nord,679.1
2026-07-09T22:45:00,Atelier Sud,50.4
2026-07-09T22:45:00,Siège Est,80.1
2026-07-09T22:45:00,Usine Nord,671.0
2026-07-09T23:00:00,Atelier Sud,33.6
2026-07-09T23:00:00,Siège Est,82.9
2026-07-09T23:00:00,Usine Nord,633.6
2026-07-09T23:15:00,Atelier Sud,73.3
2026-07-09T23:15:00,Siège Est,75.6
2026-07-09T23:15:00,Usine Nord,653.5
2026-07-09T23:30:00,Atelier Sud,94.0
2026-07-09T23:30:00,Siège Est,82.1
2026-07-09T23:30:00,Usine Nord,635.4
2026-07-09T23:45:00,Atelier Sud,54.6
2026-07-09T23:45:00,Siège Est,69.6
2026-07-09T23:45:00,Usine Nord,643.5
2026-07-10T00:00:00,Atelier Sud,79.5
2026-07-10T00:00:00,Siège Est,74.1
2026-07-10T00:00:00,Usine Nord,657.1
2026-07-10T00:15:00,Atelier Sud,62.0
2026-07-10T00:15:00,Siège Est,72.0
2026-07-10T00:15:00,Usine Nord,674.8
2026-07-10T00:30:00,Atelier Sud,73.1
2026-07-10T00:30:00,Siège Est,94.4
2026-07-10T00:30:00,Usine Nord,625.1
2026-07-10T00:45:00,Atelier Sud,68.1
2026-07-10T00:45:00,Siège Est,80.8
2026-07-10T00:45:00,Usine Nord,665.6
2026-07-10T01:00:00,Atelier Sud,78.0
2026-07-10T01:00:00,Siège Est,76.2
2026-07-10T01:00:00,Usine Nord,657.0
2026-07-10T01:15:00,Atelier Sud,78.6
2026-07-10T01:15:00,Siège Est,85.7
2026-07-10T01:15:00,Usine Nord,626.0
2026-07-10T01:30:00,Atelier Sud,79.9
2026-07-10T01:30:00,Siège Est,76.6
2026-07-10T01:30:00,Usine Nord,712.6
2026-07-10T01:45:00,Atelier Sud,82.6
2026-07-10T01:45:00,Siège Est,62.6
2026-07-10T01:45:00,Usine Nord,646.2
2026-07-10T02:00:00,Atelier Sud,89.8
2026-07-10T02:00:00,Siège Est,76.4
2026-07-10T02:00:00,Usine Nord,675.1
2026-07-10T02:15:00,Atelier Sud,56.5
2026-07-10T02:15:00,Siège Est,58.6
2026-07-10T02:15:00,Usine Nord,647.5
2026-07-10T02:30:00,Atelier Sud,63.4
2026-07-10T02:30:00,Siège Est,61.9
2026-07-10T02:30:00,Usine Nord,656.9
2026-07-10T02:45:00,Atelier Sud,87.0
2026-07-10T02:45:00,Siège Est,70.8
2026-07-10T02:45:00,Usine Nord,668.3
2026-07-10T03:00:00,Atelier Sud,58.5
2026-07-10T03:00:00,Siège Est,97.8
2026-07-10T03:00:00,Usine Nord,649.9
2026-07-10T03:15:00,Atelier Sud,85.6
2026-07-10T03:15:00,Siège Est,85.3
2026-07-10T03:15:00,Usine Nord,649.0
2026-07-10T03:30:00,Atelier Sud,73.4
2026-07-10T03:30:00,Siège Est,86.5
2026-07-10T03:30:00,Usine Nord,676.4
2026-07-10T03:45:00,Atelier Sud,87.8
2026-07-10T03:45:00,Siège Est,62.4
2026-07-10T03:45:00,Usine Nord,673.2
2026-07-10T04:00:00,Atelier Sud,74.8
2026-07-10T04:00:00,Siège Est,79.8
2026-07-10T04:00:00,Usine Nord,703.2
2026-07-10T04:15:00,Atelier Sud,70.4
2026-07-10T04:15:00,Siège Est,71.4
2026-07-10T04:15:00,Usine Nord,655.6
2026-07-10T04:30:00,Atelier Sud,72.5
2026-07-10T04:30:00,Siège Est,63.2
2026-07-10T04:30:00,Usine Nord,609.8
2026-07-10T04:45:00,Atelier Sud,48.5
2026-07-10T04:45:00,Siège Est,66.9
2026-07-10T04:45:00,Usine Nord,617.3
2026-07-10T05:00:00,Atelier Sud,78.3
2026-07-10T05:00:00,Siège Est,80.5
2026-07-10T05:00:00,Usine Nord,660.5
2026-07-10T05:15:00,Atelier Sud,73.1
2026-07-10T05:15:00,Siège Est,63.8
2026-07-10T05:15:00,Usine Nord,626.8
2026-07-10T05:30:00,Atelier Sud,85.9
2026-07-10T05:30:00,Siège Est,90.8
2026-07-10T05:30:00,Usine Nord,617.2
2026-07-10T05:45:00,Atelier Sud,78.9
2026-07-10T05:45:00,Siège Est,79.4
2026-07-10T05:45:00,Usine Nord,674.2
2026-07-10T06:00:00,Atelier Sud,58.2
2026-07-10T06:00:00,Siège Est,80.2
2026-07-10T06:00:00,Usine Nord,914.6
2026-07-10T06:15:00,Atelier Sud,95.3
2026-07-10T06:15:00,Siège Est,71.0
2026-07-10T06:15:00,Usine Nord,914.4
2026-07-10T06:30:00,Atelier Sud,125.6
2026-07-10T06:30:00,Siège Est,83.4
2026-07-10T06:30:00,Usine Nord,954.2
2026-07-10T06:45:00,Atelier Sud,142.8
2026-07-10T06:45:00,Siège Est,78.5
2026-07-10T06:45:00,Usine Nord,976.9
2026-07-10T07:00:00,Atelier Sud,178.2
2026-07-10T07:00:00,Siège Est,87.1
2026-07-10T07:00:00,Usine Nord,968.3
2026-07-10T07:15:00,Atelier Sud,181.0
2026-07-10T07:15:00,Siège Est,82.0
2026-07-10T07:15:00,Usine Nord,925.1
2026-07-10T07:30:00,Atelier Sud,190.8
2026-07-10T07:30:00,Siège Est,86.7
2026-07-10T07:30:00,Usine Nord,967.2
2026-07-10T07:45:00,Atelier Sud,184.3
2026-07-10T07:45:00,Siège Est,73.6
2026-07-10T07:45:00,Usine Nord,928.1
2026-07-10T08:00:00,Atelier Sud,234.8
2026-07-10T08:00:00,Siège Est,274.9
2026-07-10T08:00:00,Usine Nord,957.1
2026-07-10T08:15:00,Atelier Sud,267.1
2026-07-10T08:15:00,Siège Est,262.4
2026-07-10T08:15:00,Usine Nord,882.6
2026-07-10T08:30:00,Atelier Sud,251.4
2026-07-10T08:30:00,Siège Est,262.1
2026-07-10T08:30:00,Usine Nord,922.3
2026-07-10T08:45:00,Atelier Sud,227.1
2026-07-10T08:45:00,Siège Est,273.4
2026-07-10T08:45:00,Usine Nord,958.3
2026-07-10T09:00:00,Atelier Sud,251.0
2026-07-10T09:00:00,Siège Est,249.4
2026-07-10T09:00:00,Usine Nord,946.8
2026-07-10T09:15:00,Atelier Sud,289.8
2026-07-10T09:15:00,Siège Est,251.9
2026-07-10T09:15:00,Usine Nord,959.1
2026-07-10T09:30:00,Atelier Sud,296.6
2026-07-10T09:30:00,Siège Est,257.5
2026-07-10T09:30:00,Usine Nord,864.4
2026-07-10T09:45:00,Atelier Sud,294.5
2026-07-10T09:45:00,Siège Est,264.4
2026-07-10T09:45:00,Usine Nord,980.9
2026-07-10T10:00:00,Atelier Sud,277.7
2026-07-10T10:00:00,Siège Est,251.0
2026-07-10T10:00:00,Usine Nord,969.5
2026-07-10T10:15:00,Atelier Sud,286.0
2026-07-10T10:15:00,Siège Est,268.3
2026-07-10T10:15:00,Usine Nord,996.5
2026-07-10T10:30:00,Atelier Sud,326.1
2026-07-10T10:30:00,Siège Est,255.6
2026-07-10T10:30:00,Usine Nord,938.0
2026-07-10T10:45:00,Atelier Sud,289.9
2026-07-10T10:45:00,Siège Est,264.7
2026-07-10T10:45:00,Usine Nord,970.9
2026-07-10T11:00:00,Atelier Sud,364.0
2026-07-10T11:00:00,Siège Est,267.9
2026-07-10T11:00:00,Usine Nord,963.8
2026-07-10T11:15:00,Atelier Sud,294.2
2026-07-10T11:15:00,Siège Est,254.1
2026-07-10T11:15:00,Usine Nord,945.9
2026-07-10T11:30:00,Atelier Sud,365.4
2026-07-10T11:30:00,Siège Est,258.5
2026-07-10T11:30:00,Usine Nord,961.7
2026-07-10T11:45:00,Atelier Sud,380.2
2026-07-10T11:45:00,Siège Est,239.2
2026-07-10T11:45:00,Usine Nord,952.5
2026-07-10T12:00:00,Atelier Sud,339.9
2026-07-10T12:00:00,Siège Est,254.7
2026-07-10T12:00:00,Usine Nord,965.6
2026-07-10T12:15:00,Atelier Sud,363.0
2026-07-10T12:15:00,Siège Est,261.5
2026-07-10T12:15:00,Usine Nord,946.4
2026-07-10T12:30:00,Atelier Sud,338.3
2026-07-10T12:30:00,Siège Est,255.0
2026-07-10T12:30:00,Usine Nord,952.3
2026-07-10T12:45:00,Atelier Sud,369.5
2026-07-10T12:45:00,Siège Est,252.2
2026-07-10T12:45:00,Usine Nord,933.7
2026-07-10T13:00:00,Atelier Sud,298.2
2026-07-10T13:00:00,Siège Est,247.7
2026-07-10T13:00:00,Usine Nord,941.3
2026-07-10T13:15:00,Atelier Sud,317.7
2026-07-10T13:15:00,Siège Est,264.5
2026-07-10T13:15:00,Usine Nord,955.1
2026-07-10T13:30:00,Atelier Sud,289.9
2026-07-10T13:30:00,Siège Est,264.6
2026-07-10T13:30:00,Usine Nord,957.4
2026-07-10T13:45:00,Atelier Sud,321.8
2026-07-10T13:45:00,Siège Est,253.8
2026-07-10T13:45:00,Usine Nord,959.0
2026-07-10T14:00:00,Atelier Sud,277.1
2026-07-10T14:00:00,Siège Est,259.7
2026-07-10T14:00:00,Usine Nord,970.3
2026-07-10T14:15:00,Atelier Sud,303.7
2026-07-10T14:15:00,Siège Est,244.5
2026-07-10T14:15:00,Usine Nord,934.1
2026-07-10T14:30:00,Atelier Sud,233.5
2026-07-10T14:30:00,Siège Est,256.8
2026-07-10T14:30:00,Usine Nord,933.6
2026-07-10T14:45:00,Atelier Sud,295.4
2026-07-10T14:45:00,Siège Est,269.1
2026-07-10T14:45:00,Usine Nord,913.5
2026-07-10T15:00:00,Atelier Sud,223.1
2026-07-10T15:00:00,Siège Est,259.7
2026-07-10T15:00:00,Usine Nord,979.2
2026-07-10T15:15:00,Atelier Sud,259.6
2026-07-10T15:15:00,Siège Est,245.1
2026-07-10T15:15:00,Usine Nord,993.5
2026-07-10T15:30:00,Atelier Sud,221.2
2026-07-10T15:30:00,Siège Est,258.4
2026-07-10T15:30:00,Usine Nord,958.9
2026-07-10T15:45:00,Atelier Sud,228.4
2026-07-10T15:45:00,Siège Est,270.8
2026-07-10T15:45:00,Usine Nord,964.7
2026-07-10T16:00:00,Atelier Sud,200.1
2026-07-10T16:00:00,Siège Est,254.7
2026-07-10T16:00:00,Usine Nord,933.6
2026-07-10T16:15:00,Atelier Sud,156.8
2026-07-10T16:15:00,Siège Est,236.3
2026-07-10T16:15:00,Usine Nord,953.5
2026-07-10T16:30:00,Atelier Sud,161.5
2026-07-10T16:30:00,Siège Est,262.2
2026-07-10T16:30:00,Usine Nord,982.1
2026-07-10T16:45:00,Atelier Sud,155.0
2026-07-10T16:45:00,Siège Est,248.1
2026-07-10T16:45:00,Usine Nord,957.7
2026-07-10T17:00:00,Atelier Sud,165.5
2026-07-10T17:00:00,Siège Est,265.8
2026-07-10T17:00:00,Usine Nord,919.3
2026-07-10T17:15:00,Atelier Sud,105.4
2026-07-10T17:15:00,Siège Est,254.0
2026-07-10T17:15:00,Usine Nord,957.3
2026-07-10T17:30:00,Atelier Sud,112.6
2026-07-10T17:30:00,Siège Est,246.2
2026-07-10T17:30:00,Usine Nord,950.8
2026-07-10T17:45:00,Atelier Sud,97.9
2026-07-10T17:45:00,Siège Est,267.6
2026-07-10T17:45:00,Usine Nord,970.2
2026-07-10T18:00:00,Atelier Sud,87.6
2026-07-10T18:00:00,Siège Est,273.1
2026-07-10T18:00:00,Usine Nord,987.4
2026-07-10T18:15:00,Atelier Sud,93.6
2026-07-10T18:15:00,Siège Est,266.6
2026-07-10T18:15:00,Usine Nord,952.0
2026-07-10T18:30:00,Atelier Sud,58.6
2026-07-10T18:30:00,Siège Est,264.4
2026-07-10T18:30:00,Usine Nord,962.0
2026-07-10T18:45:00,Atelier Sud,72.7
2026-07-10T18:45:00,Siège Est,253.1
2026-07-10T18:45:00,Usine Nord,972.8
2026-07-10T19:00:00,Atelier Sud,76.6
2026-07-10T19:00:00,Siège Est,83.8
2026-07-10T19:00:00,Usine Nord,931.7
2026-07-10T19:15:00,Atelier Sud,81.6
2026-07-10T19:15:00,Siège Est,81.9
2026-07-10T19:15:00,Usine Nord,946.1
2026-07-10T19:30:00,Atelier Sud,86.5
2026-07-10T19:30:00,Siège Est,84.9
2026-07-10T19:30:00,Usine Nord,914.1
2026-07-10T19:45:00,Atelier Sud,84.3
2026-07-10T19:45:00,Siège Est,80.5
2026-07-10T19:45:00,Usine Nord,956.6
2026-07-10T20:00:00,Atelier Sud,61.3
2026-07-10T20:00:00,Siège Est,79.3
2026-07-10T20:00:00,Usine Nord,967.0
2026-07-10T20:15:00,Atelier Sud,56.8
2026-07-10T20:15:00,Siège Est,73.0
2026-07-10T20:15:00,Usine Nord,958.9
2026-07-10T20:30:00,Atelier Sud,72.7
2026-07-10T20:30:00,Siège Est,73.1
2026-07-10T20:30:00,Usine Nord,961.1
2026-07-10T20:45:00,Atelier Sud,80.4
2026-07-10T20:45:00,Siège Est,73.0
2026-07-10T20:45:00,Usine Nord,934.3
2026-07-10T21:00:00,Atelier Sud,52.2
2026-07-10T21:00:00,Siège Est,70.0
2026-07-10T21:00:00,Usine Nord,932.6
2026-07-10T21:15:00,Atelier Sud,68.0
2026-07-10T21:15:00,Siège Est,66.9
2026-07-10T21:15:00,Usine Nord,979.6
2026-07-10T21:30:00,Atelier Sud,76.2
2026-07-10T21:30:00,Siège Est,85.3
2026-07-10T21:30:00,Usine Nord,965.8
2026-07-10T21:45:00,Atelier Sud,73.5
2026-07-10T21:45:00,Siège Est,86.8
2026-07-10T21:45:00,Usine Nord,943.1
2026-07-10T22:00:00,Atelier Sud,86.0
2026-07-10T22:00:00,Siège Est,75.2
2026-07-10T22:00:00,Usine Nord,662.9
2026-07-10T22:15:00,Atelier Sud,58.5
2026-07-10T22:15:00,Siège Est,80.0
2026-07-10T22:15:00,Usine Nord,632.7
2026-07-10T22:30:00,Atelier Sud,77.1
2026-07-10T22:30:00,Siège Est,78.2
2026-07-10T22:30:00,Usine Nord,627.6
2026-07-10T22:45:00,Atelier Sud,69.8
2026-07-10T22:45:00,Siège Est,71.5
2026-07-10T22:45:00,Usine Nord,657.2
2026-07-10T23:00:00,Atelier Sud,100.2
2026-07-10T23:00:00,Siège Est,85.3
2026-07-10T23:00:00,Usine Nord,647.5
2026-07-10T23:15:00,Atelier Sud,48.9
2026-07-10T23:15:00,Siège Est,74.8
2026-07-10T23:15:00,Usine Nord,656.1
2026-07-10T23:30:00,Atelier Sud,88.2
2026-07-10T23:30:00,Siège Est,95.0
2026-07-10T23:30:00,Usine Nord,702.1
2026-07-10T23:45:00,Atelier Sud,50.3
2026-07-10T23:45:00,Siège Est,99.8
2026-07-10T23:45:00,Usine Nord,658.8
2026-07-11T00:00:00,Atelier Sud,78.7
2026-07-11T00:00:00,Siège Est,65.4
2026-07-11T00:00:00,Usine Nord,361.6
2026-07-11T00:15:00,Atelier Sud,74.4
2026-07-11T00:15:00,Siège Est,66.8
2026-07-11T00:15:00,Usine Nord,403.4
2026-07-11T00:30:00,Atelier Sud,54.8
2026-07-11T00:30:00,Siège Est,63.2
2026-07-11T00:30:00,Usine Nord,340.3
2026-07-11T00:45:00,Atelier Sud,60.7
2026-07-11T00:45:00,Siège Est,81.0
2026-07-11T00:45:00,Usine Nord,354.6
2026-07-11T01:00:00,Atelier Sud,74.9
2026-07-11T01:00:00,Siège Est,74.5
2026-07-11T01:00:00,Usine Nord,347.2
2026-07-11T01:15:00,Atelier Sud,84.2
2026-07-11T01:15:00,Siège Est,81.0
2026-07-11T01:15:00,Usine Nord,355.9
2026-07-11T01:30:00,Atelier Sud,76.5
2026-07-11T01:30:00,Siège Est,54.5
2026-07-11T01:30:00,Usine Nord,408.5
2026-07-11T01:45:00,Atelier Sud,54.8
2026-07-11T01:45:00,Siège Est,72.0
2026-07-11T01:45:00,Usine Nord,314.8
2026-07-11T02:00:00,Atelier Sud,65.3
2026-07-11T02:00:00,Siège Est,84.6
2026-07-11T02:00:00,Usine Nord,386.0
2026-07-11T02:15:00,Atelier Sud,94.2
2026-07-11T02:15:00,Siège Est,72.2
2026-07-11T02:15:00,Usine Nord,328.4
2026-07-11T02:30:00,Atelier Sud,68.9
2026-07-11T02:30:00,Siège Est,80.4
2026-07-11T02:30:00,Usine Nord,322.5
2026-07-11T02:45:00,Atelier Sud,41.9
2026-07-11T02:45:00,Siège Est,78.0
2026-07-11T02:45:00,Usine Nord,354.4
2026-07-11T03:00:00,Atelier Sud,60.5
2026-07-11T03:00:00,Siège Est,77.4
2026-07-11T03:00:00,Usine Nord,355.7
2026-07-11T03:15:00,Atelier Sud,51.9
2026-07-11T03:15:00,Siège Est,88.9
2026-07-11T03:15:00,Usine Nord,351.0
2026-07-11T03:30:00,Atelier Sud,53.1
2026-07-11T03:30:00,Siège Est,94.5
2026-07-11T03:30:00,Usine Nord,333.0
2026-07-11T03:45:00,Atelier Sud,87.3
2026-07-11T03:45:00,Siège Est,82.6
2026-07-11T03:45:00,Usine Nord,372.6
2026-07-11T04:00:00,Atelier Sud,63.0
2026-07-11T04:00:00,Siège Est,70.0
2026-07-11T04:00:00,Usine Nord,329.1
2026-07-11T04:15:00,Atelier Sud,63.5
2026-07-11T04:15:00,Siège Est,100.6
2026-07-11T04:15:00,Usine Nord,371.7
2026-07-11T04:30:00,Atelier Sud,72.7
2026-07-11T04:30:00,Siège Est,85.5
2026-07-11T04:30:00,Usine Nord,420.6
2026-07-11T04:45:00,Atelier Sud,66.3
2026-07-11T04:45:00,Siège Est,78.0
2026-07-11T04:45:00,Usine Nord,328.8
2026-07-11T05:00:00,Atelier Sud,63.3
2026-07-11T05:00:00,Siège Est,66.9
2026-07-11T05:00:00,Usine Nord,363.8
2026-07-11T05:15:00,Atelier Sud,48.7
2026-07-11T05:15:00,Siège Est,84.0
2026-07-11T05:15:00,Usine Nord,360.6
2026-07-11T05:30:00,Atelier Sud,59.9
2026-07-11T05:30:00,Siège Est,72.0
2026-07-11T05:30:00,Usine Nord,323.7
2026-07-11T05:45:00,Atelier Sud,78.6
2026-07-11T05:45:00,Siège Est,66.2
2026-07-11T05:45:00,Usine Nord,358.3
2026-07-11T06:00:00,Atelier Sud,77.7
2026-07-11T06:00:00,Siège Est,78.4
2026-07-11T06:00:00,Usine Nord,545.7
2026-07-11T06:15:00,Atelier Sud,66.1
2026-07-11T06:15:00,Siège Est,71.9
2026-07-11T06:15:00,Usine Nord,544.8
2026-07-11T06:30:00,Atelier Sud,59.2
2026-07-11T06:30:00,Siège Est,77.6
2026-07-11T06:30:00,Usine Nord,539.2
2026-07-11T06:45:00,Atelier Sud,66.1
2026-07-11T06:45:00,Siège Est,72.7
2026-07-11T06:45:00,Usine Nord,511.1
2026-07-11T07:00:00,Atelier Sud,87.7
2026-07-11T07:00:00,Siège Est,76.8
2026-07-11T07:00:00,Usine Nord,521.4
2026-07-11T07:15:00,Atelier Sud,69.0
2026-07-11T07:15:00,Siège Est,79.6
2026-07-11T07:15:00,Usine Nord,504.3
2026-07-11T07:30:00,Atelier Sud,74.5
2026-07-11T07:30:00,Siège Est,58.9
2026-07-11T07:30:00,Usine Nord,550.1
2026-07-11T07:45:00,Atelier Sud,85.4
2026-07-11T07:45:00,Siège Est,76.3
2026-07-11T07:45:00,Usine Nord,507.6
2026-07-11T08:00:00,Atelier Sud,52.3
2026-07-11T08:00:00,Siège Est,60.4
2026-07-11T08:00:00,Usine Nord,500.0
2026-07-11T08:15:00,Atelier Sud,55.0
2026-07-11T08:15:00,Siège Est,85.2
2026-07-11T08:15:00,Usine Nord,511.0
2026-07-11T08:30:00,Atelier Sud,60.8
2026-07-11T08:30:00,Siège Est,77.8
2026-07-11T08:30:00,Usine Nord,561.9
2026-07-11T08:45:00,Atelier Sud,59.2
2026-07-11T08:45:00,Siège Est,71.4
2026-07-11T08:45:00,Usine Nord,488.3
2026-07-11T09:00:00,Atelier Sud,58.4
2026-07-11T09:00:00,Siège Est,80.6
2026-07-11T09:00:00,Usine Nord,543.9
2026-07-11T09:15:00,Atelier Sud,29.2
2026-07-11T09:15:00,Siège Est,77.2
2026-07-11T09:15:00,Usine Nord,541.1
2026-07-11T09:30:00,Atelier Sud,15.0
2026-07-11T09:30:00,Siège Est,63.7
2026-07-11T09:30:00,Usine Nord,512.0
2026-07-11T09:45:00,Atelier Sud,70.0
2026-07-11T09:45:00,Siège Est,70.8
2026-07-11T09:45:00,Usine Nord,528.8
2026-07-11T10:00:00,Atelier Sud,41.4
2026-07-11T10:00:00,Siège Est,72.3
2026-07-11T10:00:00,Usine Nord,490.9
2026-07-11T10:15:00,Atelier Sud,15.0
2026-07-11T10:15:00,Siège Est,82.7
2026-07-11T10:15:00,Usine Nord,532.8
2026-07-11T10:30:00,Atelier Sud,32.9
2026-07-11T10:30:00,Siège Est,80.6
2026-07-11T10:30:00,Usine Nord,534.6
2026-07-11T10:45:00,Atelier Sud,15.0
2026-07-11T10:45:00,Siège Est,79.8
2026-07-11T10:45:00,Usine Nord,507.2
2026-07-11T11:00:00,Atelier Sud,53.9
2026-07-11T11:00:00,Siège Est,70.0
2026-07-11T11:00:00,Usine Nord,528.2
2026-07-11T11:15:00,Atelier Sud,63.9
2026-07-11T11:15:00,Siège Est,66.6
2026-07-11T11:15:00,Usine Nord,524.9
2026-07-11T11:30:00,Atelier Sud,36.1
2026-07-11T11:30:00,Siège Est,80.3
2026-07-11T11:30:00,Usine Nord,537.1
2026-07-11T11:45:00,Atelier Sud,15.0
2026-07-11T11:45:00,Siège Est,86.7
2026-07-11T11:45:00,Usine Nord,539.9
2026-07-11T12:00:00,Atelier Sud,15.4
2026-07-11T12:00:00,Siège Est,62.6
2026-07-11T12:00:00,Usine Nord,548.3
2026-07-11T12:15:00,Atelier Sud,22.4
2026-07-11T12:15:00,Siège Est,67.0
2026-07-11T12:15:00,Usine Nord,522.0
2026-07-11T12:30:00,Atelier Sud,15.0
2026-07-11T12:30:00,Siège Est,83.3
2026-07-11T12:30:00,Usine Nord,537.5
2026-07-11T12:45:00,Atelier Sud,15.0
2026-07-11T12:45:00,Siège Est,85.2
2026-07-11T12:45:00,Usine Nord,544.3
2026-07-11T13:00:00,Atelier Sud,15.0
2026-07-11T13:00:00,Siège Est,83.2
2026-07-11T13:00:00,Usine Nord,561.6
2026-07-11T13:15:00,Atelier Sud,51.5
2026-07-11T13:15:00,Siège Est,73.2
2026-07-11T13:15:00,Usine Nord,526.9
2026-07-11T13:30:00,Atelier Sud,15.0
2026-07-11T13:30:00,Siège Est,69.3
2026-07-11T13:30:00,Usine Nord,514.0
2026-07-11T13:45:00,Atelier Sud,15.0
2026-07-11T13:45:00,Siège Est,88.3
2026-07-11T13:45:00,Usine Nord,509.9
2026-07-11T14:00:00,Atelier Sud,15.0
2026-07-11T14:00:00,Siège Est,72.7
2026-07-11T14:00:00,Usine Nord,522.3
2026-07-11T14:15:00,Atelier Sud,15.0
2026-07-11T14:15:00,Siège Est,62.0
2026-07-11T14:15:00,Usine Nord,486.0
2026-07-11T14:30:00,Atelier Sud,37.6
2026-07-11T14:30:00,Siège Est,80.7
2026-07-11T14:30:00,Usine Nord,500.6
2026-07-11T14:45:00,Atelier Sud,39.2
2026-07-11T14:45:00,Siège Est,79.7
2026-07-11T14:45:00,Usine Nord,539.6
2026-07-11T15:00:00,Atelier Sud,59.0
2026-07-11T15:00:00,Siège Est,80.8
2026-07-11T15:00:00,Usine Nord,569.6
2026-07-11T15:15:00,Atelier Sud,50.8
2026-07-11T15:15:00,Siège Est,73.2
2026-07-11T15:15:00,Usine Nord,555.2
2026-07-11T15:30:00,Atelier Sud,15.6
2026-07-11T15:30:00,Siège Est,79.1
2026-07-11T15:30:00,Usine Nord,510.9
2026-07-11T15:45:00,Atelier Sud,15.0
2026-07-11T15:45:00,Siège Est,87.8
2026-07-11T15:45:00,Usine Nord,551.8
2026-07-11T16:00:00,Atelier Sud,20.4
2026-07-11T16:00:00,Siège Est,61.9
2026-07-11T16:00:00,Usine Nord,532.5
2026-07-11T16:15:00,Atelier Sud,52.5
2026-07-11T16:15:00,Siège Est,75.6
2026-07-11T16:15:00,Usine Nord,513.2
2026-07-11T16:30:00,Atelier Sud,35.2
2026-07-11T16:30:00,Siège Est,95.0
2026-07-11T16:30:00,Usine Nord,554.4
2026-07-11T16:45:00,Atelier Sud,62.1
2026-07-11T16:45:00,Siège Est,73.0
2026-07-11T16:45:00,Usine Nord,545.1
2026-07-11T17:00:00,Atelier Sud,72.5
2026-07-11T17:00:00,Siège Est,69.5
2026-07-11T17:00:00,Usine Nord,544.8
2026-07-11T17:15:00,Atelier Sud,65.1
2026-07-11T17:15:00,Siège Est,66.0
2026-07-11T17:15:00,Usine Nord,537.7
2026-07-11T17:30:00,Atelier Sud,49.5
2026-07-11T17:30:00,Siège Est,82.2
2026-07-11T17:30:00,Usine Nord,546.7
2026-07-11T17:45:00,Atelier Sud,43.3
2026-07-11T17:45:00,Siège Est,89.7
2026-07-11T17:45:00,Usine Nord,518.3
2026-07-11T18:00:00,Atelier Sud,64.7
2026-07-11T18:00:00,Siège Est,74.4
2026-07-11T18:00:00,Usine Nord,518.2
2026-07-11T18:15:00,Atelier Sud,86.3
2026-07-11T18:15:00,Siège Est,77.3
2026-07-11T18:15:00,Usine Nord,511.7
2026-07-11T18:30:00,Atelier Sud,83.1
2026-07-11T18:30:00,Siège Est,81.6
2026-07-11T18:30:00,Usine Nord,545.0
2026-07-11T18:45:00,Atelier Sud,64.2
2026-07-11T18:45:00,Siège Est,76.3
2026-07-11T18:45:00,Usine Nord,535.6
2026-07-11T19:00:00,Atelier Sud,79.3
2026-07-11T19:00:00,Siège Est,79.4
2026-07-11T19:00:00,Usine Nord,546.8
2026-07-11T19:15:00,Atelier Sud,83.4
2026-07-11T19:15:00,Siège Est,85.9
2026-07-11T19:15:00,Usine Nord,517.7
2026-07-11T19:30:00,Atelier Sud,61.1
2026-07-11T19:30:00,Siège Est,73.7
2026-07-11T19:30:00,Usine Nord,518.9
2026-07-11T19:45:00,Atelier Sud,60.6
2026-07-11T19:45:00,Siège Est,79.5
2026-07-11T19:45:00,Usine Nord,524.7
2026-07-11T20:00:00,Atelier Sud,69.4
2026-07-11T20:00:00,Siège Est,67.2
2026-07-11T20:00:00,Usine Nord,525.4
2026-07-11T20:15:00,Atelier Sud,74.0
2026-07-11T20:15:00,Siège Est,70.4
2026-07-11T20:15:00,Usine Nord,519.9
2026-07-11T20:30:00,Atelier Sud,97.4
2026-07-11T20:30:00,Siège Est,79.3
2026-07-11T20:30:00,Usine Nord,556.8
2026-07-11T20:45:00,Atelier Sud,76.8
2026-07-11T20:45:00,Siège Est,92.7
2026-07-11T20:45:00,Usine Nord,529.3
2026-07-11T21:00:00,Atelier Sud,68.3
2026-07-11T21:00:00,Siège Est,81.4
2026-07-11T21:00:00,Usine Nord,466.8
2026-07-11T21:15:00,Atelier Sud,90.1
2026-07-11T21:15:00,Siège Est,74.5
2026-07-11T21:15:00,Usine Nord,511.4
2026-07-11T21:30:00,Atelier Sud,63.7
2026-07-11T21:30:00,Siège Est,85.4
2026-07-11T21:30:00,Usine Nord,530.7
2026-07-11T21:45:00,Atelier Sud,57.5
2026-07-11T21:45:00,Siège Est,73.6
2026-07-11T21:45:00,Usine Nord,528.6
2026-07-11T22:00:00,Atelier Sud,71.4
2026-07-11T22:00:00,Siège Est,64.5
2026-07-11T22:00:00,Usine Nord,360.6
2026-07-11T22:15:00,Atelier Sud,55.8
2026-07-11T22:15:00,Siège Est,74.6
2026-07-11T22:15:00,Usine Nord,354.5
2026-07-11T22:30:00,Atelier Sud,38.1
2026-07-11T22:30:00,Siège Est,78.3
2026-07-11T22:30:00,Usine Nord,393.2
2026-07-11T22:45:00,Atelier Sud,75.9
2026-07-11T22:45:00,Siège Est,89.6
2026-07-11T22:45:00,Usine Nord,341.4
2026-07-11T23:00:00,Atelier Sud,56.0
2026-07-11T23:00:00,Siège Est,65.8
2026-07-11T23:00:00,Usine Nord,376.3
2026-07-11T23:15:00,Atelier Sud,57.6
2026-07-11T23:15:00,Siège Est,83.1
2026-07-11T23:15:00,Usine Nord,380.2
2026-07-11T23:30:00,Atelier Sud,72.6
2026-07-11T23:30:00,Siège Est,83.0
2026-07-11T23:30:00,Usine Nord,381.1
2026-07-11T23:45:00,Atelier Sud,88.1
2026-07-11T23:45:00,Siège Est,74.2
2026-07-11T23:45:00,Usine Nord,408.3
2026-07-12T00:00:00,Atelier Sud,72.3
2026-07-12T00:00:00,Siège Est,66.2
2026-07-12T00:00:00,Usine Nord,339.9
2026-07-12T00:15:00,Atelier Sud,66.4
2026-07-12T00:15:00,Siège Est,82.5
2026-07-12T00:15:00,Usine Nord,345.2
2026-07-12T00:30:00,Atelier Sud,51.0
2026-07-12T00:30:00,Siège Est,86.6
2026-07-12T00:30:00,Usine Nord,368.1
2026-07-12T00:45:00,Atelier Sud,64.0
2026-07-12T00:45:00,Siège Est,74.1
2026-07-12T00:45:00,Usine Nord,371.5
2026-07-12T01:00:00,Atelier Sud,71.5
2026-07-12T01:00:00,Siège Est,86.0
2026-07-12T01:00:00,Usine Nord,372.4
2026-07-12T01:15:00,Atelier Sud,84.5
2026-07-12T01:15:00,Siège Est,89.1
2026-07-12T01:15:00,Usine Nord,344.7
2026-07-12T01:30:00,Atelier Sud,84.8
2026-07-12T01:30:00,Siège Est,92.2
2026-07-12T01:30:00,Usine Nord,351.2
2026-07-12T01:45:00,Atelier Sud,83.4
2026-07-12T01:45:00,Siège Est,73.1
2026-07-12T01:45:00,Usine Nord,394.6
2026-07-12T02:00:00,Atelier Sud,66.5
2026-07-12T02:00:00,Siège Est,67.3
2026-07-12T02:00:00,Usine Nord,374.8
2026-07-12T02:15:00,Atelier Sud,58.8
2026-07-12T02:15:00,Siège Est,83.2
2026-07-12T02:15:00,Usine Nord,374.8
2026-07-12T02:30:00,Atelier Sud,57.7
2026-07-12T02:30:00,Siège Est,72.7
2026-07-12T02:30:00,Usine Nord,378.6
2026-07-12T02:45:00,Atelier Sud,75.8
2026-07-12T02:45:00,Siège Est,52.5
2026-07-12T02:45:00,Usine Nord,399.9
2026-07-12T03:00:00,Atelier Sud,53.5
2026-07-12T03:00:00,Siège Est,72.7
2026-07-12T03:00:00,Usine Nord,356.7
2026-07-12T03:15:00,Atelier Sud,67.6
2026-07-12T03:15:00,Siège Est,67.3
2026-07-12T03:15:00,Usine Nord,366.9
2026-07-12T03:30:00,Atelier Sud,80.5
2026-07-12T03:30:00,Siège Est,82.3
2026-07-12T03:30:00,Usine Nord,324.7
2026-07-12T03:45:00,Atelier Sud,75.7
2026-07-12T03:45:00,Siège Est,83.7
2026-07-12T03:45:00,Usine Nord,352.3
2026-07-12T04:00:00,Atelier Sud,71.5
2026-07-12T04:00:00,Siège Est,74.2
2026-07-12T04:00:00,Usine Nord,366.9
2026-07-12T04:15:00,Atelier Sud,55.9
2026-07-12T04:15:00,Siège Est,70.5
2026-07-12T04:15:00,Usine Nord,374.0
2026-07-12T04:30:00,Atelier Sud,76.4
2026-07-12T04:30:00,Siège Est,86.5
2026-07-12T04:30:00,Usine Nord,343.8
2026-07-12T04:45:00,Atelier Sud,76.7
2026-07-12T04:45:00,Siège Est,72.8
2026-07-12T04:45:00,Usine Nord,329.7
2026-07-12T05:00:00,Atelier Sud,80.2
2026-07-12T05:00:00,Siège Est,79.0
2026-07-12T05:00:00,Usine Nord,341.1
2026-07-12T05:15:00,Atelier Sud,67.1
2026-07-12T05:15:00,Siège Est,82.4
2026-07-12T05:15:00,Usine Nord,313.1
2026-07-12T05:30:00,Atelier Sud,65.5
2026-07-12T05:30:00,Siège Est,77.8
2026-07-12T05:30:00,Usine Nord,335.9
2026-07-12T05:45:00,Atelier Sud,54.9
2026-07-12T05:45:00,Siège Est,70.7
2026-07-12T05:45:00,Usine Nord,356.4
2026-07-12T06:00:00,Atelier Sud,51.2
2026-07-12T06:00:00,Siège Est,94.3
2026-07-12T06:00:00,Usine Nord,535.8
2026-07-12T06:15:00,Atelier Sud,75.0
2026-07-12T06:15:00,Siège Est,65.6
2026-07-12T06:15:00,Usine Nord,557.9
2026-07-12T06:30:00,Atelier Sud,75.7
2026-07-12T06:30:00,Siège Est,68.0
2026-07-12T06:30:00,Usine Nord,529.0
2026-07-12T06:45:00,Atelier Sud,75.2
2026-07-12T06:45:00,Siège Est,76.6
2026-07-12T06:45:00,Usine Nord,508.3
2026-07-12T07:00:00,Atelier Sud,69.1
2026-07-12T07:00:00,Siège Est,81.1
2026-07-12T07:00:00,Usine Nord,529.9
2026-07-12T07:15:00,Atelier Sud,97.7
2026-07-12T07:15:00,Siège Est,65.7
2026-07-12T07:15:00,Usine Nord,517.0
2026-07-12T07:30:00,Atelier Sud,55.6
2026-07-12T07:30:00,Siège Est,73.8
2026-07-12T07:30:00,Usine Nord,548.5
2026-07-12T07:45:00,Atelier Sud,78.9
2026-07-12T07:45:00,Siège Est,70.7
2026-07-12T07:45:00,Usine Nord,548.9
2026-07-12T08:00:00,Atelier Sud,62.5
2026-07-12T08:00:00,Siège Est,71.0
2026-07-12T08:00:00,Usine Nord,488.3
2026-07-12T08:15:00,Atelier Sud,68.0
2026-07-12T08:15:00,Siège Est,87.6
2026-07-12T08:15:00,Usine Nord,519.1
2026-07-12T08:30:00,Atelier Sud,33.9
2026-07-12T08:30:00,Siège Est,66.0
2026-07-12T08:30:00,Usine Nord,571.1
2026-07-12T08:45:00,Atelier Sud,25.3
2026-07-12T08:45:00,Siège Est,88.9
2026-07-12T08:45:00,Usine Nord,552.0
2026-07-12T09:00:00,Atelier Sud,63.3
2026-07-12T09:00:00,Siège Est,78.6
2026-07-12T09:00:00,Usine Nord,520.6
2026-07-12T09:15:00,Atelier Sud,70.1
2026-07-12T09:15:00,Siège Est,79.3
2026-07-12T09:15:00,Usine Nord,456.6
2026-07-12T09:30:00,Atelier Sud,56.5
2026-07-12T09:30:00,Siège Est,71.0
2026-07-12T09:30:00,Usine Nord,540.3
2026-07-12T09:45:00,Atelier Sud,64.8
2026-07-12T09:45:00,Siège Est,55.8
2026-07-12T09:45:00,Usine Nord,533.6
2026-07-12T10:00:00,Atelier Sud,15.0
2026-07-12T10:00:00,Siège Est,69.1
2026-07-12T10:00:00,Usine Nord,521.6
2026-07-12T10:15:00,Atelier Sud,70.0
2026-07-12T10:15:00,Siège Est,72.9
2026-07-12T10:15:00,Usine Nord,542.9
2026-07-12T10:30:00,Atelier Sud,28.3
2026-07-12T10:30:00,Siège Est,67.5
2026-07-12T10:30:00,Usine Nord,531.1
2026-07-12T10:45:00,Atelier Sud,15.0
2026-07-12T10:45:00,Siège Est,70.3
2026-07-12T10:45:00,Usine Nord,537.7
2026-07-12T11:00:00,Atelier Sud,18.8
2026-07-12T11:00:00,Siège Est,76.1
2026-07-12T11:00:00,Usine Nord,519.3
2026-07-12T11:15:00,Atelier Sud,15.0
2026-07-12T11:15:00,Siège Est,101.3
2026-07-12T11:15:00,Usine Nord,521.0
2026-07-12T11:30:00,Atelier Sud,32.6
2026-07-12T11:30:00,Siège Est,69.6
2026-07-12T11:30:00,Usine Nord,533.3
2026-07-12T11:45:00,Atelier Sud,40.9
2026-07-12T11:45:00,Siège Est,75.0
2026-07-12T11:45:00,Usine Nord,517.4
2026-07-12T12:00:00,Atelier Sud,15.0
2026-07-12T12:00:00,Siège Est,78.0
2026-07-12T12:00:00,Usine Nord,498.2
2026-07-12T12:15:00,Atelier Sud,38.7
2026-07-12T12:15:00,Siège Est,73.5
2026-07-12T12:15:00,Usine Nord,496.8
2026-07-12T12:30:00,Atelier Sud,15.7
2026-07-12T12:30:00,Siège Est,55.5
2026-07-12T12:30:00,Usine Nord,530.6
2026-07-12T12:45:00,Atelier Sud,15.0
2026-07-12T12:45:00,Siège Est,81.5
2026-07-12T12:45:00,Usine Nord,505.8
2026-07-12T13:00:00,Atelier Sud,15.0
2026-07-12T13:00:00,Siège Est,80.4
2026-07-12T13:00:00,Usine Nord,504.9
2026-07-12T13:15:00,Atelier Sud,15.0
2026-07-12T13:15:00,Siège Est,83.9
2026-07-12T13:15:00,Usine Nord,509.1
2026-07-12T13:30:00,Atelier Sud,15.0
2026-07-12T13:30:00,Siège Est,73.7
2026-07-12T13:30:00,Usine Nord,539.3
2026-07-12T13:45:00,Atelier Sud,15.0
2026-07-12T13:45:00,Siège Est,74.7
2026-07-12T13:45:00,Usine Nord,477.2
2026-07-12T14:00:00,Atelier Sud,57.3
2026-07-12T14:00:00,Siège Est,81.4
2026-07-12T14:00:00,Usine Nord,468.9
2026-07-12T14:15:00,Atelier Sud,15.0
2026-07-12T14:15:00,Siège Est,56.8
2026-07-12T14:15:00,Usine Nord,528.1
2026-07-12T14:30:00,Atelier Sud,15.0
2026-07-12T14:30:00,Siège Est,73.9
2026-07-12T14:30:00,Usine Nord,519.1
2026-07-12T14:45:00,Atelier Sud,16.7
2026-07-12T14:45:00,Siège Est,51.2
2026-07-12T14:45:00,Usine Nord,556.8
2026-07-12T15:00:00,Atelier Sud,16.8
2026-07-12T15:00:00,Siège Est,67.6
2026-07-12T15:00:00,Usine Nord,516.9
2026-07-12T15:15:00,Atelier Sud,15.0
2026-07-12T15:15:00,Siège Est,78.4
2026-07-12T15:15:00,Usine Nord,491.0
2026-07-12T15:30:00,Atelier Sud,15.0
2026-07-12T15:30:00,Siège Est,79.4
2026-07-12T15:30:00,Usine Nord,529.6
2026-07-12T15:45:00,Atelier Sud,18.4
2026-07-12T15:45:00,Siège Est,67.0
2026-07-12T15:45:00,Usine Nord,530.4
2026-07-12T16:00:00,Atelier Sud,24.6
2026-07-12T16:00:00,Siège Est,80.0
2026-07-12T16:00:00,Usine Nord,531.1
2026-07-12T16:15:00,Atelier Sud,15.0
2026-07-12T16:15:00,Siège Est,62.5
2026-07-12T16:15:00,Usine Nord,531.3
2026-07-12T16:30:00,Atelier Sud,49.7
2026-07-12T16:30:00,Siège Est,77.5
2026-07-12T16:30:00,Usine Nord,571.5
2026-07-12T16:45:00,Atelier Sud,32.1
2026-07-12T16:45:00,Siège Est,72.8
2026-07-12T16:45:00,Usine Nord,515.5
2026-07-12T17:00:00,Atelier Sud,61.6
2026-07-12T17:00:00,Siège Est,72.6
2026-07-12T17:00:00,Usine Nord,532.1
2026-07-12T17:15:00,Atelier Sud,71.8
2026-07-12T17:15:00,Siège Est,76.1
2026-07-12T17:15:00,Usine Nord,522.3
2026-07-12T17:30:00,Atelier Sud,58.5
2026-07-12T17:30:00,Siège Est,85.5
2026-07-12T17:30:00,Usine Nord,485.1
2026-07-12T17:45:00,Atelier Sud,69.3
2026-07-12T17:45:00,Siège Est,94.2
2026-07-12T17:45:00,Usine Nord,496.4
2026-07-12T18:00:00,Atelier Sud,77.1
2026-07-12T18:00:00,Siège Est,70.6
2026-07-12T18:00:00,Usine Nord,502.9
2026-07-12T18:15:00,Atelier Sud,81.8
2026-07-12T18:15:00,Siège Est,62.2
2026-07-12T18:15:00,Usine Nord,515.9
2026-07-12T18:30:00,Atelier Sud,58.5
2026-07-12T18:30:00,Siège Est,77.2
2026-07-12T18:30:00,Usine Nord,496.0
2026-07-12T18:45:00,Atelier Sud,60.6
2026-07-12T18:45:00,Siège Est,75.8
2026-07-12T18:45:00,Usine Nord,554.2
2026-07-12T19:00:00,Atelier Sud,84.7
2026-07-12T19:00:00,Siège Est,77.1
2026-07-12T19:00:00,Usine Nord,520.7
2026-07-12T19:15:00,Atelier Sud,96.5
2026-07-12T19:15:00,Siège Est,82.6
2026-07-12T19:15:00,Usine Nord,501.2
2026-07-12T19:30:00,Atelier Sud,74.6
2026-07-12T19:30:00,Siège Est,74.0
2026-07-12T19:30:00,Usine Nord,506.5
2026-07-12T19:45:00,Atelier Sud,74.0
2026-07-12T19:45:00,Siège Est,85.4
2026-07-12T19:45:00,Usine Nord,523.8
2026-07-12T20:00:00,Atelier Sud,47.0
2026-07-12T20:00:00,Siège Est,71.2
2026-07-12T20:00:00,Usine Nord,508.7
2026-07-12T20:15:00,Atelier Sud,88.4
2026-07-12T20:15:00,Siège Est,83.2
2026-07-12T20:15:00,Usine Nord,498.8
2026-07-12T20:30:00,Atelier Sud,75.0
2026-07-12T20:30:00,Siège Est,84.3
2026-07-12T20:30:00,Usine Nord,495.2
2026-07-12T20:45:00,Atelier Sud,61.6
2026-07-12T20:45:00,Siège Est,71.3
2026-07-12T20:45:00,Usine Nord,521.9
2026-07-12T21:00:00,Atelier Sud,79.2
2026-07-12T21:00:00,Siège Est,71.6
2026-07-12T21:00:00,Usine Nord,560.9
2026-07-12T21:15:00,Atelier Sud,64.4
2026-07-12T21:15:00,Siège Est,82.3
2026-07-12T21:15:00,Usine Nord,461.1
2026-07-12T21:30:00,Atelier Sud,67.9
2026-07-12T21:30:00,Siège Est,78.1
2026-07-12T21:30:00,Usine Nord,513.7
2026-07-12T21:45:00,Atelier Sud,71.3
2026-07-12T21:45:00,Siège Est,81.7
2026-07-12T21:45:00,Usine Nord,522.9
2026-07-12T22:00:00,Atelier Sud,79.1
2026-07-12T22:00:00,Siège Est,82.8
2026-07-12T22:00:00,Usine Nord,338.1
2026-07-12T22:15:00,Atelier Sud,97.7
2026-07-12T22:15:00,Siège Est,85.9
2026-07-12T22:15:00,Usine Nord,405.3
2026-07-12T22:30:00,Atelier Sud,72.7
2026-07-12T22:30:00,Siège Est,77.5
2026-07-12T22:30:00,Usine Nord,359.9
2026-07-12T22:45:00,Atelier Sud,59.2
2026-07-12T22:45:00,Siège Est,82.1
2026-07-12T22:45:00,Usine Nord,318.4
2026-07-12T23:00:00,Atelier Sud,75.5
2026-07-12T23:00:00,Siège Est,79.5
2026-07-12T23:00:00,Usine Nord,361.8
2026-07-12T23:15:00,Atelier Sud,61.8
2026-07-12T23:15:00,Siège Est,82.9
2026-07-12T23:15:00,Usine Nord,329.8
2026-07-12T23:30:00,Atelier Sud,56.8
2026-07-12T23:30:00,Siège Est,76.0
2026-07-12T23:30:00,Usine Nord,373.6
2026-07-12T23:45:00,Atelier Sud,56.2
2026-07-12T23:45:00,Siège Est,80.9
2026-07-12T23:45:00,Usine Nord,356.3
2026-07-13T00:00:00,Atelier Sud,63.1
2026-07-13T00:00:00,Siège Est,72.2
2026-07-13T00:00:00,Usine Nord,674.0
2026-07-13T00:15:00,Atelier Sud,40.6
2026-07-13T00:15:00,Siège Est,72.5
2026-07-13T00:15:00,Usine Nord,626.5
2026-07-13T00:30:00,Atelier Sud,72.2
2026-07-13T00:30:00,Siège Est,88.1
2026-07-13T00:30:00,Usine Nord,656.2
2026-07-13T00:45:00,Atelier Sud,60.8
2026-07-13T00:45:00,Siège Est,90.2
2026-07-13T00:45:00,Usine Nord,683.8
2026-07-13T01:00:00,Atelier Sud,84.6
2026-07-13T01:00:00,Siège Est,67.7
2026-07-13T01:00:00,Usine Nord,642.1
2026-07-13T01:15:00,Atelier Sud,52.7
2026-07-13T01:15:00,Siège Est,90.0
2026-07-13T01:15:00,Usine Nord,625.1
2026-07-13T01:30:00,Atelier Sud,66.4
2026-07-13T01:30:00,Siège Est,80.8
2026-07-13T01:30:00,Usine Nord,639.8
2026-07-13T01:45:00,Atelier Sud,52.9
2026-07-13T01:45:00,Siège Est,88.0
2026-07-13T01:45:00,Usine Nord,652.6
2026-07-13T02:00:00,Atelier Sud,68.4
2026-07-13T02:00:00,Siège Est,80.5
2026-07-13T02:00:00,Usine Nord,639.5
2026-07-13T02:15:00,Atelier Sud,64.7
2026-07-13T02:15:00,Siège Est,83.9
2026-07-13T02:15:00,Usine Nord,657.5
2026-07-13T02:30:00,Atelier Sud,81.4
2026-07-13T02:30:00,Siège Est,69.5
2026-07-13T02:30:00,Usine Nord,672.9
2026-07-13T02:45:00,Atelier Sud,74.2
2026-07-13T02:45:00,Siège Est,81.7
2026-07-13T02:45:00,Usine Nord,629.1
2026-07-13T03:00:00,Atelier Sud,76.0
2026-07-13T03:00:00,Siège Est,59.4
2026-07-13T03:00:00,Usine Nord,613.3
2026-07-13T03:15:00,Atelier Sud,59.5
2026-07-13T03:15:00,Siège Est,52.6
2026-07-13T03:15:00,Usine Nord,627.6
2026-07-13T03:30:00,Atelier Sud,67.7
2026-07-13T03:30:00,Siège Est,76.1
2026-07-13T03:30:00,Usine Nord,612.0
2026-07-13T03:45:00,Atelier Sud,59.0
2026-07-13T03:45:00,Siège Est,82.0
2026-07-13T03:45:00,Usine Nord,630.3
2026-07-13T04:00:00,Atelier Sud,59.9
2026-07-13T04:00:00,Siège Est,73.3
2026-07-13T04:00:00,Usine Nord,641.6
2026-07-13T04:15:00,Atelier Sud,56.9
2026-07-13T04:15:00,Siège Est,86.6
2026-07-13T04:15:00,Usine Nord,609.5
2026-07-13T04:30:00,Atelier Sud,62.2
2026-07-13T04:30:00,Siège Est,84.0
2026-07-13T04:30:00,Usine Nord,647.9
2026-07-13T04:45:00,Atelier Sud,66.6
2026-07-13T04:45:00,Siège Est,80.0
2026-07-13T04:45:00,Usine Nord,645.6
2026-07-13T05:00:00,Atelier Sud,46.5
2026-07-13T05:00:00,Siège Est,78.6
2026-07-13T05:00:00,Usine Nord,611.4
2026-07-13T05:15:00,Atelier Sud,73.6
2026-07-13T05:15:00,Siège Est,74.1
2026-07-13T05:15:00,Usine Nord,636.9
2026-07-13T05:30:00,Atelier Sud,65.0
2026-07-13T05:30:00,Siège Est,73.2
2026-07-13T05:30:00,Usine Nord,610.0
2026-07-13T05:45:00,Atelier Sud,68.0
2026-07-13T05:45:00,Siège Est,79.3
2026-07-13T05:45:00,Usine Nord,659.1
2026-07-13T06:00:00,Atelier Sud,91.1
2026-07-13T06:00:00,Siège Est,63.5
2026-07-13T06:00:00,Usine Nord,941.0
2026-07-13T06:15:00,Atelier Sud,138.0
2026-07-13T06:15:00,Siège Est,73.3
2026-07-13T06:15:00,Usine Nord,957.5
2026-07-13T06:30:00,Atelier Sud,89.6
2026-07-13T06:30:00,Siège Est,67.5
2026-07-13T06:30:00,Usine Nord,977.8
2026-07-13T06:45:00,Atelier Sud,131.1
2026-07-13T06:45:00,Siège Est,76.6
2026-07-13T06:45:00,Usine Nord,961.6
2026-07-13T07:00:00,Atelier Sud,159.0
2026-07-13T07:00:00,Siège Est,83.1
2026-07-13T07:00:00,Usine Nord,946.7
2026-07-13T07:15:00,Atelier Sud,168.5
2026-07-13T07:15:00,Siège Est,90.9
2026-07-13T07:15:00,Usine Nord,953.4
2026-07-13T07:30:00,Atelier Sud,200.8
2026-07-13T07:30:00,Siège Est,73.8
2026-07-13T07:30:00,Usine Nord,936.4
2026-07-13T07:45:00,Atelier Sud,207.5
2026-07-13T07:45:00,Siège Est,65.4
2026-07-13T07:45:00,Usine Nord,945.9
2026-07-13T08:00:00,Atelier Sud,229.0
2026-07-13T08:00:00,Siège Est,274.9
2026-07-13T08:00:00,Usine Nord,985.0
2026-07-13T08:15:00,Atelier Sud,232.2
2026-07-13T08:15:00,Siège Est,257.6
2026-07-13T08:15:00,Usine Nord,933.9
2026-07-13T08:30:00,Atelier Sud,256.9
2026-07-13T08:30:00,Siège Est,271.1
2026-07-13T08:30:00,Usine Nord,944.1
2026-07-13T08:45:00,Atelier Sud,263.8
2026-07-13T08:45:00,Siège Est,277.4
2026-07-13T08:45:00,Usine Nord,951.6
2026-07-13T09:00:00,Atelier Sud,284.3
2026-07-13T09:00:00,Siège Est,245.0
2026-07-13T09:00:00,Usine Nord,954.3
2026-07-13T09:15:00,Atelier Sud,261.3
2026-07-13T09:15:00,Siège Est,259.0
2026-07-13T09:15:00,Usine Nord,962.6
2026-07-13T09:30:00,Atelier Sud,306.8
2026-07-13T09:30:00,Siège Est,256.5
2026-07-13T09:30:00,Usine Nord,921.2
2026-07-13T09:45:00,Atelier Sud,293.8
2026-07-13T09:45:00,Siège Est,255.0
2026-07-13T09:45:00,Usine Nord,935.3
2026-07-13T10:00:00,Atelier Sud,320.8
2026-07-13T10:00:00,Siège Est,253.2
2026-07-13T10:00:00,Usine Nord,944.4
2026-07-13T10:15:00,Atelier Sud,331.5
2026-07-13T10:15:00,Siège Est,261.1
2026-07-13T10:15:00,Usine Nord,952.6
2026-07-13T10:30:00,Atelier Sud,298.7
2026-07-13T10:30:00,Siège Est,254.8
2026-07-13T10:30:00,Usine Nord,960.0
2026-07-13T10:45:00,Atelier Sud,310.5
2026-07-13T10:45:00,Siège Est,265.4
2026-07-13T10:45:00,Usine Nord,955.3
2026-07-13T11:00:00,Atelier Sud,303.9
2026-07-13T11:00:00,Siège Est,260.6
2026-07-13T11:00:00,Usine Nord,947.8
2026-07-13T11:15:00,Atelier Sud,287.9
2026-07-13T11:15:00,Siège Est,260.3
2026-07-13T11:15:00,Usine Nord,926.3
2026-07-13T11:30:00,Atelier Sud,289.5
2026-07-13T11:30:00,Siège Est,262.2
2026-07-13T11:30:00,Usine Nord,921.3
2026-07-13T11:45:00,Atelier Sud,343.4
2026-07-13T11:45:00,Siège Est,257.2
2026-07-13T11:45:00,Usine Nord,920.4
2026-07-13T12:00:00,Atelier Sud,333.5
2026-07-13T12:00:00,Siège Est,259.6
2026-07-13T12:00:00,Usine Nord,964.2
2026-07-13T12:15:00,Atelier Sud,342.4
2026-07-13T12:15:00,Siège Est,257.8
2026-07-13T12:15:00,Usine Nord,980.3
2026-07-13T12:30:00,Atelier Sud,269.4
2026-07-13T12:30:00,Siège Est,255.7
2026-07-13T12:30:00,Usine Nord,927.8
2026-07-13T12:45:00,Atelier Sud,359.2
2026-07-13T12:45:00,Siège Est,266.5
2026-07-13T12:45:00,Usine Nord,915.9
2026-07-13T13:00:00,Atelier Sud,368.3
2026-07-13T13:00:00,Siège Est,269.6
2026-07-13T13:00:00,Usine Nord,938.1
2026-07-13T13:15:00,Atelier Sud,292.8
2026-07-13T13:15:00,Siège Est,271.3
2026-07-13T13:15:00,Usine Nord,950.8
2026-07-13T13:30:00,Atelier Sud,348.0
2026-07-13T13:30:00,Siège Est,268.5
2026-07-13T13:30:00,Usine Nord,934.2
2026-07-13T13:45:00,Atelier Sud,310.8
2026-07-13T13:45:00,Siège Est,256.6
2026-07-13T13:45:00,Usine Nord,940.9
2026-07-13T14:00:00,Atelier Sud,312.5
2026-07-13T14:00:00,Siège Est,243.7
2026-07-13T14:00:00,Usine Nord,960.4
2026-07-13T14:15:00,Atelier Sud,271.4
2026-07-13T14:15:00,Siège Est,261.7
2026-07-13T14:15:00,Usine Nord,953.8
2026-07-13T14:30:00,Atelier Sud,233.9
2026-07-13T14:30:00,Siège Est,237.4
2026-07-13T14:30:00,Usine Nord,936.0
2026-07-13T14:45:00,Atelier Sud,267.5
2026-07-13T14:45:00,Siège Est,257.7
2026-07-13T14:45:00,Usine Nord,917.8
2026-07-13T15:00:00,Atelier Sud,244.5
2026-07-13T15:00:00,Siège Est,255.1
2026-07-13T15:00:00,Usine Nord,942.7
2026-07-13T15:15:00,Atelier Sud,212.7
2026-07-13T15:15:00,Siège Est,261.0
2026-07-13T15:15:00,Usine Nord,969.2
2026-07-13T15:30:00,Atelier Sud,198.5
2026-07-13T15:30:00,Siège Est,245.4
2026-07-13T15:30:00,Usine Nord,909.3
2026-07-13T15:45:00,Atelier Sud,202.0
2026-07-13T15:45:00,Siège Est,258.0
2026-07-13T15:45:00,Usine Nord,979.1
2026-07-13T16:00:00,Atelier Sud,188.5
2026-07-13T16:00:00,Siège Est,255.6
2026-07-13T16:00:00,Usine Nord,949.7
2026-07-13T16:15:00,Atelier Sud,149.5
2026-07-13T16:15:00,Siège Est,248.1
2026-07-13T16:15:00,Usine Nord,978.7
2026-07-13T16:30:00,Atelier Sud,194.6
2026-07-13T16:30:00,Siège Est,247.2
2026-07-13T16:30:00,Usine Nord,931.7
2026-07-13T16:45:00,Atelier Sud,175.4
2026-07-13T16:45:00,Siège Est,258.3
2026-07-13T16:45:00,Usine Nord,928.7
2026-07-13T17:00:00,Atelier Sud,143.5
2026-07-13T17:00:00,Siège Est,249.5
2026-07-13T17:00:00,Usine Nord,916.8
2026-07-13T17:15:00,Atelier Sud,128.3
2026-07-13T17:15:00,Siège Est,229.3
2026-07-13T17:15:00,Usine Nord,951.0
2026-07-13T17:30:00,Atelier Sud,102.7
2026-07-13T17:30:00,Siège Est,265.6
2026-07-13T17:30:00,Usine Nord,948.8
2026-07-13T17:45:00,Atelier Sud,80.0
2026-07-13T17:45:00,Siège Est,261.5
2026-07-13T17:45:00,Usine Nord,941.5
2026-07-13T18:00:00,Atelier Sud,81.0
2026-07-13T18:00:00,Siège Est,264.1
2026-07-13T18:00:00,Usine Nord,947.9
2026-07-13T18:15:00,Atelier Sud,84.4
2026-07-13T18:15:00,Siège Est,277.0
2026-07-13T18:15:00,Usine Nord,955.7
2026-07-13T18:30:00,Atelier Sud,53.9
2026-07-13T18:30:00,Siège Est,266.4
2026-07-13T18:30:00,Usine Nord,928.8
2026-07-13T18:45:00,Atelier Sud,88.2
2026-07-13T18:45:00,Siège Est,267.6
2026-07-13T18:45:00,Usine Nord,966.2
2026-07-13T19:00:00,Atelier Sud,65.4
2026-07-13T19:00:00,Siège Est,66.1
2026-07-13T19:00:00,Usine Nord,911.7
2026-07-13T19:15:00,Atelier Sud,74.7
2026-07-13T19:15:00,Siège Est,81.4
2026-07-13T19:15:00,Usine Nord,935.8
2026-07-13T19:30:00,Atelier Sud,68.9
2026-07-13T19:30:00,Siège Est,78.9
2026-07-13T19:30:00,Usine Nord,953.5
2026-07-13T19:45:00,Atelier Sud,76.0
2026-07-13T19:45:00,Siège Est,87.9
2026-07-13T19:45:00,Usine Nord,940.3
2026-07-13T20:00:00,Atelier Sud,72.6
2026-07-13T20:00:00,Siège Est,86.8
2026-07-13T20:00:00,Usine Nord,949.6
2026-07-13T20:15:00,Atelier Sud,92.1
2026-07-13T20:15:00,Siège Est,88.8
2026-07-13T20:15:00,Usine Nord,911.9
2026-07-13T20:30:00,Atelier Sud,64.2
2026-07-13T20:30:00,Siège Est,78.8
2026-07-13T20:30:00,Usine Nord,939.2
2026-07-13T20:45:00,Atelier Sud,76.2
2026-07-13T20:45:00,Siège Est,74.5
2026-07-13T20:45:00,Usine Nord,944.8
2026-07-13T21:00:00,Atelier Sud,85.1
2026-07-13T21:00:00,Siège Est,66.1
2026-07-13T21:00:00,Usine Nord,915.1
2026-07-13T21:15:00,Atelier Sud,88.7
2026-07-13T21:15:00,Siège Est,61.1
2026-07-13T21:15:00,Usine Nord,958.2
2026-07-13T21:30:00,Atelier Sud,48.4
2026-07-13T21:30:00,Siège Est,78.4
2026-07-13T21:30:00,Usine Nord,918.8
2026-07-13T21:45:00,Atelier Sud,92.1
2026-07-13T21:45:00,Siège Est,72.9
2026-07-13T21:45:00,Usine Nord,927.7
2026-07-13T22:00:00,Atelier Sud,86.7
2026-07-13T22:00:00,Siège Est,76.9
2026-07-13T22:00:00,Usine Nord,615.9
2026-07-13T22:15:00,Atelier Sud,82.3
2026-07-13T22:15:00,Siège Est,78.3
2026-07-13T22:15:00,Usine Nord,648.2
2026-07-13T22:30:00,Atelier Sud,62.8
2026-07-13T22:30:00,Siège Est,73.1
2026-07-13T22:30:00,Usine Nord,627.1
2026-07-13T22:45:00,Atelier Sud,45.0
2026-07-13T22:45:00,Siège Est,75.6
2026-07-13T22:45:00,Usine Nord,656.8
2026-07-13T23:00:00,Atelier Sud,72.0
2026-07-13T23:00:00,Siège Est,72.7
2026-07-13T23:00:00,Usine Nord,662.0
2026-07-13T23:15:00,Atelier Sud,75.9
2026-07-13T23:15:00,Siège Est,78.7
2026-07-13T23:15:00,Usine Nord,636.3
2026-07-13T23:30:00,Atelier Sud,47.2
2026-07-13T23:30:00,Siège Est,84.3
2026-07-13T23:30:00,Usine Nord,655.7
2026-07-13T23:45:00,Atelier Sud,67.1
2026-07-13T23:45:00,Siège Est,77.4
2026-07-13T23:45:00,Usine Nord,682.1
2026-07-14T00:00:00,Atelier Sud,67.0
2026-07-14T00:00:00,Siège Est,64.9
2026-07-14T00:00:00,Usine Nord,607.9
2026-07-14T00:15:00,Atelier Sud,69.5
2026-07-14T00:15:00,Siège Est,86.6
2026-07-14T00:15:00,Usine Nord,606.7
2026-07-14T00:30:00,Atelier Sud,88.6
2026-07-14T00:30:00,Siège Est,71.6
2026-07-14T00:30:00,Usine Nord,682.3
2026-07-14T00:45:00,Atelier Sud,46.4
2026-07-14T00:45:00,Siège Est,69.4
2026-07-14T00:45:00,Usine Nord,624.9
2026-07-14T01:00:00,Atelier Sud,66.9
2026-07-14T01:00:00,Siège Est,87.1
2026-07-14T01:00:00,Usine Nord,706.3
2026-07-14T01:15:00,Atelier Sud,60.5
2026-07-14T01:15:00,Siège Est,85.0
2026-07-14T01:15:00,Usine Nord,662.9
2026-07-14T01:30:00,Atelier Sud,81.4
2026-07-14T01:30:00,Siège Est,65.2
2026-07-14T01:30:00,Usine Nord,594.2
2026-07-14T01:45:00,Atelier Sud,91.8
2026-07-14T01:45:00,Siège Est,72.9
2026-07-14T01:45:00,Usine Nord,663.3
2026-07-14T02:00:00,Atelier Sud,93.0
2026-07-14T02:00:00,Siège Est,73.9
2026-07-14T02:00:00,Usine Nord,641.4
2026-07-14T02:15:00,Atelier Sud,67.6
2026-07-14T02:15:00,Siège Est,74.0
2026-07-14T02:15:00,Usine Nord,646.6
2026-07-14T02:30:00,Atelier Sud,102.8
2026-07-14T02:30:00,Siège Est,69.9
2026-07-14T02:30:00,Usine Nord,662.7
2026-07-14T02:45:00,Atelier Sud,74.9
2026-07-14T02:45:00,Siège Est,70.0
2026-07-14T02:45:00,Usine Nord,631.4
2026-07-14T03:00:00,Atelier Sud,104.2
2026-07-14T03:00:00,Siège Est,56.3
2026-07-14T03:00:00,Usine Nord,637.6
2026-07-14T03:15:00,Atelier Sud,54.7
2026-07-14T03:15:00,Siège Est,79.2
2026-07-14T03:15:00,Usine Nord,647.6
2026-07-14T03:30:00,Atelier Sud,57.6
2026-07-14T03:30:00,Siège Est,73.3
2026-07-14T03:30:00,Usine Nord,607.2
2026-07-14T03:45:00,Atelier Sud,68.6
2026-07-14T03:45:00,Siège Est,96.0
2026-07-14T03:45:00,Usine Nord,638.3
2026-07-14T04:00:00,Atelier Sud,64.4
2026-07-14T04:00:00,Siège Est,76.8
2026-07-14T04:00:00,Usine Nord,650.2
2026-07-14T04:15:00,Atelier Sud,42.8
2026-07-14T04:15:00,Siège Est,72.4
2026-07-14T04:15:00,Usine Nord,645.3
2026-07-14T04:30:00,Atelier Sud,71.9
2026-07-14T04:30:00,Siège Est,86.0
2026-07-14T04:30:00,Usine Nord,647.7
2026-07-14T04:45:00,Atelier Sud,39.4
2026-07-14T04:45:00,Siège Est,78.2
2026-07-14T04:45:00,Usine Nord,644.7
2026-07-14T05:00:00,Atelier Sud,60.5
2026-07-14T05:00:00,Siège Est,70.8
2026-07-14T05:00:00,Usine Nord,602.3
2026-07-14T05:15:00,Atelier Sud,75.3
2026-07-14T05:15:00,Siège Est,91.7
2026-07-14T05:15:00,Usine Nord,625.6
2026-07-14T05:30:00,Atelier Sud,52.0
2026-07-14T05:30:00,Siège Est,82.4
2026-07-14T05:30:00,Usine Nord,602.5
2026-07-14T05:45:00,Atelier Sud,69.3
2026-07-14T05:45:00,Siège Est,78.1
2026-07-14T05:45:00,Usine Nord,651.7
2026-07-14T06:00:00,Atelier Sud,63.9
2026-07-14T06:00:00,Siège Est,81.8
2026-07-14T06:00:00,Usine Nord,967.4
2026-07-14T06:15:00,Atelier Sud,85.3
2026-07-14T06:15:00,Siège Est,80.5
2026-07-14T06:15:00,Usine Nord,949.9
2026-07-14T06:30:00,Atelier Sud,126.2
2026-07-14T06:30:00,Siège Est,82.5
2026-07-14T06:30:00,Usine Nord,902.6
2026-07-14T06:45:00,Atelier Sud,126.0
2026-07-14T06:45:00,Siège Est,85.3
2026-07-14T06:45:00,Usine Nord,938.4
2026-07-14T07:00:00,Atelier Sud,177.8
2026-07-14T07:00:00,Siège Est,80.6
2026-07-14T07:00:00,Usine Nord,964.0
2026-07-14T07:15:00,Atelier Sud,159.9
2026-07-14T07:15:00,Siège Est,80.7
2026-07-14T07:15:00,Usine Nord,957.1
2026-07-14T07:30:00,Atelier Sud,205.0
2026-07-14T07:30:00,Siège Est,80.6
2026-07-14T07:30:00,Usine Nord,963.3
2026-07-14T07:45:00,Atelier Sud,202.9
2026-07-14T07:45:00,Siège Est,67.9
2026-07-14T07:45:00,Usine Nord,964.7
2026-07-14T08:00:00,Atelier Sud,222.9
2026-07-14T08:00:00,Siège Est,250.5
2026-07-14T08:00:00,Usine Nord,923.6
2026-07-14T08:15:00,Atelier Sud,234.2
2026-07-14T08:15:00,Siège Est,267.5
2026-07-14T08:15:00,Usine Nord,952.2
2026-07-14T08:30:00,Atelier Sud,260.0
2026-07-14T08:30:00,Siège Est,258.6
2026-07-14T08:30:00,Usine Nord,953.7
2026-07-14T08:45:00,Atelier Sud,241.3
2026-07-14T08:45:00,Siège Est,239.1
2026-07-14T08:45:00,Usine Nord,925.0
2026-07-14T09:00:00,Atelier Sud,266.4
2026-07-14T09:00:00,Siège Est,263.7
2026-07-14T09:00:00,Usine Nord,934.4
2026-07-14T09:15:00,Atelier Sud,281.3
2026-07-14T09:15:00,Siège Est,254.5
2026-07-14T09:15:00,Usine Nord,944.4
2026-07-14T09:30:00,Atelier Sud,296.0
2026-07-14T09:30:00,Siège Est,251.6
2026-07-14T09:30:00,Usine Nord,989.4
2026-07-14T09:45:00,Atelier Sud,318.6
2026-07-14T09:45:00,Siège Est,260.6
2026-07-14T09:45:00,Usine Nord,970.0
2026-07-14T10:00:00,Atelier Sud,313.8
2026-07-14T10:00:00,Siège Est,259.0
2026-07-14T10:00:00,Usine Nord,947.8
2026-07-14T10:15:00,Atelier Sud,308.6
2026-07-14T10:15:00,Siège Est,261.7
2026-07-14T10:15:00,Usine Nord,948.6
2026-07-14T10:30:00,Atelier Sud,366.0
2026-07-14T10:30:00,Siège Est,267.2
2026-07-14T10:30:00,Usine Nord,912.7
2026-07-14T10:45:00,Atelier Sud,268.7
2026-07-14T10:45:00,Siège Est,255.6
2026-07-14T10:45:00,Usine Nord,948.2
2026-07-14T11:00:00,Atelier Sud,357.1
2026-07-14T11:00:00,Siège Est,260.4
2026-07-14T11:00:00,Usine Nord,969.2
2026-07-14T11:15:00,Atelier Sud,305.2
2026-07-14T11:15:00,Siège Est,261.2
2026-07-14T11:15:00,Usine Nord,938.6
2026-07-14T11:30:00,Atelier Sud,312.6
2026-07-14T11:30:00,Siège Est,268.0
2026-07-14T11:30:00,Usine Nord,959.1
2026-07-14T11:45:00,Atelier Sud,319.5
2026-07-14T11:45:00,Siège Est,260.1
2026-07-14T11:45:00,Usine Nord,977.5
2026-07-14T12:00:00,Atelier Sud,350.0
2026-07-14T12:00:00,Siège Est,255.8
2026-07-14T12:00:00,Usine Nord,940.9
2026-07-14T12:15:00,Atelier Sud,321.6
2026-07-14T12:15:00,Siège Est,271.3
2026-07-14T12:15:00,Usine Nord,914.2
2026-07-14T12:30:00,Atelier Sud,354.7
2026-07-14T12:30:00,Siège Est,245.8
2026-07-14T12:30:00,Usine Nord,945.4
2026-07-14T12:45:00,Atelier Sud,371.1
2026-07-14T12:45:00,Siège Est,262.9
2026-07-14T12:45:00,Usine Nord,944.3
2026-07-14T13:00:00,Atelier Sud,321.5
2026-07-14T13:00:00,Siège Est,257.4
2026-07-14T13:00:00,Usine Nord,1006.4
2026-07-14T13:15:00,Atelier Sud,342.3
2026-07-14T13:15:00,Siège Est,278.5
2026-07-14T13:15:00,Usine Nord,945.6
2026-07-14T13:30:00,Atelier Sud,259.1
2026-07-14T13:30:00,Siège Est,255.3
2026-07-14T13:30:00,Usine Nord,945.2
2026-07-14T13:45:00,Atelier Sud,312.1
2026-07-14T13:45:00,Siège Est,275.6
2026-07-14T13:45:00,Usine Nord,969.6
2026-07-14T14:00:00,Atelier Sud,293.6
2026-07-14T14:00:00,Siège Est,263.0
2026-07-14T14:00:00,Usine Nord,931.4
2026-07-14T14:15:00,Atelier Sud,294.5
2026-07-14T14:15:00,Siège Est,254.9
2026-07-14T14:15:00,Usine Nord,940.3
2026-07-14T14:30:00,Atelier Sud,297.2
2026-07-14T14:30:00,Siège Est,254.4
2026-07-14T14:30:00,Usine Nord,944.2
2026-07-14T14:45:00,Atelier Sud,238.9
2026-07-14T14:45:00,Siège Est,252.5
2026-07-14T14:45:00,Usine Nord,943.5
2026-07-14T15:00:00,Atelier Sud,276.1
2026-07-14T15:00:00,Siège Est,264.8
2026-07-14T15:00:00,Usine Nord,955.7
2026-07-14T15:15:00,Atelier Sud,226.9
2026-07-14T15:15:00,Siège Est,252.0
2026-07-14T15:15:00,Usine Nord,951.1
2026-07-14T15:30:00,Atelier Sud,232.9
2026-07-14T15:30:00,Siège Est,268.1
2026-07-14T15:30:00,Usine Nord,896.7
2026-07-14T15:45:00,Atelier Sud,205.6
2026-07-14T15:45:00,Siège Est,269.6
2026-07-14T15:45:00,Usine Nord,971.8
2026-07-14T16:00:00,Atelier Sud,224.6
2026-07-14T16:00:00,Siège Est,252.0
2026-07-14T16:00:00,Usine Nord,937.6
2026-07-14T16:15:00,Atelier Sud,160.7
2026-07-14T16:15:00,Siège Est,251.5
2026-07-14T16:15:00,Usine Nord,962.7
2026-07-14T16:30:00,Atelier Sud,165.4
2026-07-14T16:30:00,Siège Est,250.6
2026-07-14T16:30:00,Usine Nord,949.4
2026-07-14T16:45:00,Atelier Sud,151.1
2026-07-14T16:45:00,Siège Est,267.1
2026-07-14T16:45:00,Usine Nord,960.7
2026-07-14T17:00:00,Atelier Sud,119.0
2026-07-14T17:00:00,Siège Est,263.6
2026-07-14T17:00:00,Usine Nord,976.4
2026-07-14T17:15:00,Atelier Sud,134.2
2026-07-14T17:15:00,Siège Est,238.0
2026-07-14T17:15:00,Usine Nord,943.5
2026-07-14T17:30:00,Atelier Sud,99.9
2026-07-14T17:30:00,Siège Est,259.2
2026-07-14T17:30:00,Usine Nord,938.0
2026-07-14T17:45:00,Atelier Sud,81.4
2026-07-14T17:45:00,Siège Est,268.6
2026-07-14T17:45:00,Usine Nord,956.1
2026-07-14T18:00:00,Atelier Sud,70.1
2026-07-14T18:00:00,Siège Est,247.4
2026-07-14T18:00:00,Usine Nord,945.6
2026-07-14T18:15:00,Atelier Sud,61.0
2026-07-14T18:15:00,Siège Est,259.9
2026-07-14T18:15:00,Usine Nord,986.6
2026-07-14T18:30:00,Atelier Sud,57.5
2026-07-14T18:30:00,Siège Est,249.6
2026-07-14T18:30:00,Usine Nord,943.0
2026-07-14T18:45:00,Atelier Sud,49.3
2026-07-14T18:45:00,Siège Est,254.0
2026-07-14T18:45:00,Usine Nord,935.1
2026-07-14T19:00:00,Atelier Sud,78.5
2026-07-14T19:00:00,Siège Est,80.6
2026-07-14T19:00:00,Usine Nord,991.1
2026-07-14T19:15:00,Atelier Sud,71.3
2026-07-14T19:15:00,Siège Est,85.2
2026-07-14T19:15:00,Usine Nord,933.1
2026-07-14T19:30:00,Atelier Sud,67.3
2026-07-14T19:30:00,Siège Est,87.9
2026-07-14T19:30:00,Usine Nord,965.1
2026-07-14T19:45:00,Atelier Sud,77.0
2026-07-14T19:45:00,Siège Est,70.7
2026-07-14T19:45:00,Usine Nord,935.0
2026-07-14T20:00:00,Atelier Sud,75.6
2026-07-14T20:00:00,Siège Est,77.6
2026-07-14T20:00:00,Usine Nord,962.5
2026-07-14T20:15:00,Atelier Sud,39.7
2026-07-14T20:15:00,Siège Est,76.8
2026-07-14T20:15:00,Usine Nord,982.7
2026-07-14T20:30:00,Atelier Sud,65.7
2026-07-14T20:30:00,Siège Est,76.2
2026-07-14T20:30:00,Usine Nord,978.4
2026-07-14T20:45:00,Atelier Sud,42.8
2026-07-14T20:45:00,Siège Est,79.8
2026-07-14T20:45:00,Usine Nord,939.7
2026-07-14T21:00:00,Atelier Sud,93.4
2026-07-14T21:00:00,Siège Est,81.7
2026-07-14T21:00:00,Usine Nord,960.7
2026-07-14T21:15:00,Atelier Sud,55.0
2026-07-14T21:15:00,Siège Est,77.8
2026-07-14T21:15:00,Usine Nord,974.6
2026-07-14T21:30:00,Atelier Sud,88.4
2026-07-14T21:30:00,Siège Est,85.2
2026-07-14T21:30:00,Usine Nord,951.3
2026-07-14T21:45:00,Atelier Sud,60.4
2026-07-14T21:45:00,Siège Est,78.8
2026-07-14T21:45:00,Usine Nord,989.2
2026-07-14T22:00:00,Atelier Sud,63.3
2026-07-14T22:00:00,Siège Est,71.6
2026-07-14T22:00:00,Usine Nord,681.2
2026-07-14T22:15:00,Atelier Sud,56.2
2026-07-14T22:15:00,Siège Est,72.2
2026-07-14T22:15:00,Usine Nord,684.5
2026-07-14T22:30:00,Atelier Sud,43.5
2026-07-14T22:30:00,Siège Est,62.3
2026-07-14T22:30:00,Usine Nord,647.9
2026-07-14T22:45:00,Atelier Sud,88.9
2026-07-14T22:45:00,Siège Est,82.8
2026-07-14T22:45:00,Usine Nord,656.1
2026-07-14T23:00:00,Atelier Sud,47.1
2026-07-14T23:00:00,Siège Est,76.0
2026-07-14T23:00:00,Usine Nord,621.0
2026-07-14T23:15:00,Atelier Sud,64.5
2026-07-14T23:15:00,Siège Est,84.7
2026-07-14T23:15:00,Usine Nord,628.1
2026-07-14T23:30:00,Atelier Sud,62.8
2026-07-14T23:30:00,Siège Est,76.6
2026-07-14T23:30:00,Usine Nord,660.1
2026-07-14T23:45:00,Atelier Sud,68.9
2026-07-14T23:45:00,Siège Est,78.4
2026-07-14T23:45:00,Usine Nord,631.8
2026-07-15T00:00:00,Atelier Sud,87.0
2026-07-15T00:00:00,Siège Est,80.7
2026-07-15T00:00:00,Usine Nord,648.4
2026-07-15T00:15:00,Atelier Sud,45.1
2026-07-15T00:15:00,Siège Est,90.1
2026-07-15T00:15:00,Usine Nord,624.2
2026-07-15T00:30:00,Atelier Sud,71.2
2026-07-15T00:30:00,Siège Est,74.3
2026-07-15T00:30:00,Usine Nord,632.2
2026-07-15T00:45:00,Atelier Sud,60.8
2026-07-15T00:45:00,Siège Est,77.3
2026-07-15T00:45:00,Usine Nord,621.0
2026-07-15T01:00:00,Atelier Sud,73.4
2026-07-15T01:00:00,Siège Est,81.5
2026-07-15T01:00:00,Usine Nord,654.2
2026-07-15T01:15:00,Atelier Sud,67.7
2026-07-15T01:15:00,Siège Est,77.6
2026-07-15T01:15:00,Usine Nord,631.5
2026-07-15T01:30:00,Atelier Sud,60.0
2026-07-15T01:30:00,Siège Est,75.1
2026-07-15T01:30:00,Usine Nord,650.6
2026-07-15T01:45:00,Atelier Sud,87.9
2026-07-15T01:45:00,Siège Est,75.3
2026-07-15T01:45:00,Usine Nord,660.5
2026-07-15T02:00:00,Atelier Sud,71.8
2026-07-15T02:00:00,Siège Est,73.7
2026-07-15T02:00:00,Usine Nord,639.8
2026-07-15T02:15:00,Atelier Sud,66.4
2026-07-15T02:15:00,Siège Est,81.7
2026-07-15T02:15:00,Usine Nord,648.0
2026-07-15T02:30:00,Atelier Sud,68.4
2026-07-15T02:30:00,Siège Est,83.2
2026-07-15T02:30:00,Usine Nord,697.8
2026-07-15T02:45:00,Atelier Sud,64.5
2026-07-15T02:45:00,Siège Est,74.0
2026-07-15T02:45:00,Usine Nord,659.7
2026-07-15T03:00:00,Atelier Sud,76.9
2026-07-15T03:00:00,Siège Est,84.4
2026-07-15T03:00:00,Usine Nord,682.5
2026-07-15T03:15:00,Atelier Sud,72.2
2026-07-15T03:15:00,Siège Est,60.6
2026-07-15T03:15:00,Usine Nord,680.5
2026-07-15T03:30:00,Atelier Sud,65.5
2026-07-15T03:30:00,Siège Est,75.6
2026-07-15T03:30:00,Usine Nord,666.9
2026-07-15T03:45:00,Atelier Sud,62.1
2026-07-15T03:45:00,Siège Est,92.5
2026-07-15T03:45:00,Usine Nord,659.3
2026-07-15T04:00:00,Atelier Sud,42.7
2026-07-15T04:00:00,Siège Est,75.8
2026-07-15T04:00:00,Usine Nord,612.3
2026-07-15T04:15:00,Atelier Sud,55.6
2026-07-15T04:15:00,Siège Est,61.1
2026-07-15T04:15:00,Usine Nord,658.5
2026-07-15T04:30:00,Atelier Sud,72.1
2026-07-15T04:30:00,Siège Est,86.0
2026-07-15T04:30:00,Usine Nord,626.0
2026-07-15T04:45:00,Atelier Sud,72.1
2026-07-15T04:45:00,Siège Est,86.8
2026-07-15T04:45:00,Usine Nord,618.5
2026-07-15T05:00:00,Atelier Sud,60.0
2026-07-15T05:00:00,Siège Est,83.5
2026-07-15T05:00:00,Usine Nord,646.3
2026-07-15T05:15:00,Atelier Sud,91.6
2026-07-15T05:15:00,Siège Est,87.4
2026-07-15T05:15:00,Usine Nord,672.8
2026-07-15T05:30:00,Atelier Sud,84.4
2026-07-15T05:30:00,Siège Est,79.9
2026-07-15T05:30:00,Usine Nord,660.8
2026-07-15T05:45:00,Atelier Sud,60.8
2026-07-15T05:45:00,Siège Est,99.0
2026-07-15T05:45:00,Usine Nord,663.7
2026-07-15T06:00:00,Atelier Sud,81.8
2026-07-15T06:00:00,Siège Est,91.1
2026-07-15T06:00:00,Usine Nord,966.5
2026-07-15T06:15:00,Atelier Sud,77.2
2026-07-15T06:15:00,Siège Est,74.8
2026-07-15T06:15:00,Usine Nord,966.5
2026-07-15T06:30:00,Atelier Sud,123.0
2026-07-15T06:30:00,Siège Est,77.2
2026-07-15T06:30:00,Usine Nord,926.4
2026-07-15T06:45:00,Atelier Sud,138.6
2026-07-15T06:45:00,Siège Est,76.2
2026-07-15T06:45:00,Usine Nord,925.4
2026-07-15T07:00:00,Atelier Sud,138.7
2026-07-15T07:00:00,Siège Est,69.1
2026-07-15T07:00:00,Usine Nord,951.3
2026-07-15T07:15:00,Atelier Sud,193.2
2026-07-15T07:15:00,Siège Est,72.1
2026-07-15T07:15:00,Usine Nord,972.3
2026-07-15T07:30:00,Atelier Sud,175.2
2026-07-15T07:30:00,Siège Est,72.7
2026-07-15T07:30:00,Usine Nord,948.6
2026-07-15T07:45:00,Atelier Sud,221.5
2026-07-15T07:45:00,Siège Est,80.7
2026-07-15T07:45:00,Usine Nord,933.0
2026-07-15T08:00:00,Atelier Sud,211.9
2026-07-15T08:00:00,Siège Est,242.9
2026-07-15T08:00:00,Usine Nord,937.6
2026-07-15T08:15:00,Atelier Sud,260.0
2026-07-15T08:15:00,Siège Est,257.6
2026-07-15T08:15:00,Usine Nord,939.0
2026-07-15T08:30:00,Atelier Sud,246.9
2026-07-15T08:30:00,Siège Est,270.2
2026-07-15T08:30:00,Usine Nord,935.1
2026-07-15T08:45:00,Atelier Sud,271.1
2026-07-15T08:45:00,Siège Est,264.7
2026-07-15T08:45:00,Usine Nord,925.6
2026-07-15T09:00:00,Atelier Sud,251.2
2026-07-15T09:00:00,Siège Est,260.0
2026-07-15T09:00:00,Usine Nord,984.6
2026-07-15T09:15:00,Atelier Sud,284.6
2026-07-15T09:15:00,Siège Est,263.2
2026-07-15T09:15:00,Usine Nord,953.5
2026-07-15T09:30:00,Atelier Sud,323.2
2026-07-15T09:30:00,Siège Est,254.5
2026-07-15T09:30:00,Usine Nord,913.3
2026-07-15T09:45:00,Atelier Sud,340.6
2026-07-15T09:45:00,Siège Est,258.0
2026-07-15T09:45:00,Usine Nord,953.4
2026-07-15T10:00:00,Atelier Sud,305.1
2026-07-15T10:00:00,Siège Est,262.7
2026-07-15T10:00:00,Usine Nord,961.0
2026-07-15T10:15:00,Atelier Sud,343.5
2026-07-15T10:15:00,Siège Est,271.7
2026-07-15T10:15:00,Usine Nord,967.9
2026-07-15T10:30:00,Atelier Sud,302.8
2026-07-15T10:30:00,Siège Est,253.9
2026-07-15T10:30:00,Usine Nord,927.0
2026-07-15T10:45:00,Atelier Sud,282.6
2026-07-15T10:45:00,Siège Est,254.9
2026-07-15T10:45:00,Usine Nord,908.6
2026-07-15T11:00:00,Atelier Sud,324.9
2026-07-15T11:00:00,Siège Est,255.5
2026-07-15T11:00:00,Usine Nord,999.7
2026-07-15T11:15:00,Atelier Sud,367.3
2026-07-15T11:15:00,Siège Est,264.6
2026-07-15T11:15:00,Usine Nord,921.0
2026-07-15T11:30:00,Atelier Sud,332.5
2026-07-15T11:30:00,Siège Est,261.7
2026-07-15T11:30:00,Usine Nord,918.3
2026-07-15T11:45:00,Atelier Sud,321.9
2026-07-15T11:45:00,Siège Est,251.5
2026-07-15T11:45:00,Usine Nord,953.3
2026-07-15T12:00:00,Atelier Sud,321.5
2026-07-15T12:00:00,Siège Est,257.3
2026-07-15T12:00:00,Usine Nord,973.7
2026-07-15T12:15:00,Atelier Sud,313.7
2026-07-15T12:15:00,Siège Est,283.9
2026-07-15T12:15:00,Usine Nord,971.2
2026-07-15T12:30:00,Atelier Sud,349.7
2026-07-15T12:30:00,Siège Est,252.0
2026-07-15T12:30:00,Usine Nord,931.2
2026-07-15T12:45:00,Atelier Sud,310.8
2026-07-15T12:45:00,Siège Est,265.6
2026-07-15T12:45:00,Usine Nord,949.9
2026-07-15T13:00:00,Atelier Sud,313.5
2026-07-15T13:00:00,Siège Est,245.6
2026-07-15T13:00:00,Usine Nord,933.1
2026-07-15T13:15:00,Atelier Sud,363.6
2026-07-15T13:15:00,Siège Est,259.4
2026-07-15T13:15:00,Usine Nord,949.2
2026-07-15T13:30:00,Atelier Sud,360.4
2026-07-15T13:30:00,Siège Est,271.5
2026-07-15T13:30:00,Usine Nord,934.3
2026-07-15T13:45:00,Atelier Sud,335.8
2026-07-15T13:45:00,Siège Est,267.0
2026-07-15T13:45:00,Usine Nord,1004.3
2026-07-15T14:00:00,Atelier Sud,266.8
2026-07-15T14:00:00,Siège Est,257.5
2026-07-15T14:00:00,Usine Nord,975.4
2026-07-15T14:15:00,Atelier Sud,220.6
2026-07-15T14:15:00,Siège Est,256.8
2026-07-15T14:15:00,Usine Nord,945.1
2026-07-15T14:30:00,Atelier Sud,223.5
2026-07-15T14:30:00,Siège Est,251.3
2026-07-15T14:30:00,Usine Nord,946.2
2026-07-15T14:45:00,Atelier Sud,288.9
2026-07-15T14:45:00,Siège Est,266.5
2026-07-15T14:45:00,Usine Nord,979.8
2026-07-15T15:00:00,Atelier Sud,226.0
2026-07-15T15:00:00,Siège Est,273.2
2026-07-15T15:00:00,Usine Nord,934.0
2026-07-15T15:15:00,Atelier Sud,193.1
2026-07-15T15:15:00,Siège Est,257.2
2026-07-15T15:15:00,Usine Nord,943.5
2026-07-15T15:30:00,Atelier Sud,215.3
2026-07-15T15:30:00,Siège Est,252.6
2026-07-15T15:30:00,Usine Nord,939.0
2026-07-15T15:45:00,Atelier Sud,200.2
2026-07-15T15:45:00,Siège Est,259.4
2026-07-15T15:45:00,Usine Nord,949.8
2026-07-15T16:00:00,Atelier Sud,214.9
2026-07-15T16:00:00,Siège Est,265.6
2026-07-15T16:00:00,Usine Nord,986.7
2026-07-15T16:15:00,Atelier Sud,199.0
2026-07-15T16:15:00,Siège Est,242.8
2026-07-15T16:15:00,Usine Nord,935.1
2026-07-15T16:30:00,Atelier Sud,134.4
2026-07-15T16:30:00,Siège Est,269.5
2026-07-15T16:30:00,Usine Nord,921.8
2026-07-15T16:45:00,Atelier Sud,168.7
2026-07-15T16:45:00,Siège Est,251.4
2026-07-15T16:45:00,Usine Nord,924.4
2026-07-15T17:00:00,Atelier Sud,148.4
2026-07-15T17:00:00,Siège Est,257.6
2026-07-15T17:00:00,Usine Nord,935.5
2026-07-15T17:15:00,Atelier Sud,108.4
2026-07-15T17:15:00,Siège Est,269.3
2026-07-15T17:15:00,Usine Nord,918.6
2026-07-15T17:30:00,Atelier Sud,100.7
2026-07-15T17:30:00,Siège Est,270.9
2026-07-15T17:30:00,Usine Nord,921.8
2026-07-15T17:45:00,Atelier Sud,69.5
2026-07-15T17:45:00,Siège Est,267.5
2026-07-15T17:45:00,Usine Nord,930.6
2026-07-15T18:00:00,Atelier Sud,79.1
2026-07-15T18:00:00,Siège Est,249.9
2026-07-15T18:00:00,Usine Nord,960.2
2026-07-15T18:15:00,Atelier Sud,49.2
2026-07-15T18:15:00,Siège Est,264.7
2026-07-15T18:15:00,Usine Nord,954.7
2026-07-15T18:30:00,Atelier Sud,65.4
2026-07-15T18:30:00,Siège Est,265.8
2026-07-15T18:30:00,Usine Nord,941.3
2026-07-15T18:45:00,Atelier Sud,69.2
2026-07-15T18:45:00,Siège Est,265.2
2026-07-15T18:45:00,Usine Nord,957.3
2026-07-15T19:00:00,Atelier Sud,65.3
2026-07-15T19:00:00,Siège Est,84.3
2026-07-15T19:00:00,Usine Nord,950.0
2026-07-15T19:15:00,Atelier Sud,77.3
2026-07-15T19:15:00,Siège Est,85.1
2026-07-15T19:15:00,Usine Nord,946.6
2026-07-15T19:30:00,Atelier Sud,71.8
2026-07-15T19:30:00,Siège Est,59.4
2026-07-15T19:30:00,Usine Nord,929.6
2026-07-15T19:45:00,Atelier Sud,79.1
2026-07-15T19:45:00,Siège Est,82.8
2026-07-15T19:45:00,Usine Nord,966.7
2026-07-15T20:00:00,Atelier Sud,85.7
2026-07-15T20:00:00,Siège Est,66.1
2026-07-15T20:00:00,Usine Nord,948.4
2026-07-15T20:15:00,Atelier Sud,86.0
2026-07-15T20:15:00,Siège Est,84.8
2026-07-15T20:15:00,Usine Nord,944.5
2026-07-15T20:30:00,Atelier Sud,106.5
2026-07-15T20:30:00,Siège Est,74.5
2026-07-15T20:30:00,Usine Nord,941.1
2026-07-15T20:45:00,Atelier Sud,63.0
2026-07-15T20:45:00,Siège Est,80.5
2026-07-15T20:45:00,Usine Nord,952.4
2026-07-15T21:00:00,Atelier Sud,87.7
2026-07-15T21:00:00,Siège Est,79.5
2026-07-15T21:00:00,Usine Nord,947.1
2026-07-15T21:15:00,Atelier Sud,59.9
2026-07-15T21:15:00,Siège Est,82.8
2026-07-15T21:15:00,Usine Nord,922.0
2026-07-15T21:30:00,Atelier Sud,61.6
2026-07-15T21:30:00,Siège Est,76.9
2026-07-15T21:30:00,Usine Nord,935.9
2026-07-15T21:45:00,Atelier Sud,61.1
2026-07-15T21:45:00,Siège Est,66.7
2026-07-15T21:45:00,Usine Nord,922.8
2026-07-15T22:00:00,Atelier Sud,78.3
2026-07-15T22:00:00,Siège Est,74.6
2026-07-15T22:00:00,Usine Nord,583.0
2026-07-15T22:15:00,Atelier Sud,61.7
2026-07-15T22:15:00,Siège Est,62.8
2026-07-15T22:15:00,Usine Nord,618.8
2026-07-15T22:30:00,Atelier Sud,63.9
2026-07-15T22:30:00,Siège Est,73.7
2026-07-15T22:30:00,Usine Nord,704.0
2026-07-15T22:45:00,Atelier Sud,67.1
2026-07-15T22:45:00,Siège Est,82.8
2026-07-15T22:45:00,Usine Nord,608.3
2026-07-15T23:00:00,Atelier Sud,68.8
2026-07-15T23:00:00,Siège Est,89.6
2026-07-15T23:00:00,Usine Nord,645.0
2026-07-15T23:15:00,Atelier Sud,98.5
2026-07-15T23:15:00,Siège Est,81.4
2026-07-15T23:15:00,Usine Nord,664.0
2026-07-15T23:30:00,Atelier Sud,70.1
2026-07-15T23:30:00,Siège Est,73.5
2026-07-15T23:30:00,Usine Nord,643.5
2026-07-15T23:45:00,Atelier Sud,65.5
2026-07-15T23:45:00,Siège Est,82.4
2026-07-15T23:45:00,Usine Nord,645.0
2026-07-16T00:00:00,Atelier Sud,70.9
2026-07-16T00:00:00,Siège Est,75.6
2026-07-16T00:00:00,Usine Nord,624.9
2026-07-16T00:15:00,Atelier Sud,59.2
2026-07-16T00:15:00,Siège Est,72.9
2026-07-16T00:15:00,Usine Nord,631.4
2026-07-16T00:30:00,Atelier Sud,58.2
2026-07-16T00:30:00,Siège Est,74.8
2026-07-16T00:30:00,Usine Nord,631.6
2026-07-16T00:45:00,Atelier Sud,71.3
2026-07-16T00:45:00,Siège Est,77.5
2026-07-16T00:45:00,Usine Nord,621.5
2026-07-16T01:00:00,Atelier Sud,78.5
2026-07-16T01:00:00,Siège Est,71.6
2026-07-16T01:00:00,Usine Nord,644.0
2026-07-16T01:15:00,Atelier Sud,64.1
2026-07-16T01:15:00,Siège Est,79.5
2026-07-16T01:15:00,Usine Nord,661.3
2026-07-16T01:30:00,Atelier Sud,62.5
2026-07-16T01:30:00,Siège Est,68.4
2026-07-16T01:30:00,Usine Nord,667.4
2026-07-16T01:45:00,Atelier Sud,83.5
2026-07-16T01:45:00,Siège Est,80.5
2026-07-16T01:45:00,Usine Nord,685.3
2026-07-16T02:00:00,Atelier Sud,47.1
2026-07-16T02:00:00,Siège Est,70.5
2026-07-16T02:00:00,Usine Nord,660.6
2026-07-16T02:15:00,Atelier Sud,52.1
2026-07-16T02:15:00,Siège Est,69.3
2026-07-16T02:15:00,Usine Nord,719.9
2026-07-16T02:30:00,Atelier Sud,70.2
2026-07-16T02:30:00,Siège Est,75.1
2026-07-16T02:30:00,Usine Nord,651.7
2026-07-16T02:45:00,Atelier Sud,98.4
2026-07-16T02:45:00,Siège Est,69.9
2026-07-16T02:45:00,Usine Nord,623.4
2026-07-16T03:00:00,Atelier Sud,64.6
2026-07-16T03:00:00,Siège Est,62.1
2026-07-16T03:00:00,Usine Nord,615.9
2026-07-16T03:15:00,Atelier Sud,92.1
2026-07-16T03:15:00,Siège Est,70.1
2026-07-16T03:15:00,Usine Nord,653.7
2026-07-16T03:30:00,Atelier Sud,68.5
2026-07-16T03:30:00,Siège Est,82.3
2026-07-16T03:30:00,Usine Nord,666.7
2026-07-16T03:45:00,Atelier Sud,40.1
2026-07-16T03:45:00,Siège Est,78.6
2026-07-16T03:45:00,Usine Nord,668.8
2026-07-16T04:00:00,Atelier Sud,92.4
2026-07-16T04:00:00,Siège Est,64.6
2026-07-16T04:00:00,Usine Nord,648.9
2026-07-16T04:15:00,Atelier Sud,81.9
2026-07-16T04:15:00,Siège Est,70.4
2026-07-16T04:15:00,Usine Nord,677.7
2026-07-16T04:30:00,Atelier Sud,61.5
2026-07-16T04:30:00,Siège Est,70.8
2026-07-16T04:30:00,Usine Nord,649.6
2026-07-16T04:45:00,Atelier Sud,63.7
2026-07-16T04:45:00,Siège Est,83.6
2026-07-16T04:45:00,Usine Nord,639.7
2026-07-16T05:00:00,Atelier Sud,88.6
2026-07-16T05:00:00,Siège Est,76.0
2026-07-16T05:00:00,Usine Nord,644.8
2026-07-16T05:15:00,Atelier Sud,71.0
2026-07-16T05:15:00,Siège Est,63.8
2026-07-16T05:15:00,Usine Nord,650.4
2026-07-16T05:30:00,Atelier Sud,85.2
2026-07-16T05:30:00,Siège Est,84.8
2026-07-16T05:30:00,Usine Nord,662.1
2026-07-16T05:45:00,Atelier Sud,81.7
2026-07-16T05:45:00,Siège Est,75.9
2026-07-16T05:45:00,Usine Nord,621.3
2026-07-16T06:00:00,Atelier Sud,66.5
2026-07-16T06:00:00,Siège Est,91.2
2026-07-16T06:00:00,Usine Nord,926.6
2026-07-16T06:15:00,Atelier Sud,90.1
2026-07-16T06:15:00,Siège Est,69.5
2026-07-16T06:15:00,Usine Nord,975.9
2026-07-16T06:30:00,Atelier Sud,129.3
2026-07-16T06:30:00,Siège Est,82.2
2026-07-16T06:30:00,Usine Nord,942.0
2026-07-16T06:45:00,Atelier Sud,170.7
2026-07-16T06:45:00,Siège Est,68.1
2026-07-16T06:45:00,Usine Nord,976.1
2026-07-16T07:00:00,Atelier Sud,166.8
2026-07-16T07:00:00,Siège Est,72.0
2026-07-16T07:00:00,Usine Nord,964.5
2026-07-16T07:15:00,Atelier Sud,156.4
2026-07-16T07:15:00,Siège Est,63.4
2026-07-16T07:15:00,Usine Nord,956.9
2026-07-16T07:30:00,Atelier Sud,192.0
2026-07-16T07:30:00,Siège Est,84.8
2026-07-16T07:30:00,Usine Nord,976.9
2026-07-16T07:45:00,Atelier Sud,185.0
2026-07-16T07:45:00,Siège Est,66.7
2026-07-16T07:45:00,Usine Nord,946.8
2026-07-16T08:00:00,Atelier Sud,208.7
2026-07-16T08:00:00,Siège Est,263.3
2026-07-16T08:00:00,Usine Nord,964.8
2026-07-16T08:15:00,Atelier Sud,226.5
2026-07-16T08:15:00,Siège Est,248.1
2026-07-16T08:15:00,Usine Nord,968.3
2026-07-16T08:30:00,Atelier Sud,231.7
2026-07-16T08:30:00,Siège Est,270.2
2026-07-16T08:30:00,Usine Nord,973.6
2026-07-16T08:45:00,Atelier Sud,267.5
2026-07-16T08:45:00,Siège Est,260.7
2026-07-16T08:45:00,Usine Nord,929.2
2026-07-16T09:00:00,Atelier Sud,270.6
2026-07-16T09:00:00,Siège Est,255.0
2026-07-16T09:00:00,Usine Nord,949.6
2026-07-16T09:15:00,Atelier Sud,293.7
2026-07-16T09:15:00,Siège Est,249.1
2026-07-16T09:15:00,Usine Nord,983.8
2026-07-16T09:30:00,Atelier Sud,313.3
2026-07-16T09:30:00,Siège Est,254.9
2026-07-16T09:30:00,Usine Nord,966.3
2026-07-16T09:45:00,Atelier Sud,288.9
2026-07-16T09:45:00,Siège Est,285.0
2026-07-16T09:45:00,Usine Nord,980.7
2026-07-16T10:00:00,Atelier Sud,325.4
2026-07-16T10:00:00,Siège Est,268.5
2026-07-16T10:00:00,Usine Nord,984.7
2026-07-16T10:15:00,Atelier Sud,301.6
2026-07-16T10:15:00,Siège Est,261.6
2026-07-16T10:15:00,Usine Nord,937.5
2026-07-16T10:30:00,Atelier Sud,296.4
2026-07-16T10:30:00,Siège Est,277.8
2026-07-16T10:30:00,Usine Nord,950.0
2026-07-16T10:45:00,Atelier Sud,291.8
2026-07-16T10:45:00,Siège Est,251.7
2026-07-16T10:45:00,Usine Nord,982.7
2026-07-16T11:00:00,Atelier Sud,296.6
2026-07-16T11:00:00,Siège Est,256.1
2026-07-16T11:00:00,Usine Nord,962.5
2026-07-16T11:15:00,Atelier Sud,334.9
2026-07-16T11:15:00,Siège Est,263.7
2026-07-16T11:15:00,Usine Nord,931.1
2026-07-16T11:30:00,Atelier Sud,345.7
2026-07-16T11:30:00,Siège Est,254.2
2026-07-16T11:30:00,Usine Nord,960.6
2026-07-16T11:45:00,Atelier Sud,292.2
2026-07-16T11:45:00,Siège Est,245.5
2026-07-16T11:45:00,Usine Nord,959.5
2026-07-16T12:00:00,Atelier Sud,378.8
2026-07-16T12:00:00,Siège Est,255.2
2026-07-16T12:00:00,Usine Nord,938.9
2026-07-16T12:15:00,Atelier Sud,305.0
2026-07-16T12:15:00,Siège Est,255.1
2026-07-16T12:15:00,Usine Nord,942.0
2026-07-16T12:30:00,Atelier Sud,315.4
2026-07-16T12:30:00,Siège Est,266.7
2026-07-16T12:30:00,Usine Nord,971.0
2026-07-16T12:45:00,Atelier Sud,374.9
2026-07-16T12:45:00,Siège Est,247.9
2026-07-16T12:45:00,Usine Nord,966.3
2026-07-16T13:00:00,Atelier Sud,324.7
2026-07-16T13:00:00,Siège Est,253.4
2026-07-16T13:00:00,Usine Nord,926.2
2026-07-16T13:15:00,Atelier Sud,288.2
2026-07-16T13:15:00,Siège Est,263.0
2026-07-16T13:15:00,Usine Nord,930.2
2026-07-16T13:30:00,Atelier Sud,279.7
2026-07-16T13:30:00,Siège Est,257.8
2026-07-16T13:30:00,Usine Nord,943.7
2026-07-16T13:45:00,Atelier Sud,317.8
2026-07-16T13:45:00,Siège Est,252.4
2026-07-16T13:45:00,Usine Nord,950.8
2026-07-16T14:00:00,Atelier Sud,284.2
2026-07-16T14:00:00,Siège Est,251.0
2026-07-16T14:00:00,Usine Nord,948.8
2026-07-16T14:15:00,Atelier Sud,295.5
2026-07-16T14:15:00,Siège Est,271.7
2026-07-16T14:15:00,Usine Nord,931.9
2026-07-16T14:30:00,Atelier Sud,298.8
2026-07-16T14:30:00,Siège Est,254.4
2026-07-16T14:30:00,Usine Nord,957.5
2026-07-16T14:45:00,Atelier Sud,255.2
2026-07-16T14:45:00,Siège Est,254.9
2026-07-16T14:45:00,Usine Nord,905.4
2026-07-16T15:00:00,Atelier Sud,220.4
2026-07-16T15:00:00,Siège Est,256.5
2026-07-16T15:00:00,Usine Nord,931.4
2026-07-16T15:15:00,Atelier Sud,260.4
2026-07-16T15:15:00,Siège Est,247.4
2026-07-16T15:15:00,Usine Nord,950.7
2026-07-16T15:30:00,Atelier Sud,199.6
2026-07-16T15:30:00,Siège Est,255.8
2026-07-16T15:30:00,Usine Nord,950.1
2026-07-16T15:45:00,Atelier Sud,194.8
2026-07-16T15:45:00,Siège Est,257.4
2026-07-16T15:45:00,Usine Nord,947.7
2026-07-16T16:00:00,Atelier Sud,190.0
2026-07-16T16:00:00,Siège Est,255.9
2026-07-16T16:00:00,Usine Nord,958.0
2026-07-16T16:15:00,Atelier Sud,164.0
2026-07-16T16:15:00,Siège Est,259.7
2026-07-16T16:15:00,Usine Nord,954.1
2026-07-16T16:30:00,Atelier Sud,174.9
2026-07-16T16:30:00,Siège Est,254.8
2026-07-16T16:30:00,Usine Nord,943.1
2026-07-16T16:45:00,Atelier Sud,178.1
2026-07-16T16:45:00,Siège Est,265.1
2026-07-16T16:45:00,Usine Nord,985.5
2026-07-16T17:00:00,Atelier Sud,140.2
2026-07-16T17:00:00,Siège Est,264.1
2026-07-16T17:00:00,Usine Nord,947.9
2026-07-16T17:15:00,Atelier Sud,139.5
2026-07-16T17:15:00,Siège Est,273.5
2026-07-16T17:15:00,Usine Nord,1008.1
2026-07-16T17:30:00,Atelier Sud,94.6
2026-07-16T17:30:00,Siège Est,237.1
2026-07-16T17:30:00,Usine Nord,913.0
2026-07-16T17:45:00,Atelier Sud,79.3
2026-07-16T17:45:00,Siège Est,257.3
2026-07-16T17:45:00,Usine Nord,969.8
2026-07-16T18:00:00,Atelier Sud,55.8
2026-07-16T18:00:00,Siège Est,264.8
2026-07-16T18:00:00,Usine Nord,922.1
2026-07-16T18:15:00,Atelier Sud,43.7
2026-07-16T18:15:00,Siège Est,252.6
2026-07-16T18:15:00,Usine Nord,912.3
2026-07-16T18:30:00,Atelier Sud,79.9
2026-07-16T18:30:00,Siège Est,247.3
2026-07-16T18:30:00,Usine Nord,928.3
2026-07-16T18:45:00,Atelier Sud,74.6
2026-07-16T18:45:00,Siège Est,262.5
2026-07-16T18:45:00,Usine Nord,885.4
2026-07-16T19:00:00,Atelier Sud,51.3
2026-07-16T19:00:00,Siège Est,78.2
2026-07-16T19:00:00,Usine Nord,938.5
2026-07-16T19:15:00,Atelier Sud,79.7
2026-07-16T19:15:00,Siège Est,97.9
2026-07-16T19:15:00,Usine Nord,947.8
2026-07-16T19:30:00,Atelier Sud,77.1
2026-07-16T19:30:00,Siège Est,78.1
2026-07-16T19:30:00,Usine Nord,927.3
2026-07-16T19:45:00,Atelier Sud,64.9
2026-07-16T19:45:00,Siège Est,85.6
2026-07-16T19:45:00,Usine Nord,939.5
2026-07-16T20:00:00,Atelier Sud,20.4
2026-07-16T20:00:00,Siège Est,96.5
2026-07-16T20:00:00,Usine Nord,959.9
2026-07-16T20:15:00,Atelier Sud,67.2
2026-07-16T20:15:00,Siège Est,70.6
2026-07-16T20:15:00,Usine Nord,935.8
2026-07-16T20:30:00,Atelier Sud,64.2
2026-07-16T20:30:00,Siège Est,73.3
2026-07-16T20:30:00,Usine Nord,970.6
2026-07-16T20:45:00,Atelier Sud,82.5
2026-07-16T20:45:00,Siège Est,56.6
2026-07-16T20:45:00,Usine Nord,933.5
2026-07-16T21:00:00,Atelier Sud,68.7
2026-07-16T21:00:00,Siège Est,92.1
2026-07-16T21:00:00,Usine Nord,991.2
2026-07-16T21:15:00,Atelier Sud,61.1
2026-07-16T21:15:00,Siège Est,61.1
2026-07-16T21:15:00,Usine Nord,949.3
2026-07-16T21:30:00,Atelier Sud,79.5
2026-07-16T21:30:00,Siège Est,64.2
2026-07-16T21:30:00,Usine Nord,920.2
2026-07-16T21:45:00,Atelier Sud,81.7
2026-07-16T21:45:00,Siège Est,80.9
2026-07-16T21:45:00,Usine Nord,965.8
2026-07-16T22:00:00,Atelier Sud,88.1
2026-07-16T22:00:00,Siège Est,71.3
2026-07-16T22:00:00,Usine Nord,653.6
2026-07-16T22:15:00,Atelier Sud,82.5
2026-07-16T22:15:00,Siège Est,86.8
2026-07-16T22:15:00,Usine Nord,615.1
2026-07-16T22:30:00,Atelier Sud,49.2
2026-07-16T22:30:00,Siège Est,77.9
2026-07-16T22:30:00,Usine Nord,691.7
2026-07-16T22:45:00,Atelier Sud,66.9
2026-07-16T22:45:00,Siège Est,74.3
2026-07-16T22:45:00,Usine Nord,638.6
2026-07-16T23:00:00,Atelier Sud,77.3
2026-07-16T23:00:00,Siège Est,64.3
2026-07-16T23:00:00,Usine Nord,661.1
2026-07-16T23:15:00,Atelier Sud,49.2
2026-07-16T23:15:00,Siège Est,86.8
2026-07-16T23:15:00,Usine Nord,708.5
2026-07-16T23:30:00,Atelier Sud,57.6
2026-07-16T23:30:00,Siège Est,75.7
2026-07-16T23:30:00,Usine Nord,633.2
2026-07-16T23:45:00,Atelier Sud,56.3
2026-07-16T23:45:00,Siège Est,74.9
2026-07-16T23:45:00,Usine Nord,632.4
2026-07-17T00:00:00,Atelier Sud,76.0
2026-07-17T00:00:00,Siège Est,82.6
2026-07-17T00:00:00,Usine Nord,658.7
2026-07-17T00:15:00,Atelier Sud,54.7
2026-07-17T00:15:00,Siège Est,78.2
2026-07-17T00:15:00,Usine Nord,595.5
2026-07-17T00:30:00,Atelier Sud,85.4
2026-07-17T00:30:00,Siège Est,74.9
2026-07-17T00:30:00,Usine Nord,672.8
2026-07-17T00:45:00,Atelier Sud,77.7
2026-07-17T00:45:00,Siège Est,76.1
2026-07-17T00:45:00,Usine Nord,756.4
2026-07-17T01:00:00,Atelier Sud,87.3
2026-07-17T01:00:00,Siège Est,79.8
2026-07-17T01:00:00,Usine Nord,680.4
2026-07-17T01:15:00,Atelier Sud,69.2
2026-07-17T01:15:00,Siège Est,80.7
2026-07-17T01:15:00,Usine Nord,676.0
2026-07-17T01:30:00,Atelier Sud,79.3
2026-07-17T01:30:00,Siège Est,64.1
2026-07-17T01:30:00,Usine Nord,623.6
2026-07-17T01:45:00,Atelier Sud,55.5
2026-07-17T01:45:00,Siège Est,82.4
2026-07-17T01:45:00,Usine Nord,619.2
2026-07-17T02:00:00,Atelier Sud,60.3
2026-07-17T02:00:00,Siège Est,60.3
2026-07-17T02:00:00,Usine Nord,676.6
2026-07-17T02:15:00,Atelier Sud,74.9
2026-07-17T02:15:00,Siège Est,101.5
2026-07-17T02:15:00,Usine Nord,621.1
2026-07-17T02:30:00,Atelier Sud,71.6
2026-07-17T02:30:00,Siège Est,69.1
2026-07-17T02:30:00,Usine Nord,649.2
2026-07-17T02:45:00,Atelier Sud,79.9
2026-07-17T02:45:00,Siège Est,83.0
2026-07-17T02:45:00,Usine Nord,659.1
2026-07-17T03:00:00,Atelier Sud,77.2
2026-07-17T03:00:00,Siège Est,71.4
2026-07-17T03:00:00,Usine Nord,668.1
2026-07-17T03:15:00,Atelier Sud,74.6
2026-07-17T03:15:00,Siège Est,57.4
2026-07-17T03:15:00,Usine Nord,649.7
2026-07-17T03:30:00,Atelier Sud,38.8
2026-07-17T03:30:00,Siège Est,78.3
2026-07-17T03:30:00,Usine Nord,630.8
2026-07-17T03:45:00,Atelier Sud,92.8
2026-07-17T03:45:00,Siège Est,67.0
2026-07-17T03:45:00,Usine Nord,667.4
2026-07-17T04:00:00,Atelier Sud,59.0
2026-07-17T04:00:00,Siège Est,77.6
2026-07-17T04:00:00,Usine Nord,659.3
2026-07-17T04:15:00,Atelier Sud,84.4
2026-07-17T04:15:00,Siège Est,81.1
2026-07-17T04:15:00,Usine Nord,673.3
2026-07-17T04:30:00,Atelier Sud,55.9
2026-07-17T04:30:00,Siège Est,87.3
2026-07-17T04:30:00,Usine Nord,625.5
2026-07-17T04:45:00,Atelier Sud,81.5
2026-07-17T04:45:00,Siège Est,81.9
2026-07-17T04:45:00,Usine Nord,683.6
2026-07-17T05:00:00,Atelier Sud,83.4
2026-07-17T05:00:00,Siège Est,82.2
2026-07-17T05:00:00,Usine Nord,660.5
2026-07-17T05:15:00,Atelier Sud,64.1
2026-07-17T05:15:00,Siège Est,87.1
2026-07-17T05:15:00,Usine Nord,641.7
2026-07-17T05:30:00,Atelier Sud,64.2
2026-07-17T05:30:00,Siège Est,71.5
2026-07-17T05:30:00,Usine Nord,662.5
2026-07-17T05:45:00,Atelier Sud,52.7
2026-07-17T05:45:00,Siège Est,80.7
2026-07-17T05:45:00,Usine Nord,646.7
2026-07-17T06:00:00,Atelier Sud,63.2
2026-07-17T06:00:00,Siège Est,78.2
2026-07-17T06:00:00,Usine Nord,909.0
2026-07-17T06:15:00,Atelier Sud,91.1
2026-07-17T06:15:00,Siège Est,87.5
2026-07-17T06:15:00,Usine Nord,935.7
2026-07-17T06:30:00,Atelier Sud,106.4
2026-07-17T06:30:00,Siège Est,68.3
2026-07-17T06:30:00,Usine Nord,958.0
2026-07-17T06:45:00,Atelier Sud,124.0
2026-07-17T06:45:00,Siège Est,77.6
2026-07-17T06:45:00,Usine Nord,956.6
2026-07-17T07:00:00,Atelier Sud,131.6
2026-07-17T07:00:00,Siège Est,69.9
2026-07-17T07:00:00,Usine Nord,955.3
2026-07-17T07:15:00,Atelier Sud,172.5
2026-07-17T07:15:00,Siège Est,88.3
2026-07-17T07:15:00,Usine Nord,933.1
2026-07-17T07:30:00,Atelier Sud,198.3
2026-07-17T07:30:00,Siège Est,74.0
2026-07-17T07:30:00,Usine Nord,926.9
2026-07-17T07:45:00,Atelier Sud,231.0
2026-07-17T07:45:00,Siège Est,87.0
2026-07-17T07:45:00,Usine Nord,940.4
2026-07-17T08:00:00,Atelier Sud,202.2
2026-07-17T08:00:00,Siège Est,252.0
2026-07-17T08:00:00,Usine Nord,954.2
2026-07-17T08:15:00,Atelier Sud,200.8
2026-07-17T08:15:00,Siège Est,250.0
2026-07-17T08:15:00,Usine Nord,947.6
2026-07-17T08:30:00,Atelier Sud,231.8
2026-07-17T08:30:00,Siège Est,263.2
2026-07-17T08:30:00,Usine Nord,957.7
2026-07-17T08:45:00,Atelier Sud,253.3
2026-07-17T08:45:00,Siège Est,265.6
2026-07-17T08:45:00,Usine Nord,934.8
2026-07-17T09:00:00,Atelier Sud,306.4
2026-07-17T09:00:00,Siège Est,251.4
2026-07-17T09:00:00,Usine Nord,936.9
2026-07-17T09:15:00,Atelier Sud,266.8
2026-07-17T09:15:00,Siège Est,270.0
2026-07-17T09:15:00,Usine Nord,936.4
2026-07-17T09:30:00,Atelier Sud,297.3
2026-07-17T09:30:00,Siège Est,252.2
2026-07-17T09:30:00,Usine Nord,943.5
2026-07-17T09:45:00,Atelier Sud,314.5
2026-07-17T09:45:00,Siège Est,260.5
2026-07-17T09:45:00,Usine Nord,936.4
2026-07-17T10:00:00,Atelier Sud,329.3
2026-07-17T10:00:00,Siège Est,250.2
2026-07-17T10:00:00,Usine Nord,948.6
2026-07-17T10:15:00,Atelier Sud,288.1
2026-07-17T10:15:00,Siège Est,244.8
2026-07-17T10:15:00,Usine Nord,939.5
2026-07-17T10:30:00,Atelier Sud,357.1
2026-07-17T10:30:00,Siège Est,253.1
2026-07-17T10:30:00,Usine Nord,979.7
2026-07-17T10:45:00,Atelier Sud,309.2
2026-07-17T10:45:00,Siège Est,265.9
2026-07-17T10:45:00,Usine Nord,933.9
2026-07-17T11:00:00,Atelier Sud,347.1
2026-07-17T11:00:00,Siège Est,261.3
2026-07-17T11:00:00,Usine Nord,928.8
2026-07-17T11:15:00,Atelier Sud,335.4
2026-07-17T11:15:00,Siège Est,249.2
2026-07-17T11:15:00,Usine Nord,959.3
2026-07-17T11:30:00,Atelier Sud,317.8
2026-07-17T11:30:00,Siège Est,264.2
2026-07-17T11:30:00,Usine Nord,986.9
2026-07-17T11:45:00,Atelier Sud,331.1
2026-07-17T11:45:00,Siège Est,255.6
2026-07-17T11:45:00,Usine Nord,946.4
2026-07-17T12:00:00,Atelier Sud,306.8
2026-07-17T12:00:00,Siège Est,257.1
2026-07-17T12:00:00,Usine Nord,922.9
2026-07-17T12:15:00,Atelier Sud,303.3
2026-07-17T12:15:00,Siège Est,272.6
2026-07-17T12:15:00,Usine Nord,966.9
2026-07-17T12:30:00,Atelier Sud,317.1
2026-07-17T12:30:00,Siège Est,254.0
2026-07-17T12:30:00,Usine Nord,926.4
2026-07-17T12:45:00,Atelier Sud,360.1
2026-07-17T12:45:00,Siège Est,266.4
2026-07-17T12:45:00,Usine Nord,948.5
2026-07-17T13:00:00,Atelier Sud,338.4
2026-07-17T13:00:00,Siège Est,248.4
2026-07-17T13:00:00,Usine Nord,943.8
2026-07-17T13:15:00,Atelier Sud,340.4
2026-07-17T13:15:00,Siège Est,268.2
2026-07-17T13:15:00,Usine Nord,923.4
2026-07-17T13:30:00,Atelier Sud,298.9
2026-07-17T13:30:00,Siège Est,268.7
2026-07-17T13:30:00,Usine Nord,967.9
2026-07-17T13:45:00,Atelier Sud,323.5
2026-07-17T13:45:00,Siège Est,249.2
2026-07-17T13:45:00,Usine Nord,957.4
2026-07-17T14:00:00,Atelier Sud,312.5
2026-07-17T14:00:00,Siège Est,263.0
2026-07-17T14:00:00,Usine Nord,1197.3
2026-07-17T14:15:00,Atelier Sud,271.1
2026-07-17T14:15:00,Siège Est,264.9
2026-07-17T14:15:00,Usine Nord,956.0
2026-07-17T14:30:00,Atelier Sud,297.4
2026-07-17T14:30:00,Siège Est,246.4
2026-07-17T14:30:00,Usine Nord,923.4
2026-07-17T14:45:00,Atelier Sud,255.6
2026-07-17T14:45:00,Siège Est,246.6
2026-07-17T14:45:00,Usine Nord,942.9
2026-07-17T15:00:00,Atelier Sud,271.3
2026-07-17T15:00:00,Siège Est,256.0
2026-07-17T15:00:00,Usine Nord,957.0
2026-07-17T15:15:00,Atelier Sud,232.7
2026-07-17T15:15:00,Siège Est,256.1
2026-07-17T15:15:00,Usine Nord,965.4
2026-07-17T15:30:00,Atelier Sud,220.6
2026-07-17T15:30:00,Siège Est,259.9
2026-07-17T15:30:00,Usine Nord,908.5
2026-07-17T15:45:00,Atelier Sud,237.2
2026-07-17T15:45:00,Siège Est,262.8
2026-07-17T15:45:00,Usine Nord,960.0
2026-07-17T16:00:00,Atelier Sud,161.5
2026-07-17T16:00:00,Siège Est,267.6
2026-07-17T16:00:00,Usine Nord,926.0
2026-07-17T16:15:00,Atelier Sud,216.0
2026-07-17T16:15:00,Siège Est,255.7
2026-07-17T16:15:00,Usine Nord,902.3
2026-07-17T16:30:00,Atelier Sud,151.0
2026-07-17T16:30:00,Siège Est,257.7
2026-07-17T16:30:00,Usine Nord,967.7
2026-07-17T16:45:00,Atelier Sud,135.8
2026-07-17T16:45:00,Siège Est,256.5
2026-07-17T16:45:00,Usine Nord,974.1
2026-07-17T17:00:00,Atelier Sud,110.5
2026-07-17T17:00:00,Siège Est,282.9
2026-07-17T17:00:00,Usine Nord,926.5
2026-07-17T17:15:00,Atelier Sud,139.3
2026-07-17T17:15:00,Siège Est,276.8
2026-07-17T17:15:00,Usine Nord,967.7
2026-07-17T17:30:00,Atelier Sud,102.4
2026-07-17T17:30:00,Siège Est,254.5
2026-07-17T17:30:00,Usine Nord,951.0
2026-07-17T17:45:00,Atelier Sud,74.4
2026-07-17T17:45:00,Siège Est,255.3
2026-07-17T17:45:00,Usine Nord,967.4
2026-07-17T18:00:00,Atelier Sud,48.9
2026-07-17T18:00:00,Siège Est,260.4
2026-07-17T18:00:00,Usine Nord,991.9
2026-07-17T18:15:00,Atelier Sud,87.1
2026-07-17T18:15:00,Siège Est,264.7
2026-07-17T18:15:00,Usine Nord,977.4
2026-07-17T18:30:00,Atelier Sud,59.4
2026-07-17T18:30:00,Siège Est,250.3
2026-07-17T18:30:00,Usine Nord,953.5
2026-07-17T18:45:00,Atelier Sud,62.9
2026-07-17T18:45:00,Siège Est,264.1
2026-07-17T18:45:00,Usine Nord,924.1
2026-07-17T19:00:00,Atelier Sud,75.3
2026-07-17T19:00:00,Siège Est,75.9
2026-07-17T19:00:00,Usine Nord,933.7
2026-07-17T19:15:00,Atelier Sud,77.9
2026-07-17T19:15:00,Siège Est,93.0
2026-07-17T19:15:00,Usine Nord,942.6
2026-07-17T19:30:00,Atelier Sud,91.7
2026-07-17T19:30:00,Siège Est,84.6
2026-07-17T19:30:00,Usine Nord,935.9
2026-07-17T19:45:00,Atelier Sud,62.0
2026-07-17T19:45:00,Siège Est,63.5
2026-07-17T19:45:00,Usine Nord,957.9
2026-07-17T20:00:00,Atelier Sud,53.0
2026-07-17T20:00:00,Siège Est,68.2
2026-07-17T20:00:00,Usine Nord,963.3
2026-07-17T20:15:00,Atelier Sud,64.4
2026-07-17T20:15:00,Siège Est,79.0
2026-07-17T20:15:00,Usine Nord,991.2
2026-07-17T20:30:00,Atelier Sud,57.7
2026-07-17T20:30:00,Siège Est,68.1
2026-07-17T20:30:00,Usine Nord,975.8
2026-07-17T20:45:00,Atelier Sud,58.9
2026-07-17T20:45:00,Siège Est,62.8
2026-07-17T20:45:00,Usine Nord,921.2
2026-07-17T21:00:00,Atelier Sud,55.6
2026-07-17T21:00:00,Siège Est,77.7
2026-07-17T21:00:00,Usine Nord,1005.5
2026-07-17T21:15:00,Atelier Sud,75.1
2026-07-17T21:15:00,Siège Est,65.0
2026-07-17T21:15:00,Usine Nord,949.7
2026-07-17T21:30:00,Atelier Sud,82.7
2026-07-17T21:30:00,Siège Est,75.3
2026-07-17T21:30:00,Usine Nord,940.6
2026-07-17T21:45:00,Atelier Sud,77.9
2026-07-17T21:45:00,Siège Est,75.8
2026-07-17T21:45:00,Usine Nord,910.3
2026-07-17T22:00:00,Atelier Sud,40.5
2026-07-17T22:00:00,Siège Est,86.7
2026-07-17T22:00:00,Usine Nord,651.4
2026-07-17T22:15:00,Atelier Sud,43.0
2026-07-17T22:15:00,Siège Est,77.5
2026-07-17T22:15:00,Usine Nord,700.0
2026-07-17T22:30:00,Atelier Sud,84.6
2026-07-17T22:30:00,Siège Est,100.5
2026-07-17T22:30:00,Usine Nord,648.4
2026-07-17T22:45:00,Atelier Sud,49.5
2026-07-17T22:45:00,Siège Est,86.1
2026-07-17T22:45:00,Usine Nord,661.0
2026-07-17T23:00:00,Atelier Sud,82.0
2026-07-17T23:00:00,Siège Est,83.3
2026-07-17T23:00:00,Usine Nord,658.2
2026-07-17T23:15:00,Atelier Sud,56.7
2026-07-17T23:15:00,Siège Est,81.4
2026-07-17T23:15:00,Usine Nord,672.1
2026-07-17T23:30:00,Atelier Sud,64.8
2026-07-17T23:30:00,Siège Est,78.6
2026-07-17T23:30:00,Usine Nord,632.3
2026-07-17T23:45:00,Atelier Sud,104.8
2026-07-17T23:45:00,Siège Est,73.1
2026-07-17T23:45:00,Usine Nord,630.6
2026-07-18T00:00:00,Atelier Sud,78.3
2026-07-18T00:00:00,Siège Est,77.6
2026-07-18T00:00:00,Usine Nord,371.6
2026-07-18T00:15:00,Atelier Sud,64.0
2026-07-18T00:15:00,Siège Est,82.8
2026-07-18T00:15:00,Usine Nord,378.7
2026-07-18T00:30:00,Atelier Sud,97.0
2026-07-18T00:30:00,Siège Est,65.1
2026-07-18T00:30:00,Usine Nord,342.1
2026-07-18T00:45:00,Atelier Sud,63.9
2026-07-18T00:45:00,Siège Est,77.8
2026-07-18T00:45:00,Usine Nord,366.1
2026-07-18T01:00:00,Atelier Sud,60.5
2026-07-18T01:00:00,Siège Est,94.8
2026-07-18T01:00:00,Usine Nord,379.6
2026-07-18T01:15:00,Atelier Sud,76.9
2026-07-18T01:15:00,Siège Est,80.9
2026-07-18T01:15:00,Usine Nord,365.4
2026-07-18T01:30:00,Atelier Sud,89.6
2026-07-18T01:30:00,Siège Est,81.6
2026-07-18T01:30:00,Usine Nord,347.6
2026-07-18T01:45:00,Atelier Sud,79.4
2026-07-18T01:45:00,Siège Est,72.2
2026-07-18T01:45:00,Usine Nord,404.6
2026-07-18T02:00:00,Atelier Sud,93.8
2026-07-18T02:00:00,Siège Est,78.3
2026-07-18T02:00:00,Usine Nord,390.1
2026-07-18T02:15:00,Atelier Sud,88.3
2026-07-18T02:15:00,Siège Est,65.1
2026-07-18T02:15:00,Usine Nord,371.6
2026-07-18T02:30:00,Atelier Sud,88.3
2026-07-18T02:30:00,Siège Est,70.2
2026-07-18T02:30:00,Usine Nord,353.9
2026-07-18T02:45:00,Atelier Sud,74.1
2026-07-18T02:45:00,Siège Est,78.5
2026-07-18T02:45:00,Usine Nord,328.7
2026-07-18T03:00:00,Atelier Sud,65.7
2026-07-18T03:00:00,Siège Est,71.7
2026-07-18T03:00:00,Usine Nord,347.1
2026-07-18T03:15:00,Atelier Sud,60.3
2026-07-18T03:15:00,Siège Est,71.0
2026-07-18T03:15:00,Usine Nord,358.0
2026-07-18T03:30:00,Atelier Sud,68.7
2026-07-18T03:30:00,Siège Est,98.3
2026-07-18T03:30:00,Usine Nord,335.3
2026-07-18T03:45:00,Atelier Sud,61.6
2026-07-18T03:45:00,Siège Est,91.4
2026-07-18T03:45:00,Usine Nord,380.4
2026-07-18T04:00:00,Atelier Sud,66.4
2026-07-18T04:00:00,Siège Est,87.2
2026-07-18T04:00:00,Usine Nord,329.1
2026-07-18T04:15:00,Atelier Sud,45.9
2026-07-18T04:15:00,Siège Est,64.2
2026-07-18T04:15:00,Usine Nord,394.1
2026-07-18T04:30:00,Atelier Sud,43.8
2026-07-18T04:30:00,Siège Est,77.5
2026-07-18T04:30:00,Usine Nord,348.1
2026-07-18T04:45:00,Atelier Sud,106.8
2026-07-18T04:45:00,Siège Est,65.0
2026-07-18T04:45:00,Usine Nord,339.5
2026-07-18T05:00:00,Atelier Sud,92.2
2026-07-18T05:00:00,Siège Est,74.8
2026-07-18T05:00:00,Usine Nord,350.7
2026-07-18T05:15:00,Atelier Sud,71.5
2026-07-18T05:15:00,Siège Est,80.0
2026-07-18T05:15:00,Usine Nord,368.4
2026-07-18T05:30:00,Atelier Sud,83.3
2026-07-18T05:30:00,Siège Est,76.2
2026-07-18T05:30:00,Usine Nord,380.7
2026-07-18T05:45:00,Atelier Sud,80.9
2026-07-18T05:45:00,Siège Est,79.8
2026-07-18T05:45:00,Usine Nord,332.3
2026-07-18T06:00:00,Atelier Sud,69.0
2026-07-18T06:00:00,Siège Est,81.4
2026-07-18T06:00:00,Usine Nord,537.6
2026-07-18T06:15:00,Atelier Sud,56.1
2026-07-18T06:15:00,Siège Est,67.7
2026-07-18T06:15:00,Usine Nord,512.7
2026-07-18T06:30:00,Atelier Sud,91.2
2026-07-18T06:30:00,Siège Est,69.2
2026-07-18T06:30:00,Usine Nord,492.6
2026-07-18T06:45:00,Atelier Sud,85.3
2026-07-18T06:45:00,Siège Est,75.5
2026-07-18T06:45:00,Usine Nord,496.7
2026-07-18T07:00:00,Atelier Sud,64.8
2026-07-18T07:00:00,Siège Est,78.2
2026-07-18T07:00:00,Usine Nord,549.9
2026-07-18T07:15:00,Atelier Sud,88.4
2026-07-18T07:15:00,Siège Est,64.6
2026-07-18T07:15:00,Usine Nord,492.0
2026-07-18T07:30:00,Atelier Sud,73.0
2026-07-18T07:30:00,Siège Est,56.4
2026-07-18T07:30:00,Usine Nord,508.4
2026-07-18T07:45:00,Atelier Sud,102.4
2026-07-18T07:45:00,Siège Est,72.1
2026-07-18T07:45:00,Usine Nord,523.4
2026-07-18T08:00:00,Atelier Sud,39.5
2026-07-18T08:00:00,Siège Est,72.3
2026-07-18T08:00:00,Usine Nord,556.5
2026-07-18T08:15:00,Atelier Sud,79.8
2026-07-18T08:15:00,Siège Est,81.7
2026-07-18T08:15:00,Usine Nord,474.4
2026-07-18T08:30:00,Atelier Sud,39.0
2026-07-18T08:30:00,Siège Est,78.3
2026-07-18T08:30:00,Usine Nord,525.8
2026-07-18T08:45:00,Atelier Sud,69.5
2026-07-18T08:45:00,Siège Est,67.5
2026-07-18T08:45:00,Usine Nord,526.2
2026-07-18T09:00:00,Atelier Sud,23.0
2026-07-18T09:00:00,Siège Est,81.3
2026-07-18T09:00:00,Usine Nord,484.8
2026-07-18T09:15:00,Atelier Sud,23.0
2026-07-18T09:15:00,Siège Est,94.7
2026-07-18T09:15:00,Usine Nord,512.3
2026-07-18T09:30:00,Atelier Sud,36.2
2026-07-18T09:30:00,Siège Est,83.2
2026-07-18T09:30:00,Usine Nord,514.9
2026-07-18T09:45:00,Atelier Sud,15.0
2026-07-18T09:45:00,Siège Est,84.0
2026-07-18T09:45:00,Usine Nord,534.9
2026-07-18T10:00:00,Atelier Sud,56.0
2026-07-18T10:00:00,Siège Est,83.1
2026-07-18T10:00:00,Usine Nord,515.1
2026-07-18T10:15:00,Atelier Sud,27.1
2026-07-18T10:15:00,Siège Est,70.3
2026-07-18T10:15:00,Usine Nord,510.0
2026-07-18T10:30:00,Atelier Sud,25.1
2026-07-18T10:30:00,Siège Est,77.4
2026-07-18T10:30:00,Usine Nord,526.9
2026-07-18T10:45:00,Atelier Sud,59.8
2026-07-18T10:45:00,Siège Est,81.7
2026-07-18T10:45:00,Usine Nord,546.6
2026-07-18T11:00:00,Atelier Sud,15.0
2026-07-18T11:00:00,Siège Est,83.7
2026-07-18T11:00:00,Usine Nord,492.5
2026-07-18T11:15:00,Atelier Sud,60.0
2026-07-18T11:15:00,Siège Est,91.2
2026-07-18T11:15:00,Usine Nord,523.3
2026-07-18T11:30:00,Atelier Sud,15.0
2026-07-18T11:30:00,Siège Est,83.0
2026-07-18T11:30:00,Usine Nord,517.0
2026-07-18T11:45:00,Atelier Sud,15.0
2026-07-18T11:45:00,Siège Est,71.5
2026-07-18T11:45:00,Usine Nord,520.8
2026-07-18T12:00:00,Atelier Sud,15.0
2026-07-18T12:00:00,Siège Est,69.3
2026-07-18T12:00:00,Usine Nord,543.1
2026-07-18T12:15:00,Atelier Sud,15.0
2026-07-18T12:15:00,Siège Est,74.1
2026-07-18T12:15:00,Usine Nord,508.4
2026-07-18T12:30:00,Atelier Sud,21.3
2026-07-18T12:30:00,Siège Est,91.5
2026-07-18T12:30:00,Usine Nord,488.3
2026-07-18T12:45:00,Atelier Sud,79.4
2026-07-18T12:45:00,Siège Est,71.3
2026-07-18T12:45:00,Usine Nord,517.1
2026-07-18T13:00:00,Atelier Sud,35.9
2026-07-18T13:00:00,Siège Est,97.3
2026-07-18T13:00:00,Usine Nord,493.0
2026-07-18T13:15:00,Atelier Sud,15.0
2026-07-18T13:15:00,Siège Est,68.3
2026-07-18T13:15:00,Usine Nord,559.0
2026-07-18T13:30:00,Atelier Sud,37.7
2026-07-18T13:30:00,Siège Est,64.9
2026-07-18T13:30:00,Usine Nord,553.4
2026-07-18T13:45:00,Atelier Sud,15.0
2026-07-18T13:45:00,Siège Est,93.3
2026-07-18T13:45:00,Usine Nord,497.7
2026-07-18T14:00:00,Atelier Sud,21.2
2026-07-18T14:00:00,Siège Est,62.8
2026-07-18T14:00:00,Usine Nord,522.0
2026-07-18T14:15:00,Atelier Sud,41.4
2026-07-18T14:15:00,Siège Est,71.7
2026-07-18T14:15:00,Usine Nord,485.1
2026-07-18T14:30:00,Atelier Sud,50.5
2026-07-18T14:30:00,Siège Est,68.8
2026-07-18T14:30:00,Usine Nord,517.9
2026-07-18T14:45:00,Atelier Sud,56.1
2026-07-18T14:45:00,Siège Est,82.8
2026-07-18T14:45:00,Usine Nord,511.2
2026-07-18T15:00:00,Atelier Sud,31.8
2026-07-18T15:00:00,Siège Est,80.5
2026-07-18T15:00:00,Usine Nord,565.0
2026-07-18T15:15:00,Atelier Sud,39.3
2026-07-18T15:15:00,Siège Est,90.1
2026-07-18T15:15:00,Usine Nord,533.1
2026-07-18T15:30:00,Atelier Sud,35.3
2026-07-18T15:30:00,Siège Est,72.8
2026-07-18T15:30:00,Usine Nord,527.4
2026-07-18T15:45:00,Atelier Sud,37.8
2026-07-18T15:45:00,Siège Est,77.3
2026-07-18T15:45:00,Usine Nord,547.5
2026-07-18T16:00:00,Atelier Sud,15.0
2026-07-18T16:00:00,Siège Est,80.0
2026-07-18T16:00:00,Usine Nord,513.1
2026-07-18T16:15:00,Atelier Sud,31.2
2026-07-18T16:15:00,Siège Est,66.6
2026-07-18T16:15:00,Usine Nord,537.6
2026-07-18T16:30:00,Atelier Sud,48.8
2026-07-18T16:30:00,Siège Est,73.2
2026-07-18T16:30:00,Usine Nord,506.6
2026-07-18T16:45:00,Atelier Sud,26.1
2026-07-18T16:45:00,Siège Est,65.7
2026-07-18T16:45:00,Usine Nord,508.7
2026-07-18T17:00:00,Atelier Sud,50.2
2026-07-18T17:00:00,Siège Est,61.6
2026-07-18T17:00:00,Usine Nord,566.1
2026-07-18T17:15:00,Atelier Sud,41.5
2026-07-18T17:15:00,Siège Est,88.5
2026-07-18T17:15:00,Usine Nord,458.3
2026-07-18T17:30:00,Atelier Sud,59.6
2026-07-18T17:30:00,Siège Est,76.2
2026-07-18T17:30:00,Usine Nord,536.0
2026-07-18T17:45:00,Atelier Sud,84.5
2026-07-18T17:45:00,Siège Est,69.1
2026-07-18T17:45:00,Usine Nord,505.2
2026-07-18T18:00:00,Atelier Sud,69.4
2026-07-18T18:00:00,Siège Est,79.9
2026-07-18T18:00:00,Usine Nord,543.4
2026-07-18T18:15:00,Atelier Sud,91.8
2026-07-18T18:15:00,Siège Est,60.5
2026-07-18T18:15:00,Usine Nord,504.8
2026-07-18T18:30:00,Atelier Sud,47.2
2026-07-18T18:30:00,Siège Est,81.9
2026-07-18T18:30:00,Usine Nord,525.9
2026-07-18T18:45:00,Atelier Sud,72.2
2026-07-18T18:45:00,Siège Est,77.5
2026-07-18T18:45:00,Usine Nord,491.6
2026-07-18T19:00:00,Atelier Sud,85.0
2026-07-18T19:00:00,Siège Est,75.4
2026-07-18T19:00:00,Usine Nord,547.1
2026-07-18T19:15:00,Atelier Sud,55.8
2026-07-18T19:15:00,Siège Est,72.8
2026-07-18T19:15:00,Usine Nord,505.3
2026-07-18T19:30:00,Atelier Sud,66.6
2026-07-18T19:30:00,Siège Est,72.6
2026-07-18T19:30:00,Usine Nord,489.3
2026-07-18T19:45:00,Atelier Sud,68.0
2026-07-18T19:45:00,Siège Est,78.2
2026-07-18T19:45:00,Usine Nord,448.9
2026-07-18T20:00:00,Atelier Sud,66.2
2026-07-18T20:00:00,Siège Est,81.7
2026-07-18T20:00:00,Usine Nord,480.4
2026-07-18T20:15:00,Atelier Sud,61.2
2026-07-18T20:15:00,Siège Est,85.5
2026-07-18T20:15:00,Usine Nord,538.2
2026-07-18T20:30:00,Atelier Sud,122.5
2026-07-18T20:30:00,Siège Est,80.9
2026-07-18T20:30:00,Usine Nord,493.0
2026-07-18T20:45:00,Atelier Sud,48.5
2026-07-18T20:45:00,Siège Est,84.2
2026-07-18T20:45:00,Usine Nord,491.7
2026-07-18T21:00:00,Atelier Sud,73.9
2026-07-18T21:00:00,Siège Est,91.3
2026-07-18T21:00:00,Usine Nord,522.2
2026-07-18T21:15:00,Atelier Sud,58.3
2026-07-18T21:15:00,Siège Est,97.0
2026-07-18T21:15:00,Usine Nord,518.0
2026-07-18T21:30:00,Atelier Sud,72.5
2026-07-18T21:30:00,Siège Est,70.7
2026-07-18T21:30:00,Usine Nord,524.6
2026-07-18T21:45:00,Atelier Sud,70.2
2026-07-18T21:45:00,Siège Est,86.5
2026-07-18T21:45:00,Usine Nord,514.9
2026-07-18T22:00:00,Atelier Sud,73.6
2026-07-18T22:00:00,Siège Est,97.7
2026-07-18T22:00:00,Usine Nord,397.7
2026-07-18T22:15:00,Atelier Sud,64.5
2026-07-18T22:15:00,Siège Est,83.5
2026-07-18T22:15:00,Usine Nord,329.5
2026-07-18T22:30:00,Atelier Sud,70.7
2026-07-18T22:30:00,Siège Est,90.4
2026-07-18T22:30:00,Usine Nord,340.3
2026-07-18T22:45:00,Atelier Sud,64.3
2026-07-18T22:45:00,Siège Est,65.0
2026-07-18T22:45:00,Usine Nord,349.9
2026-07-18T23:00:00,Atelier Sud,69.5
2026-07-18T23:00:00,Siège Est,92.4
2026-07-18T23:00:00,Usine Nord,368.3
2026-07-18T23:15:00,Atelier Sud,65.1
2026-07-18T23:15:00,Siège Est,69.9
2026-07-18T23:15:00,Usine Nord,389.8
2026-07-18T23:30:00,Atelier Sud,69.5
2026-07-18T23:30:00,Siège Est,64.1
2026-07-18T23:30:00,Usine Nord,356.7
2026-07-18T23:45:00,Atelier Sud,88.2
2026-07-18T23:45:00,Siège Est,79.6
2026-07-18T23:45:00,Usine Nord,374.4
2026-07-19T00:00:00,Atelier Sud,82.6
2026-07-19T00:00:00,Siège Est,65.9
2026-07-19T00:00:00,Usine Nord,365.3
2026-07-19T00:15:00,Atelier Sud,40.7
2026-07-19T00:15:00,Siège Est,84.6
2026-07-19T00:15:00,Usine Nord,424.0
2026-07-19T00:30:00,Atelier Sud,64.6
2026-07-19T00:30:00,Siège Est,69.0
2026-07-19T00:30:00,Usine Nord,341.1
2026-07-19T00:45:00,Atelier Sud,48.0
2026-07-19T00:45:00,Siège Est,52.7
2026-07-19T00:45:00,Usine Nord,387.8
2026-07-19T01:00:00,Atelier Sud,90.1
2026-07-19T01:00:00,Siège Est,73.6
2026-07-19T01:00:00,Usine Nord,355.5
2026-07-19T01:15:00,Atelier Sud,63.5
2026-07-19T01:15:00,Siège Est,79.6
2026-07-19T01:15:00,Usine Nord,361.8
2026-07-19T01:30:00,Atelier Sud,98.9
2026-07-19T01:30:00,Siège Est,75.3
2026-07-19T01:30:00,Usine Nord,371.8
2026-07-19T01:45:00,Atelier Sud,68.8
2026-07-19T01:45:00,Siège Est,74.7
2026-07-19T01:45:00,Usine Nord,384.9
2026-07-19T02:00:00,Atelier Sud,57.5
2026-07-19T02:00:00,Siège Est,77.0
2026-07-19T02:00:00,Usine Nord,340.8
2026-07-19T02:15:00,Atelier Sud,83.8
2026-07-19T02:15:00,Siège Est,69.2
2026-07-19T02:15:00,Usine Nord,353.0
2026-07-19T02:30:00,Atelier Sud,32.2
2026-07-19T02:30:00,Siège Est,72.7
2026-07-19T02:30:00,Usine Nord,334.7
2026-07-19T02:45:00,Atelier Sud,85.6
2026-07-19T02:45:00,Siège Est,62.5
2026-07-19T02:45:00,Usine Nord,294.5
2026-07-19T03:00:00,Atelier Sud,83.1
2026-07-19T03:00:00,Siège Est,70.1
2026-07-19T03:00:00,Usine Nord,404.6
2026-07-19T03:15:00,Atelier Sud,68.7
2026-07-19T03:15:00,Siège Est,88.5
2026-07-19T03:15:00,Usine Nord,359.7
2026-07-19T03:30:00,Atelier Sud,49.4
2026-07-19T03:30:00,Siège Est,88.9
2026-07-19T03:30:00,Usine Nord,354.7
2026-07-19T03:45:00,Atelier Sud,52.7
2026-07-19T03:45:00,Siège Est,68.7
2026-07-19T03:45:00,Usine Nord,337.4
2026-07-19T04:00:00,Atelier Sud,67.2
2026-07-19T04:00:00,Siège Est,81.8
2026-07-19T04:00:00,Usine Nord,350.6
2026-07-19T04:15:00,Atelier Sud,40.0
2026-07-19T04:15:00,Siège Est,73.1
2026-07-19T04:15:00,Usine Nord,364.5
2026-07-19T04:30:00,Atelier Sud,68.3
2026-07-19T04:30:00,Siège Est,62.6
2026-07-19T04:30:00,Usine Nord,384.0
2026-07-19T04:45:00,Atelier Sud,78.7
2026-07-19T04:45:00,Siège Est,74.2
2026-07-19T04:45:00,Usine Nord,362.7
2026-07-19T05:00:00,Atelier Sud,52.2
2026-07-19T05:00:00,Siège Est,58.4
2026-07-19T05:00:00,Usine Nord,359.2
2026-07-19T05:15:00,Atelier Sud,52.9
2026-07-19T05:15:00,Siège Est,80.7
2026-07-19T05:15:00,Usine Nord,331.4
2026-07-19T05:30:00,Atelier Sud,88.4
2026-07-19T05:30:00,Siège Est,74.5
2026-07-19T05:30:00,Usine Nord,341.9
2026-07-19T05:45:00,Atelier Sud,67.3
2026-07-19T05:45:00,Siège Est,60.5
2026-07-19T05:45:00,Usine Nord,356.3
2026-07-19T06:00:00,Atelier Sud,63.9
2026-07-19T06:00:00,Siège Est,87.3
2026-07-19T06:00:00,Usine Nord,479.0
2026-07-19T06:15:00,Atelier Sud,76.0
2026-07-19T06:15:00,Siège Est,72.0
2026-07-19T06:15:00,Usine Nord,510.1
2026-07-19T06:30:00,Atelier Sud,53.0
2026-07-19T06:30:00,Siège Est,77.5
2026-07-19T06:30:00,Usine Nord,522.7
2026-07-19T06:45:00,Atelier Sud,76.6
2026-07-19T06:45:00,Siège Est,68.9
2026-07-19T06:45:00,Usine Nord,558.5
2026-07-19T07:00:00,Atelier Sud,85.5
2026-07-19T07:00:00,Siège Est,65.3
2026-07-19T07:00:00,Usine Nord,482.4
2026-07-19T07:15:00,Atelier Sud,96.9
2026-07-19T07:15:00,Siège Est,69.5
2026-07-19T07:15:00,Usine Nord,490.8
2026-07-19T07:30:00,Atelier Sud,82.2
2026-07-19T07:30:00,Siège Est,65.4
2026-07-19T07:30:00,Usine Nord,540.0
2026-07-19T07:45:00,Atelier Sud,53.4
2026-07-19T07:45:00,Siège Est,87.0
2026-07-19T07:45:00,Usine Nord,465.9
2026-07-19T08:00:00,Atelier Sud,68.8
2026-07-19T08:00:00,Siège Est,73.7
2026-07-19T08:00:00,Usine Nord,572.8
2026-07-19T08:15:00,Atelier Sud,52.0
2026-07-19T08:15:00,Siège Est,67.3
2026-07-19T08:15:00,Usine Nord,526.7
2026-07-19T08:30:00,Atelier Sud,65.1
2026-07-19T08:30:00,Siège Est,71.2
2026-07-19T08:30:00,Usine Nord,542.6
2026-07-19T08:45:00,Atelier Sud,43.5
2026-07-19T08:45:00,Siège Est,76.7
2026-07-19T08:45:00,Usine Nord,535.4
2026-07-19T09:00:00,Atelier Sud,62.2
2026-07-19T09:00:00,Siège Est,55.3
2026-07-19T09:00:00,Usine Nord,483.4
2026-07-19T09:15:00,Atelier Sud,26.6
2026-07-19T09:15:00,Siège Est,85.6
2026-07-19T09:15:00,Usine Nord,535.5
2026-07-19T09:30:00,Atelier Sud,28.1
2026-07-19T09:30:00,Siège Est,86.4
2026-07-19T09:30:00,Usine Nord,500.0
2026-07-19T09:45:00,Atelier Sud,62.0
2026-07-19T09:45:00,Siège Est,69.4
2026-07-19T09:45:00,Usine Nord,517.0
2026-07-19T10:00:00,Atelier Sud,15.0
2026-07-19T10:00:00,Siège Est,80.8
2026-07-19T10:00:00,Usine Nord,522.0
2026-07-19T10:15:00,Atelier Sud,15.0
2026-07-19T10:15:00,Siège Est,73.4
2026-07-19T10:15:00,Usine Nord,526.8
2026-07-19T10:30:00,Atelier Sud,59.8
2026-07-19T10:30:00,Siège Est,83.3
2026-07-19T10:30:00,Usine Nord,539.9
2026-07-19T10:45:00,Atelier Sud,15.0
2026-07-19T10:45:00,Siège Est,77.3
2026-07-19T10:45:00,Usine Nord,522.8
2026-07-19T11:00:00,Atelier Sud,69.9
2026-07-19T11:00:00,Siège Est,80.6
2026-07-19T11:00:00,Usine Nord,547.7
2026-07-19T11:15:00,Atelier Sud,15.0
2026-07-19T11:15:00,Siège Est,75.9
2026-07-19T11:15:00,Usine Nord,529.0
2026-07-19T11:30:00,Atelier Sud,40.3
2026-07-19T11:30:00,Siège Est,80.8
2026-07-19T11:30:00,Usine Nord,509.3
2026-07-19T11:45:00,Atelier Sud,50.3
2026-07-19T11:45:00,Siège Est,72.3
2026-07-19T11:45:00,Usine Nord,532.2
2026-07-19T12:00:00,Atelier Sud,15.0
2026-07-19T12:00:00,Siège Est,77.8
2026-07-19T12:00:00,Usine Nord,512.1
2026-07-19T12:15:00,Atelier Sud,38.4
2026-07-19T12:15:00,Siège Est,82.0
2026-07-19T12:15:00,Usine Nord,540.4
2026-07-19T12:30:00,Atelier Sud,15.0
2026-07-19T12:30:00,Siège Est,76.2
2026-07-19T12:30:00,Usine Nord,513.3
2026-07-19T12:45:00,Atelier Sud,45.4
2026-07-19T12:45:00,Siège Est,85.3
2026-07-19T12:45:00,Usine Nord,514.2
2026-07-19T13:00:00,Atelier Sud,16.7
2026-07-19T13:00:00,Siège Est,78.7
2026-07-19T13:00:00,Usine Nord,544.2
2026-07-19T13:15:00,Atelier Sud,15.0
2026-07-19T13:15:00,Siège Est,65.8
2026-07-19T13:15:00,Usine Nord,480.5
2026-07-19T13:30:00,Atelier Sud,24.0
2026-07-19T13:30:00,Siège Est,67.4
2026-07-19T13:30:00,Usine Nord,532.5
2026-07-19T13:45:00,Atelier Sud,51.6
2026-07-19T13:45:00,Siège Est,88.9
2026-07-19T13:45:00,Usine Nord,510.5
2026-07-19T14:00:00,Atelier Sud,15.0
2026-07-19T14:00:00,Siège Est,79.0
2026-07-19T14:00:00,Usine Nord,537.9
2026-07-19T14:15:00,Atelier Sud,31.6
2026-07-19T14:15:00,Siège Est,77.8
2026-07-19T14:15:00,Usine Nord,536.2
2026-07-19T14:30:00,Atelier Sud,50.1
2026-07-19T14:30:00,Siège Est,74.8
2026-07-19T14:30:00,Usine Nord,500.4
2026-07-19T14:45:00,Atelier Sud,15.0
2026-07-19T14:45:00,Siège Est,71.0
2026-07-19T14:45:00,Usine Nord,532.5
2026-07-19T15:00:00,Atelier Sud,15.0
2026-07-19T15:00:00,Siège Est,62.9
2026-07-19T15:00:00,Usine Nord,558.7
2026-07-19T15:15:00,Atelier Sud,15.0
2026-07-19T15:15:00,Siège Est,81.7
2026-07-19T15:15:00,Usine Nord,513.1
2026-07-19T15:30:00,Atelier Sud,15.0
2026-07-19T15:30:00,Siège Est,63.9
2026-07-19T15:30:00,Usine Nord,539.3
2026-07-19T15:45:00,Atelier Sud,15.0
2026-07-19T15:45:00,Siège Est,64.4
2026-07-19T15:45:00,Usine Nord,576.8
2026-07-19T16:00:00,Atelier Sud,45.7
2026-07-19T16:00:00,Siège Est,71.0
2026-07-19T16:00:00,Usine Nord,478.5
2026-07-19T16:15:00,Atelier Sud,24.7
2026-07-19T16:15:00,Siège Est,79.3
2026-07-19T16:15:00,Usine Nord,516.9
2026-07-19T16:30:00,Atelier Sud,36.7
2026-07-19T16:30:00,Siège Est,64.9
2026-07-19T16:30:00,Usine Nord,564.1
2026-07-19T16:45:00,Atelier Sud,40.6
2026-07-19T16:45:00,Siège Est,71.1
2026-07-19T16:45:00,Usine Nord,518.4
2026-07-19T17:00:00,Atelier Sud,31.4
2026-07-19T17:00:00,Siège Est,76.9
2026-07-19T17:00:00,Usine Nord,518.8
2026-07-19T17:15:00,Atelier Sud,73.6
2026-07-19T17:15:00,Siège Est,61.9
2026-07-19T17:15:00,Usine Nord,498.3
2026-07-19T17:30:00,Atelier Sud,73.1
2026-07-19T17:30:00,Siège Est,71.8
2026-07-19T17:30:00,Usine Nord,459.6
2026-07-19T17:45:00,Atelier Sud,50.7
2026-07-19T17:45:00,Siège Est,55.6
2026-07-19T17:45:00,Usine Nord,539.1
2026-07-19T18:00:00,Atelier Sud,58.1
2026-07-19T18:00:00,Siège Est,98.5
2026-07-19T18:00:00,Usine Nord,536.6
2026-07-19T18:15:00,Atelier Sud,77.7
2026-07-19T18:15:00,Siège Est,71.7
2026-07-19T18:15:00,Usine Nord,551.1
2026-07-19T18:30:00,Atelier Sud,78.8
2026-07-19T18:30:00,Siège Est,74.5
2026-07-19T18:30:00,Usine Nord,535.0
2026-07-19T18:45:00,Atelier Sud,77.8
2026-07-19T18:45:00,Siège Est,72.2
2026-07-19T18:45:00,Usine Nord,498.9
2026-07-19T19:00:00,Atelier Sud,68.2
2026-07-19T19:00:00,Siège Est,76.7
2026-07-19T19:00:00,Usine Nord,478.2
2026-07-19T19:15:00,Atelier Sud,93.6
2026-07-19T19:15:00,Siège Est,80.9
2026-07-19T19:15:00,Usine Nord,527.6
2026-07-19T19:30:00,Atelier Sud,71.3
2026-07-19T19:30:00,Siège Est,78.0
2026-07-19T19:30:00,Usine Nord,555.0
2026-07-19T19:45:00,Atelier Sud,63.7
2026-07-19T19:45:00,Siège Est,62.7
2026-07-19T19:45:00,Usine Nord,531.2
2026-07-19T20:00:00,Atelier Sud,55.0
2026-07-19T20:00:00,Siège Est,83.5
2026-07-19T20:00:00,Usine Nord,534.1
2026-07-19T20:15:00,Atelier Sud,80.7
2026-07-19T20:15:00,Siège Est,81.0
2026-07-19T20:15:00,Usine Nord,561.6
2026-07-19T20:30:00,Atelier Sud,63.8
2026-07-19T20:30:00,Siège Est,67.0
2026-07-19T20:30:00,Usine Nord,510.4
2026-07-19T20:45:00,Atelier Sud,76.2
2026-07-19T20:45:00,Siège Est,69.1
2026-07-19T20:45:00,Usine Nord,517.8
2026-07-19T21:00:00,Atelier Sud,82.3
2026-07-19T21:00:00,Siège Est,91.8
2026-07-19T21:00:00,Usine Nord,543.5
2026-07-19T21:15:00,Atelier Sud,64.9
2026-07-19T21:15:00,Siège Est,86.1
2026-07-19T21:15:00,Usine Nord,512.2
2026-07-19T21:30:00,Atelier Sud,83.0
2026-07-19T21:30:00,Siège Est,77.2
2026-07-19T21:30:00,Usine Nord,505.0
2026-07-19T21:45:00,Atelier Sud,86.1
2026-07-19T21:45:00,Siège Est,85.8
2026-07-19T21:45:00,Usine Nord,512.2
2026-07-19T22:00:00,Atelier Sud,69.6
2026-07-19T22:00:00,Siège Est,79.2
2026-07-19T22:00:00,Usine Nord,371.0
2026-07-19T22:15:00,Atelier Sud,55.4
2026-07-19T22:15:00,Siège Est,76.0
2026-07-19T22:15:00,Usine Nord,338.4
2026-07-19T22:30:00,Atelier Sud,49.1
2026-07-19T22:30:00,Siège Est,80.0
2026-07-19T22:30:00,Usine Nord,348.0
2026-07-19T22:45:00,Atelier Sud,55.0
2026-07-19T22:45:00,Siège Est,91.8
2026-07-19T22:45:00,Usine Nord,362.6
2026-07-19T23:00:00,Atelier Sud,55.6
2026-07-19T23:00:00,Siège Est,79.9
2026-07-19T23:00:00,Usine Nord,336.1
2026-07-19T23:15:00,Atelier Sud,63.3
2026-07-19T23:15:00,Siège Est,71.4
2026-07-19T23:15:00,Usine Nord,343.2
2026-07-19T23:30:00,Atelier Sud,78.1
2026-07-19T23:30:00,Siège Est,75.9
2026-07-19T23:30:00,Usine Nord,360.4
2026-07-19T23:45:00,Atelier Sud,73.8
2026-07-19T23:45:00,Siège Est,73.5
2026-07-19T23:45:00,Usine Nord,361.3
2026-07-20T00:00:00,Atelier Sud,64.7
2026-07-20T00:00:00,Siège Est,97.8
2026-07-20T00:00:00,Usine Nord,629.9
2026-07-20T00:15:00,Atelier Sud,83.4
2026-07-20T00:15:00,Siège Est,88.0
2026-07-20T00:15:00,Usine Nord,634.9
2026-07-20T00:30:00,Atelier Sud,67.9
2026-07-20T00:30:00,Siège Est,71.9
2026-07-20T00:30:00,Usine Nord,668.4
2026-07-20T00:45:00,Atelier Sud,97.1
2026-07-20T00:45:00,Siège Est,62.9
2026-07-20T00:45:00,Usine Nord,637.0
2026-07-20T01:00:00,Atelier Sud,66.5
2026-07-20T01:00:00,Siège Est,74.9
2026-07-20T01:00:00,Usine Nord,646.9
2026-07-20T01:15:00,Atelier Sud,76.1
2026-07-20T01:15:00,Siège Est,81.1
2026-07-20T01:15:00,Usine Nord,644.5
2026-07-20T01:30:00,Atelier Sud,56.3
2026-07-20T01:30:00,Siège Est,81.4
2026-07-20T01:30:00,Usine Nord,632.6
2026-07-20T01:45:00,Atelier Sud,78.3
2026-07-20T01:45:00,Siège Est,95.6
2026-07-20T01:45:00,Usine Nord,663.6
2026-07-20T02:00:00,Atelier Sud,77.7
2026-07-20T02:00:00,Siège Est,72.9
2026-07-20T02:00:00,Usine Nord,641.1
2026-07-20T02:15:00,Atelier Sud,75.9
2026-07-20T02:15:00,Siège Est,75.1
2026-07-20T02:15:00,Usine Nord,608.1
2026-07-20T02:30:00,Atelier Sud,77.8
2026-07-20T02:30:00,Siège Est,87.1
2026-07-20T02:30:00,Usine Nord,684.5
2026-07-20T02:45:00,Atelier Sud,91.0
2026-07-20T02:45:00,Siège Est,61.3
2026-07-20T02:45:00,Usine Nord,641.8
2026-07-20T03:00:00,Atelier Sud,88.8
2026-07-20T03:00:00,Siège Est,74.0
2026-07-20T03:00:00,Usine Nord,650.7
2026-07-20T03:15:00,Atelier Sud,65.8
2026-07-20T03:15:00,Siège Est,86.1
2026-07-20T03:15:00,Usine Nord,654.4
2026-07-20T03:30:00,Atelier Sud,56.8
2026-07-20T03:30:00,Siège Est,81.6
2026-07-20T03:30:00,Usine Nord,637.6
2026-07-20T03:45:00,Atelier Sud,65.3
2026-07-20T03:45:00,Siège Est,77.3
2026-07-20T03:45:00,Usine Nord,622.6
2026-07-20T04:00:00,Atelier Sud,67.0
2026-07-20T04:00:00,Siège Est,68.3
2026-07-20T04:00:00,Usine Nord,626.1
2026-07-20T04:15:00,Atelier Sud,86.9
2026-07-20T04:15:00,Siège Est,73.3
2026-07-20T04:15:00,Usine Nord,633.7
2026-07-20T04:30:00,Atelier Sud,55.8
2026-07-20T04:30:00,Siège Est,86.1
2026-07-20T04:30:00,Usine Nord,662.6
2026-07-20T04:45:00,Atelier Sud,57.1
2026-07-20T04:45:00,Siège Est,72.6
2026-07-20T04:45:00,Usine Nord,639.9
2026-07-20T05:00:00,Atelier Sud,75.6
2026-07-20T05:00:00,Siège Est,65.2
2026-07-20T05:00:00,Usine Nord,658.0
2026-07-20T05:15:00,Atelier Sud,61.3
2026-07-20T05:15:00,Siège Est,81.6
2026-07-20T05:15:00,Usine Nord,594.4
2026-07-20T05:30:00,Atelier Sud,66.3
2026-07-20T05:30:00,Siège Est,65.3
2026-07-20T05:30:00,Usine Nord,624.6
2026-07-20T05:45:00,Atelier Sud,60.2
2026-07-20T05:45:00,Siège Est,63.8
2026-07-20T05:45:00,Usine Nord,649.5
2026-07-20T06:00:00,Atelier Sud,91.0
2026-07-20T06:00:00,Siège Est,74.7
2026-07-20T06:00:00,Usine Nord,923.3
2026-07-20T06:15:00,Atelier Sud,96.5
2026-07-20T06:15:00,Siège Est,72.7
2026-07-20T06:15:00,Usine Nord,965.3
2026-07-20T06:30:00,Atelier Sud,105.7
2026-07-20T06:30:00,Siège Est,88.1
2026-07-20T06:30:00,Usine Nord,943.8
2026-07-20T06:45:00,Atelier Sud,149.2
2026-07-20T06:45:00,Siège Est,72.3
2026-07-20T06:45:00,Usine Nord,942.0
2026-07-20T07:00:00,Atelier Sud,170.1
2026-07-20T07:00:00,Siège Est,55.8
2026-07-20T07:00:00,Usine Nord,925.9
2026-07-20T07:15:00,Atelier Sud,195.8
2026-07-20T07:15:00,Siège Est,83.7
2026-07-20T07:15:00,Usine Nord,944.4
2026-07-20T07:30:00,Atelier Sud,194.6
2026-07-20T07:30:00,Siège Est,80.7
2026-07-20T07:30:00,Usine Nord,915.0
2026-07-20T07:45:00,Atelier Sud,210.7
2026-07-20T07:45:00,Siège Est,67.7
2026-07-20T07:45:00,Usine Nord,969.2
2026-07-20T08:00:00,Atelier Sud,211.0
2026-07-20T08:00:00,Siège Est,245.5
2026-07-20T08:00:00,Usine Nord,955.5
2026-07-20T08:15:00,Atelier Sud,254.3
2026-07-20T08:15:00,Siège Est,279.1
2026-07-20T08:15:00,Usine Nord,941.6
2026-07-20T08:30:00,Atelier Sud,212.4
2026-07-20T08:30:00,Siège Est,264.4
2026-07-20T08:30:00,Usine Nord,924.0
2026-07-20T08:45:00,Atelier Sud,274.4
2026-07-20T08:45:00,Siège Est,255.9
2026-07-20T08:45:00,Usine Nord,958.3
2026-07-20T09:00:00,Atelier Sud,297.9
2026-07-20T09:00:00,Siège Est,268.9
2026-07-20T09:00:00,Usine Nord,929.4
2026-07-20T09:15:00,Atelier Sud,269.3
2026-07-20T09:15:00,Siège Est,251.6
2026-07-20T09:15:00,Usine Nord,971.6
2026-07-20T09:30:00,Atelier Sud,252.3
2026-07-20T09:30:00,Siège Est,258.6
2026-07-20T09:30:00,Usine Nord,963.8
2026-07-20T09:45:00,Atelier Sud,292.8
2026-07-20T09:45:00,Siège Est,255.9
2026-07-20T09:45:00,Usine Nord,932.4
2026-07-20T10:00:00,Atelier Sud,318.1
2026-07-20T10:00:00,Siège Est,255.2
2026-07-20T10:00:00,Usine Nord,943.8
2026-07-20T10:15:00,Atelier Sud,347.3
2026-07-20T10:15:00,Siège Est,261.2
2026-07-20T10:15:00,Usine Nord,988.4
2026-07-20T10:30:00,Atelier Sud,306.2
2026-07-20T10:30:00,Siège Est,268.3
2026-07-20T10:30:00,Usine Nord,962.6
2026-07-20T10:45:00,Atelier Sud,314.0
2026-07-20T10:45:00,Siège Est,253.4
2026-07-20T10:45:00,Usine Nord,970.6
2026-07-20T11:00:00,Atelier Sud,310.9
2026-07-20T11:00:00,Siège Est,256.6
2026-07-20T11:00:00,Usine Nord,936.7
2026-07-20T11:15:00,Atelier Sud,317.0
2026-07-20T11:15:00,Siège Est,263.6
2026-07-20T11:15:00,Usine Nord,965.8
2026-07-20T11:30:00,Atelier Sud,287.2
2026-07-20T11:30:00,Siège Est,244.3
2026-07-20T11:30:00,Usine Nord,919.3
2026-07-20T11:45:00,Atelier Sud,312.8
2026-07-20T11:45:00,Siège Est,254.3
2026-07-20T11:45:00,Usine Nord,963.2
2026-07-20T12:00:00,Atelier Sud,320.5
2026-07-20T12:00:00,Siège Est,250.5
2026-07-20T12:00:00,Usine Nord,970.1
2026-07-20T12:15:00,Atelier Sud,268.6
2026-07-20T12:15:00,Siège Est,267.8
2026-07-20T12:15:00,Usine Nord,943.5
2026-07-20T12:30:00,Atelier Sud,284.6
2026-07-20T12:30:00,Siège Est,256.6
2026-07-20T12:30:00,Usine Nord,958.5
2026-07-20T12:45:00,Atelier Sud,332.6
2026-07-20T12:45:00,Siège Est,267.7
2026-07-20T12:45:00,Usine Nord,940.1
2026-07-20T13:00:00,Atelier Sud,287.2
2026-07-20T13:00:00,Siège Est,239.8
2026-07-20T13:00:00,Usine Nord,942.3
2026-07-20T13:15:00,Atelier Sud,328.8
2026-07-20T13:15:00,Siège Est,271.4
2026-07-20T13:15:00,Usine Nord,954.1
2026-07-20T13:30:00,Atelier Sud,289.7
2026-07-20T13:30:00,Siège Est,259.9
2026-07-20T13:30:00,Usine Nord,958.4
2026-07-20T13:45:00,Atelier Sud,305.0
2026-07-20T13:45:00,Siège Est,246.3
2026-07-20T13:45:00,Usine Nord,952.0
2026-07-20T14:00:00,Atelier Sud,311.8
2026-07-20T14:00:00,Siège Est,262.4
2026-07-20T14:00:00,Usine Nord,959.1
2026-07-20T14:15:00,Atelier Sud,238.3
2026-07-20T14:15:00,Siège Est,273.3
2026-07-20T14:15:00,Usine Nord,925.8
2026-07-20T14:30:00,Atelier Sud,286.5
2026-07-20T14:30:00,Siège Est,265.9
2026-07-20T14:30:00,Usine Nord,915.7
2026-07-20T14:45:00,Atelier Sud,245.8
2026-07-20T14:45:00,Siège Est,256.5
2026-07-20T14:45:00,Usine Nord,958.6
2026-07-20T15:00:00,Atelier Sud,223.6
2026-07-20T15:00:00,Siège Est,256.9
2026-07-20T15:00:00,Usine Nord,894.7
2026-07-20T15:15:00,Atelier Sud,206.5
2026-07-20T15:15:00,Siège Est,264.3
2026-07-20T15:15:00,Usine Nord,911.5
2026-07-20T15:30:00,Atelier Sud,251.7
2026-07-20T15:30:00,Siège Est,252.3
2026-07-20T15:30:00,Usine Nord,918.3
2026-07-20T15:45:00,Atelier Sud,178.5
2026-07-20T15:45:00,Siège Est,270.4
2026-07-20T15:45:00,Usine Nord,965.2
2026-07-20T16:00:00,Atelier Sud,204.1
2026-07-20T16:00:00,Siège Est,264.9
2026-07-20T16:00:00,Usine Nord,963.2
2026-07-20T16:15:00,Atelier Sud,185.5
2026-07-20T16:15:00,Siège Est,264.7
2026-07-20T16:15:00,Usine Nord,1017.3
2026-07-20T16:30:00,Atelier Sud,175.1
2026-07-20T16:30:00,Siège Est,249.6
2026-07-20T16:30:00,Usine Nord,941.8
2026-07-20T16:45:00,Atelier Sud,139.4
2026-07-20T16:45:00,Siège Est,241.7
2026-07-20T16:45:00,Usine Nord,940.9
2026-07-20T17:00:00,Atelier Sud,141.5
2026-07-20T17:00:00,Siège Est,267.1
2026-07-20T17:00:00,Usine Nord,945.7
2026-07-20T17:15:00,Atelier Sud,133.4
2026-07-20T17:15:00,Siège Est,259.4
2026-07-20T17:15:00,Usine Nord,917.5
2026-07-20T17:30:00,Atelier Sud,137.8
2026-07-20T17:30:00,Siège Est,248.4
2026-07-20T17:30:00,Usine Nord,970.8
2026-07-20T17:45:00,Atelier Sud,89.8
2026-07-20T17:45:00,Siège Est,263.6
2026-07-20T17:45:00,Usine Nord,928.0
2026-07-20T18:00:00,Atelier Sud,79.2
2026-07-20T18:00:00,Siège Est,267.2
2026-07-20T18:00:00,Usine Nord,930.7
2026-07-20T18:15:00,Atelier Sud,89.0
2026-07-20T18:15:00,Siège Est,264.9
2026-07-20T18:15:00,Usine Nord,952.7
2026-07-20T18:30:00,Atelier Sud,60.4
2026-07-20T18:30:00,Siège Est,254.2
2026-07-20T18:30:00,Usine Nord,937.0
2026-07-20T18:45:00,Atelier Sud,72.7
2026-07-20T18:45:00,Siège Est,245.7
2026-07-20T18:45:00,Usine Nord,959.6
2026-07-20T19:00:00,Atelier Sud,72.3
2026-07-20T19:00:00,Siège Est,81.0
2026-07-20T19:00:00,Usine Nord,964.9
2026-07-20T19:15:00,Atelier Sud,98.5
2026-07-20T19:15:00,Siège Est,95.2
2026-07-20T19:15:00,Usine Nord,965.9
2026-07-20T19:30:00,Atelier Sud,82.1
2026-07-20T19:30:00,Siège Est,82.6
2026-07-20T19:30:00,Usine Nord,947.9
2026-07-20T19:45:00,Atelier Sud,56.0
2026-07-20T19:45:00,Siège Est,84.2
2026-07-20T19:45:00,Usine Nord,929.2
2026-07-20T20:00:00,Atelier Sud,38.8
2026-07-20T20:00:00,Siège Est,71.6
2026-07-20T20:00:00,Usine Nord,948.1
2026-07-20T20:15:00,Atelier Sud,73.7
2026-07-20T20:15:00,Siège Est,73.9
2026-07-20T20:15:00,Usine Nord,923.8
2026-07-20T20:30:00,Atelier Sud,51.6
2026-07-20T20:30:00,Siège Est,63.9
2026-07-20T20:30:00,Usine Nord,914.4
2026-07-20T20:45:00,Atelier Sud,56.8
2026-07-20T20:45:00,Siège Est,92.1
2026-07-20T20:45:00,Usine Nord,913.1
2026-07-20T21:00:00,Atelier Sud,53.1
2026-07-20T21:00:00,Siège Est,88.2
2026-07-20T21:00:00,Usine Nord,970.8
2026-07-20T21:15:00,Atelier Sud,66.9
2026-07-20T21:15:00,Siège Est,79.2
2026-07-20T21:15:00,Usine Nord,917.0
2026-07-20T21:30:00,Atelier Sud,61.2
2026-07-20T21:30:00,Siège Est,66.1
2026-07-20T21:30:00,Usine Nord,974.1
2026-07-20T21:45:00,Atelier Sud,94.4
2026-07-20T21:45:00,Siège Est,75.9
2026-07-20T21:45:00,Usine Nord,946.8
2026-07-20T22:00:00,Atelier Sud,67.9
2026-07-20T22:00:00,Siège Est,76.3
2026-07-20T22:00:00,Usine Nord,638.9
2026-07-20T22:15:00,Atelier Sud,81.1
2026-07-20T22:15:00,Siège Est,82.0
2026-07-20T22:15:00,Usine Nord,648.0
2026-07-20T22:30:00,Atelier Sud,43.6
2026-07-20T22:30:00,Siège Est,71.8
2026-07-20T22:30:00,Usine Nord,682.7
2026-07-20T22:45:00,Atelier Sud,86.4
2026-07-20T22:45:00,Siège Est,76.7
2026-07-20T22:45:00,Usine Nord,614.8
2026-07-20T23:00:00,Atelier Sud,55.6
2026-07-20T23:00:00,Siège Est,83.7
2026-07-20T23:00:00,Usine Nord,656.9
2026-07-20T23:15:00,Atelier Sud,69.4
2026-07-20T23:15:00,Siège Est,78.7
2026-07-20T23:15:00,Usine Nord,636.1
2026-07-20T23:30:00,Atelier Sud,67.2
2026-07-20T23:30:00,Siège Est,87.7
2026-07-20T23:30:00,Usine Nord,623.0
2026-07-20T23:45:00,Atelier Sud,83.4
2026-07-20T23:45:00,Siège Est,67.9
2026-07-20T23:45:00,Usine Nord,599.8
2026-07-21T00:00:00,Atelier Sud,65.0
2026-07-21T00:00:00,Siège Est,65.8
2026-07-21T00:00:00,Usine Nord,625.0
2026-07-21T00:15:00,Atelier Sud,80.1
2026-07-21T00:15:00,Siège Est,79.4
2026-07-21T00:15:00,Usine Nord,625.0
2026-07-21T00:30:00,Atelier Sud,68.2
2026-07-21T00:30:00,Siège Est,83.5
2026-07-21T00:30:00,Usine Nord,647.1
2026-07-21T00:45:00,Atelier Sud,74.2
2026-07-21T00:45:00,Siège Est,87.8
2026-07-21T00:45:00,Usine Nord,666.1
2026-07-21T01:00:00,Atelier Sud,90.6
2026-07-21T01:00:00,Siège Est,69.3
2026-07-21T01:00:00,Usine Nord,655.8
2026-07-21T01:15:00,Atelier Sud,94.9
2026-07-21T01:15:00,Siège Est,72.4
2026-07-21T01:15:00,Usine Nord,640.9
2026-07-21T01:30:00,Atelier Sud,60.5
2026-07-21T01:30:00,Siège Est,76.5
2026-07-21T01:30:00,Usine Nord,685.2
2026-07-21T01:45:00,Atelier Sud,71.7
2026-07-21T01:45:00,Siège Est,62.5
2026-07-21T01:45:00,Usine Nord,633.0
2026-07-21T02:00:00,Atelier Sud,76.3
2026-07-21T02:00:00,Siège Est,70.4
2026-07-21T02:00:00,Usine Nord,647.9
2026-07-21T02:15:00,Atelier Sud,65.2
2026-07-21T02:15:00,Siège Est,74.7
2026-07-21T02:15:00,Usine Nord,639.4
2026-07-21T02:30:00,Atelier Sud,98.9
2026-07-21T02:30:00,Siège Est,78.4
2026-07-21T02:30:00,Usine Nord,661.9
2026-07-21T02:45:00,Atelier Sud,63.7
2026-07-21T02:45:00,Siège Est,69.1
2026-07-21T02:45:00,Usine Nord,657.7
2026-07-21T03:00:00,Atelier Sud,68.1
2026-07-21T03:00:00,Siège Est,80.0
2026-07-21T03:00:00,Usine Nord,646.7
2026-07-21T03:15:00,Atelier Sud,75.5
2026-07-21T03:15:00,Siège Est,68.1
2026-07-21T03:15:00,Usine Nord,660.9
2026-07-21T03:30:00,Atelier Sud,82.3
2026-07-21T03:30:00,Siège Est,63.5
2026-07-21T03:30:00,Usine Nord,653.5
2026-07-21T03:45:00,Atelier Sud,58.6
2026-07-21T03:45:00,Siège Est,76.2
2026-07-21T03:45:00,Usine Nord,632.4
2026-07-21T04:00:00,Atelier Sud,52.8
2026-07-21T04:00:00,Siège Est,66.2
2026-07-21T04:00:00,Usine Nord,668.5
2026-07-21T04:15:00,Atelier Sud,72.4
2026-07-21T04:15:00,Siège Est,67.6
2026-07-21T04:15:00,Usine Nord,636.1
2026-07-21T04:30:00,Atelier Sud,83.9
2026-07-21T04:30:00,Siège Est,77.4
2026-07-21T04:30:00,Usine Nord,633.1
2026-07-21T04:45:00,Atelier Sud,55.4
2026-07-21T04:45:00,Siège Est,71.4
2026-07-21T04:45:00,Usine Nord,663.5
2026-07-21T05:00:00,Atelier Sud,66.0
2026-07-21T05:00:00,Siège Est,77.4
2026-07-21T05:00:00,Usine Nord,636.5
2026-07-21T05:15:00,Atelier Sud,58.3
2026-07-21T05:15:00,Siège Est,84.8
2026-07-21T05:15:00,Usine Nord,648.2
2026-07-21T05:30:00,Atelier Sud,56.3
2026-07-21T05:30:00,Siège Est,68.1
2026-07-21T05:30:00,Usine Nord,704.9
2026-07-21T05:45:00,Atelier Sud,68.5
2026-07-21T05:45:00,Siège Est,71.0
2026-07-21T05:45:00,Usine Nord,667.0
2026-07-21T06:00:00,Atelier Sud,54.0
2026-07-21T06:00:00,Siège Est,76.1
2026-07-21T06:00:00,Usine Nord,937.5
2026-07-21T06:15:00,Atelier Sud,94.2
2026-07-21T06:15:00,Siège Est,77.8
2026-07-21T06:15:00,Usine Nord,937.3
2026-07-21T06:30:00,Atelier Sud,129.3
2026-07-21T06:30:00,Siège Est,74.9
2026-07-21T06:30:00,Usine Nord,971.2
2026-07-21T06:45:00,Atelier Sud,140.7
2026-07-21T06:45:00,Siège Est,69.0
2026-07-21T06:45:00,Usine Nord,957.2
2026-07-21T07:00:00,Atelier Sud,175.0
2026-07-21T07:00:00,Siège Est,74.9
2026-07-21T07:00:00,Usine Nord,928.8
2026-07-21T07:15:00,Atelier Sud,190.0
2026-07-21T07:15:00,Siège Est,73.8
2026-07-21T07:15:00,Usine Nord,964.0
2026-07-21T07:30:00,Atelier Sud,183.9
2026-07-21T07:30:00,Siège Est,70.8
2026-07-21T07:30:00,Usine Nord,913.5
2026-07-21T07:45:00,Atelier Sud,199.9
2026-07-21T07:45:00,Siège Est,74.4
2026-07-21T07:45:00,Usine Nord,978.3
2026-07-21T08:00:00,Atelier Sud,232.9
2026-07-21T08:00:00,Siège Est,251.8
2026-07-21T08:00:00,Usine Nord,977.7
2026-07-21T08:15:00,Atelier Sud,218.7
2026-07-21T08:15:00,Siège Est,258.7
2026-07-21T08:15:00,Usine Nord,986.1
2026-07-21T08:30:00,Atelier Sud,228.8
2026-07-21T08:30:00,Siège Est,250.2
2026-07-21T08:30:00,Usine Nord,920.5
2026-07-21T08:45:00,Atelier Sud,241.9
2026-07-21T08:45:00,Siège Est,259.9
2026-07-21T08:45:00,Usine Nord,963.3
2026-07-21T09:00:00,Atelier Sud,281.1
2026-07-21T09:00:00,Siège Est,273.2
2026-07-21T09:00:00,Usine Nord,993.8
2026-07-21T09:15:00,Atelier Sud,298.2
2026-07-21T09:15:00,Siège Est,243.7
2026-07-21T09:15:00,Usine Nord,959.3
2026-07-21T09:30:00,Atelier Sud,319.5
2026-07-21T09:30:00,Siège Est,260.8
2026-07-21T09:30:00,Usine Nord,945.8
2026-07-21T09:45:00,Atelier Sud,309.2
2026-07-21T09:45:00,Siège Est,245.5
2026-07-21T09:45:00,Usine Nord,979.3
2026-07-21T10:00:00,Atelier Sud,312.7
2026-07-21T10:00:00,Siège Est,257.5
2026-07-21T10:00:00,Usine Nord,918.0
2026-07-21T10:15:00,Atelier Sud,309.0
2026-07-21T10:15:00,Siège Est,250.5
2026-07-21T10:15:00,Usine Nord,947.7
2026-07-21T10:30:00,Atelier Sud,244.1
2026-07-21T10:30:00,Siège Est,252.7
2026-07-21T10:30:00,Usine Nord,959.4
2026-07-21T10:45:00,Atelier Sud,312.9
2026-07-21T10:45:00,Siège Est,260.4
2026-07-21T10:45:00,Usine Nord,939.5
2026-07-21T11:00:00,Atelier Sud,310.7
2026-07-21T11:00:00,Siège Est,260.0
2026-07-21T11:00:00,Usine Nord,951.1
2026-07-21T11:15:00,Atelier Sud,376.5
2026-07-21T11:15:00,Siège Est,256.9
2026-07-21T11:15:00,Usine Nord,970.2
2026-07-21T11:30:00,Atelier Sud,298.5
2026-07-21T11:30:00,Siège Est,258.6
2026-07-21T11:30:00,Usine Nord,968.2
2026-07-21T11:45:00,Atelier Sud,345.2
2026-07-21T11:45:00,Siège Est,267.9
2026-07-21T11:45:00,Usine Nord,948.5
2026-07-21T12:00:00,Atelier Sud,311.4
2026-07-21T12:00:00,Siège Est,260.9
2026-07-21T12:00:00,Usine Nord,923.0
2026-07-21T12:15:00,Atelier Sud,313.7
2026-07-21T12:15:00,Siège Est,259.8
2026-07-21T12:15:00,Usine Nord,915.8
2026-07-21T12:30:00,Atelier Sud,341.4
2026-07-21T12:30:00,Siège Est,261.9
2026-07-21T12:30:00,Usine Nord,929.4
2026-07-21T12:45:00,Atelier Sud,342.2
2026-07-21T12:45:00,Siège Est,253.3
2026-07-21T12:45:00,Usine Nord,937.9
2026-07-21T13:00:00,Atelier Sud,332.2
2026-07-21T13:00:00,Siège Est,268.4
2026-07-21T13:00:00,Usine Nord,932.7
2026-07-21T13:15:00,Atelier Sud,332.3
2026-07-21T13:15:00,Siège Est,252.2
2026-07-21T13:15:00,Usine Nord,1012.4
2026-07-21T13:30:00,Atelier Sud,314.8
2026-07-21T13:30:00,Siège Est,259.1
2026-07-21T13:30:00,Usine Nord,945.2
2026-07-21T13:45:00,Atelier Sud,306.0
2026-07-21T13:45:00,Siège Est,265.6
2026-07-21T13:45:00,Usine Nord,946.6
2026-07-21T14:00:00,Atelier Sud,272.4
2026-07-21T14:00:00,Siège Est,255.0
2026-07-21T14:00:00,Usine Nord,963.8
2026-07-21T14:15:00,Atelier Sud,263.1
2026-07-21T14:15:00,Siège Est,263.2
2026-07-21T14:15:00,Usine Nord,920.7
2026-07-21T14:30:00,Atelier Sud,274.0
2026-07-21T14:30:00,Siège Est,253.0
2026-07-21T14:30:00,Usine Nord,936.7
2026-07-21T14:45:00,Atelier Sud,250.4
2026-07-21T14:45:00,Siège Est,256.5
2026-07-21T14:45:00,Usine Nord,962.9
2026-07-21T15:00:00,Atelier Sud,290.7
2026-07-21T15:00:00,Siège Est,233.0
2026-07-21T15:00:00,Usine Nord,933.8
2026-07-21T15:15:00,Atelier Sud,235.7
2026-07-21T15:15:00,Siège Est,266.4
2026-07-21T15:15:00,Usine Nord,972.0
2026-07-21T15:30:00,Atelier Sud,276.0
2026-07-21T15:30:00,Siège Est,267.8
2026-07-21T15:30:00,Usine Nord,935.5
2026-07-21T15:45:00,Atelier Sud,238.8
2026-07-21T15:45:00,Siège Est,268.7
2026-07-21T15:45:00,Usine Nord,954.8
2026-07-21T16:00:00,Atelier Sud,187.9
2026-07-21T16:00:00,Siège Est,272.7
2026-07-21T16:00:00,Usine Nord,982.0
2026-07-21T16:15:00,Atelier Sud,177.5
2026-07-21T16:15:00,Siège Est,264.6
2026-07-21T16:15:00,Usine Nord,974.1
2026-07-21T16:30:00,Atelier Sud,152.9
2026-07-21T16:30:00,Siège Est,255.4
2026-07-21T16:30:00,Usine Nord,952.8
2026-07-21T16:45:00,Atelier Sud,165.4
2026-07-21T16:45:00,Siège Est,271.6
2026-07-21T16:45:00,Usine Nord,1127.3
2026-07-21T17:00:00,Atelier Sud,115.1
2026-07-21T17:00:00,Siège Est,271.8
2026-07-21T17:00:00,Usine Nord,966.0
2026-07-21T17:15:00,Atelier Sud,83.6
2026-07-21T17:15:00,Siège Est,254.3
2026-07-21T17:15:00,Usine Nord,940.7
2026-07-21T17:30:00,Atelier Sud,126.7
2026-07-21T17:30:00,Siège Est,244.1
2026-07-21T17:30:00,Usine Nord,925.7
2026-07-21T17:45:00,Atelier Sud,92.9
2026-07-21T17:45:00,Siège Est,260.3
2026-07-21T17:45:00,Usine Nord,971.8
2026-07-21T18:00:00,Atelier Sud,70.2
2026-07-21T18:00:00,Siège Est,272.0
2026-07-21T18:00:00,Usine Nord,975.0
2026-07-21T18:15:00,Atelier Sud,86.2
2026-07-21T18:15:00,Siège Est,249.8
2026-07-21T18:15:00,Usine Nord,956.1
2026-07-21T18:30:00,Atelier Sud,68.9
2026-07-21T18:30:00,Siège Est,271.7
2026-07-21T18:30:00,Usine Nord,944.8
2026-07-21T18:45:00,Atelier Sud,81.1
2026-07-21T18:45:00,Siège Est,264.1
2026-07-21T18:45:00,Usine Nord,924.8
2026-07-21T19:00:00,Atelier Sud,60.9
2026-07-21T19:00:00,Siège Est,90.4
2026-07-21T19:00:00,Usine Nord,936.1
2026-07-21T19:15:00,Atelier Sud,84.1
2026-07-21T19:15:00,Siège Est,73.1
2026-07-21T19:15:00,Usine Nord,942.2
2026-07-21T19:30:00,Atelier Sud,52.5
2026-07-21T19:30:00,Siège Est,77.2
2026-07-21T19:30:00,Usine Nord,955.7
2026-07-21T19:45:00,Atelier Sud,98.6
2026-07-21T19:45:00,Siège Est,71.2
2026-07-21T19:45:00,Usine Nord,968.5
2026-07-21T20:00:00,Atelier Sud,75.7
2026-07-21T20:00:00,Siège Est,74.8
2026-07-21T20:00:00,Usine Nord,951.1
2026-07-21T20:15:00,Atelier Sud,81.0
2026-07-21T20:15:00,Siège Est,75.9
2026-07-21T20:15:00,Usine Nord,1181.8
2026-07-21T20:30:00,Atelier Sud,82.7
2026-07-21T20:30:00,Siège Est,69.9
2026-07-21T20:30:00,Usine Nord,921.4
2026-07-21T20:45:00,Atelier Sud,70.1
2026-07-21T20:45:00,Siège Est,65.4
2026-07-21T20:45:00,Usine Nord,952.6
2026-07-21T21:00:00,Atelier Sud,69.9
2026-07-21T21:00:00,Siège Est,79.3
2026-07-21T21:00:00,Usine Nord,975.6
2026-07-21T21:15:00,Atelier Sud,63.1
2026-07-21T21:15:00,Siège Est,80.7
2026-07-21T21:15:00,Usine Nord,934.9
2026-07-21T21:30:00,Atelier Sud,67.6
2026-07-21T21:30:00,Siège Est,68.8
2026-07-21T21:30:00,Usine Nord,908.1
2026-07-21T21:45:00,Atelier Sud,73.0
2026-07-21T21:45:00,Siège Est,50.5
2026-07-21T21:45:00,Usine Nord,964.9
2026-07-21T22:00:00,Atelier Sud,76.6
2026-07-21T22:00:00,Siège Est,63.4
2026-07-21T22:00:00,Usine Nord,681.2
2026-07-21T22:15:00,Atelier Sud,63.9
2026-07-21T22:15:00,Siège Est,65.2
2026-07-21T22:15:00,Usine Nord,664.3
2026-07-21T22:30:00,Atelier Sud,60.8
2026-07-21T22:30:00,Siège Est,81.0
2026-07-21T22:30:00,Usine Nord,637.5
2026-07-21T22:45:00,Atelier Sud,83.0
2026-07-21T22:45:00,Siège Est,80.7
2026-07-21T22:45:00,Usine Nord,661.5
2026-07-21T23:00:00,Atelier Sud,47.2
2026-07-21T23:00:00,Siège Est,72.9
2026-07-21T23:00:00,Usine Nord,602.2
2026-07-21T23:15:00,Atelier Sud,95.2
2026-07-21T23:15:00,Siège Est,82.1
2026-07-21T23:15:00,Usine Nord,649.8
2026-07-21T23:30:00,Atelier Sud,62.9
2026-07-21T23:30:00,Siège Est,75.1
2026-07-21T23:30:00,Usine Nord,631.8
2026-07-21T23:45:00,Atelier Sud,75.1
2026-07-21T23:45:00,Siège Est,82.4
2026-07-21T23:45:00,Usine Nord,673.1
2026-07-22T00:00:00,Atelier Sud,84.1
2026-07-22T00:00:00,Siège Est,64.2
2026-07-22T00:00:00,Usine Nord,626.3
2026-07-22T00:15:00,Atelier Sud,102.2
2026-07-22T00:15:00,Siège Est,71.0
2026-07-22T00:15:00,Usine Nord,693.3
2026-07-22T00:30:00,Atelier Sud,61.2
2026-07-22T00:30:00,Siège Est,73.3
2026-07-22T00:30:00,Usine Nord,701.4
2026-07-22T00:45:00,Atelier Sud,48.8
2026-07-22T00:45:00,Siège Est,64.5
2026-07-22T00:45:00,Usine Nord,691.2
2026-07-22T01:00:00,Atelier Sud,63.7
2026-07-22T01:00:00,Siège Est,83.8
2026-07-22T01:00:00,Usine Nord,670.1
2026-07-22T01:15:00,Atelier Sud,43.8
2026-07-22T01:15:00,Siège Est,84.5
2026-07-22T01:15:00,Usine Nord,632.1
2026-07-22T01:30:00,Atelier Sud,51.9
2026-07-22T01:30:00,Siège Est,59.6
2026-07-22T01:30:00,Usine Nord,641.8
2026-07-22T01:45:00,Atelier Sud,41.9
2026-07-22T01:45:00,Siège Est,91.4
2026-07-22T01:45:00,Usine Nord,669.8
2026-07-22T02:00:00,Atelier Sud,78.2
2026-07-22T02:00:00,Siège Est,67.2
2026-07-22T02:00:00,Usine Nord,656.8
2026-07-22T02:15:00,Atelier Sud,67.8
2026-07-22T02:15:00,Siège Est,77.3
2026-07-22T02:15:00,Usine Nord,634.3
2026-07-22T02:30:00,Atelier Sud,68.4
2026-07-22T02:30:00,Siège Est,72.3
2026-07-22T02:30:00,Usine Nord,643.2
2026-07-22T02:45:00,Atelier Sud,79.2
2026-07-22T02:45:00,Siège Est,69.1
2026-07-22T02:45:00,Usine Nord,630.2
2026-07-22T03:00:00,Atelier Sud,76.2
2026-07-22T03:00:00,Siège Est,72.9
2026-07-22T03:00:00,Usine Nord,656.9
2026-07-22T03:15:00,Atelier Sud,50.3
2026-07-22T03:15:00,Siège Est,90.2
2026-07-22T03:15:00,Usine Nord,646.7
2026-07-22T03:30:00,Atelier Sud,79.3
2026-07-22T03:30:00,Siège Est,71.0
2026-07-22T03:30:00,Usine Nord,676.6
2026-07-22T03:45:00,Atelier Sud,61.4
2026-07-22T03:45:00,Siège Est,73.4
2026-07-22T03:45:00,Usine Nord,664.2
2026-07-22T04:00:00,Atelier Sud,51.5
2026-07-22T04:00:00,Siège Est,85.1
2026-07-22T04:00:00,Usine Nord,640.4
2026-07-22T04:15:00,Atelier Sud,63.9
2026-07-22T04:15:00,Siège Est,78.1
2026-07-22T04:15:00,Usine Nord,678.8
2026-07-22T04:30:00,Atelier Sud,51.7
2026-07-22T04:30:00,Siège Est,66.8
2026-07-22T04:30:00,Usine Nord,597.6
2026-07-22T04:45:00,Atelier Sud,57.9
2026-07-22T04:45:00,Siège Est,73.0
2026-07-22T04:45:00,Usine Nord,616.6
2026-07-22T05:00:00,Atelier Sud,45.1
2026-07-22T05:00:00,Siège Est,65.6
2026-07-22T05:00:00,Usine Nord,635.1
2026-07-22T05:15:00,Atelier Sud,58.7
2026-07-22T05:15:00,Siège Est,76.1
2026-07-22T05:15:00,Usine Nord,660.0
2026-07-22T05:30:00,Atelier Sud,66.4
2026-07-22T05:30:00,Siège Est,57.6
2026-07-22T05:30:00,Usine Nord,690.0
2026-07-22T05:45:00,Atelier Sud,62.1
2026-07-22T05:45:00,Siège Est,71.2
2026-07-22T05:45:00,Usine Nord,665.8
2026-07-22T06:00:00,Atelier Sud,81.4
2026-07-22T06:00:00,Siège Est,75.6
2026-07-22T06:00:00,Usine Nord,956.3
2026-07-22T06:15:00,Atelier Sud,86.9
2026-07-22T06:15:00,Siège Est,72.9
2026-07-22T06:15:00,Usine Nord,949.6
2026-07-22T06:30:00,Atelier Sud,110.0
2026-07-22T06:30:00,Siège Est,74.3
2026-07-22T06:30:00,Usine Nord,910.7
2026-07-22T06:45:00,Atelier Sud,151.5
2026-07-22T06:45:00,Siège Est,69.5
2026-07-22T06:45:00,Usine Nord,936.7
2026-07-22T07:00:00,Atelier Sud,172.3
2026-07-22T07:00:00,Siège Est,82.6
2026-07-22T07:00:00,Usine Nord,973.6
2026-07-22T07:15:00,Atelier Sud,181.6
2026-07-22T07:15:00,Siège Est,76.4
2026-07-22T07:15:00,Usine Nord,957.0
2026-07-22T07:30:00,Atelier Sud,197.3
2026-07-22T07:30:00,Siège Est,89.9
2026-07-22T07:30:00,Usine Nord,936.8
2026-07-22T07:45:00,Atelier Sud,197.2
2026-07-22T07:45:00,Siège Est,80.5
2026-07-22T07:45:00,Usine Nord,949.2
2026-07-22T08:00:00,Atelier Sud,194.7
2026-07-22T08:00:00,Siège Est,255.7
2026-07-22T08:00:00,Usine Nord,935.3
2026-07-22T08:15:00,Atelier Sud,230.5
2026-07-22T08:15:00,Siège Est,258.9
2026-07-22T08:15:00,Usine Nord,907.5
2026-07-22T08:30:00,Atelier Sud,271.5
2026-07-22T08:30:00,Siège Est,276.7
2026-07-22T08:30:00,Usine Nord,944.9
2026-07-22T08:45:00,Atelier Sud,280.1
2026-07-22T08:45:00,Siège Est,262.0
2026-07-22T08:45:00,Usine Nord,935.6
2026-07-22T09:00:00,Atelier Sud,315.2
2026-07-22T09:00:00,Siège Est,255.7
2026-07-22T09:00:00,Usine Nord,922.4
2026-07-22T09:15:00,Atelier Sud,295.5
2026-07-22T09:15:00,Siège Est,242.8
2026-07-22T09:15:00,Usine Nord,945.4
2026-07-22T09:30:00,Atelier Sud,261.4
2026-07-22T09:30:00,Siège Est,242.7
2026-07-22T09:30:00,Usine Nord,942.7
2026-07-22T09:45:00,Atelier Sud,272.2
2026-07-22T09:45:00,Siège Est,267.8
2026-07-22T09:45:00,Usine Nord,953.2
2026-07-22T10:00:00,Atelier Sud,344.8
2026-07-22T10:00:00,Siège Est,258.3
2026-07-22T10:00:00,Usine Nord,950.1
2026-07-22T10:15:00,Atelier Sud,307.8
2026-07-22T10:15:00,Siège Est,245.3
2026-07-22T10:15:00,Usine Nord,953.6
2026-07-22T10:30:00,Atelier Sud,290.4
2026-07-22T10:30:00,Siège Est,256.5
2026-07-22T10:30:00,Usine Nord,944.5
2026-07-22T10:45:00,Atelier Sud,290.2
2026-07-22T10:45:00,Siège Est,250.2
2026-07-22T10:45:00,Usine Nord,933.2
2026-07-22T11:00:00,Atelier Sud,357.0
2026-07-22T11:00:00,Siège Est,250.2
2026-07-22T11:00:00,Usine Nord,947.2
2026-07-22T11:15:00,Atelier Sud,348.4
2026-07-22T11:15:00,Siège Est,244.2
2026-07-22T11:15:00,Usine Nord,949.3
2026-07-22T11:30:00,Atelier Sud,358.3
2026-07-22T11:30:00,Siège Est,265.6
2026-07-22T11:30:00,Usine Nord,970.7
2026-07-22T11:45:00,Atelier Sud,319.9
2026-07-22T11:45:00,Siège Est,251.8
2026-07-22T11:45:00,Usine Nord,950.5
2026-07-22T12:00:00,Atelier Sud,358.6
2026-07-22T12:00:00,Siège Est,244.1
2026-07-22T12:00:00,Usine Nord,934.3
2026-07-22T12:15:00,Atelier Sud,356.0
2026-07-22T12:15:00,Siège Est,253.1
2026-07-22T12:15:00,Usine Nord,967.4
2026-07-22T12:30:00,Atelier Sud,291.4
2026-07-22T12:30:00,Siège Est,268.0
2026-07-22T12:30:00,Usine Nord,1169.4
2026-07-22T12:45:00,Atelier Sud,363.5
2026-07-22T12:45:00,Siège Est,236.4
2026-07-22T12:45:00,Usine Nord,967.6
2026-07-22T13:00:00,Atelier Sud,313.8
2026-07-22T13:00:00,Siège Est,250.7
2026-07-22T13:00:00,Usine Nord,996.9
2026-07-22T13:15:00,Atelier Sud,335.8
2026-07-22T13:15:00,Siège Est,271.7
2026-07-22T13:15:00,Usine Nord,967.2
2026-07-22T13:30:00,Atelier Sud,247.4
2026-07-22T13:30:00,Siège Est,266.3
2026-07-22T13:30:00,Usine Nord,921.4
2026-07-22T13:45:00,Atelier Sud,323.8
2026-07-22T13:45:00,Siège Est,264.5
2026-07-22T13:45:00,Usine Nord,929.1
2026-07-22T14:00:00,Atelier Sud,300.2
2026-07-22T14:00:00,Siège Est,243.4
2026-07-22T14:00:00,Usine Nord,960.8
2026-07-22T14:15:00,Atelier Sud,259.6
2026-07-22T14:15:00,Siège Est,257.0
2026-07-22T14:15:00,Usine Nord,913.0
2026-07-22T14:30:00,Atelier Sud,296.0
2026-07-22T14:30:00,Siège Est,252.2
2026-07-22T14:30:00,Usine Nord,939.0
2026-07-22T14:45:00,Atelier Sud,249.7
2026-07-22T14:45:00,Siège Est,253.3
2026-07-22T14:45:00,Usine Nord,954.1
2026-07-22T15:00:00,Atelier Sud,238.3
2026-07-22T15:00:00,Siège Est,261.9
2026-07-22T15:00:00,Usine Nord,938.4
2026-07-22T15:15:00,Atelier Sud,202.0
2026-07-22T15:15:00,Siège Est,242.7
2026-07-22T15:15:00,Usine Nord,930.4
2026-07-22T15:30:00,Atelier Sud,205.3
2026-07-22T15:30:00,Siège Est,258.4
2026-07-22T15:30:00,Usine Nord,948.1
2026-07-22T15:45:00,Atelier Sud,197.4
2026-07-22T15:45:00,Siège Est,262.5
2026-07-22T15:45:00,Usine Nord,940.8
2026-07-22T16:00:00,Atelier Sud,192.6
2026-07-22T16:00:00,Siège Est,241.5
2026-07-22T16:00:00,Usine Nord,937.7
2026-07-22T16:15:00,Atelier Sud,208.6
2026-07-22T16:15:00,Siège Est,242.6
2026-07-22T16:15:00,Usine Nord,960.6
2026-07-22T16:30:00,Atelier Sud,166.2
2026-07-22T16:30:00,Siège Est,262.7
2026-07-22T16:30:00,Usine Nord,934.7
2026-07-22T16:45:00,Atelier Sud,149.9
2026-07-22T16:45:00,Siège Est,258.3
2026-07-22T16:45:00,Usine Nord,944.0
2026-07-22T17:00:00,Atelier Sud,126.6
2026-07-22T17:00:00,Siège Est,258.6
2026-07-22T17:00:00,Usine Nord,976.6
2026-07-22T17:15:00,Atelier Sud,129.8
2026-07-22T17:15:00,Siège Est,250.2
2026-07-22T17:15:00,Usine Nord,968.4
2026-07-22T17:30:00,Atelier Sud,117.8
2026-07-22T17:30:00,Siège Est,261.0
2026-07-22T17:30:00,Usine Nord,949.8
2026-07-22T17:45:00,Atelier Sud,90.5
2026-07-22T17:45:00,Siège Est,247.0
2026-07-22T17:45:00,Usine Nord,945.0
2026-07-22T18:00:00,Atelier Sud,53.4
2026-07-22T18:00:00,Siège Est,258.8
2026-07-22T18:00:00,Usine Nord,955.0
2026-07-22T18:15:00,Atelier Sud,87.1
2026-07-22T18:15:00,Siège Est,259.7
2026-07-22T18:15:00,Usine Nord,954.3
2026-07-22T18:30:00,Atelier Sud,100.2
2026-07-22T18:30:00,Siège Est,270.2
2026-07-22T18:30:00,Usine Nord,920.9
2026-07-22T18:45:00,Atelier Sud,71.7
2026-07-22T18:45:00,Siège Est,253.6
2026-07-22T18:45:00,Usine Nord,932.3
2026-07-22T19:00:00,Atelier Sud,67.5
2026-07-22T19:00:00,Siège Est,57.4
2026-07-22T19:00:00,Usine Nord,973.7
2026-07-22T19:15:00,Atelier Sud,52.5
2026-07-22T19:15:00,Siège Est,70.4
2026-07-22T19:15:00,Usine Nord,928.2
2026-07-22T19:30:00,Atelier Sud,65.0
2026-07-22T19:30:00,Siège Est,79.4
2026-07-22T19:30:00,Usine Nord,985.7
2026-07-22T19:45:00,Atelier Sud,53.7
2026-07-22T19:45:00,Siège Est,70.1
2026-07-22T19:45:00,Usine Nord,964.6
2026-07-22T20:00:00,Atelier Sud,85.7
2026-07-22T20:00:00,Siège Est,77.8
2026-07-22T20:00:00,Usine Nord,948.8
2026-07-22T20:15:00,Atelier Sud,44.7
2026-07-22T20:15:00,Siège Est,82.9
2026-07-22T20:15:00,Usine Nord,939.1
2026-07-22T20:30:00,Atelier Sud,61.0
2026-07-22T20:30:00,Siège Est,70.0
2026-07-22T20:30:00,Usine Nord,952.2
2026-07-22T20:45:00,Atelier Sud,77.4
2026-07-22T20:45:00,Siège Est,80.9
2026-07-22T20:45:00,Usine Nord,967.2
2026-07-22T21:00:00,Atelier Sud,53.2
2026-07-22T21:00:00,Siège Est,75.6
2026-07-22T21:00:00,Usine Nord,959.8
2026-07-22T21:15:00,Atelier Sud,57.7
2026-07-22T21:15:00,Siège Est,60.7
2026-07-22T21:15:00,Usine Nord,979.1
2026-07-22T21:30:00,Atelier Sud,92.3
2026-07-22T21:30:00,Siège Est,73.7
2026-07-22T21:30:00,Usine Nord,960.2
2026-07-22T21:45:00,Atelier Sud,40.5
2026-07-22T21:45:00,Siège Est,72.1
2026-07-22T21:45:00,Usine Nord,935.6
2026-07-22T22:00:00,Atelier Sud,60.5
2026-07-22T22:00:00,Siège Est,90.2
2026-07-22T22:00:00,Usine Nord,660.6
2026-07-22T22:15:00,Atelier Sud,99.0
2026-07-22T22:15:00,Siège Est,79.4
2026-07-22T22:15:00,Usine Nord,664.9
2026-07-22T22:30:00,Atelier Sud,81.7
2026-07-22T22:30:00,Siège Est,79.3
2026-07-22T22:30:00,Usine Nord,646.2
2026-07-22T22:45:00,Atelier Sud,47.2
2026-07-22T22:45:00,Siège Est,65.2
2026-07-22T22:45:00,Usine Nord,628.5
2026-07-22T23:00:00,Atelier Sud,58.3
2026-07-22T23:00:00,Siège Est,76.3
2026-07-22T23:00:00,Usine Nord,631.3
2026-07-22T23:15:00,Atelier Sud,46.9
2026-07-22T23:15:00,Siège Est,81.8
2026-07-22T23:15:00,Usine Nord,660.8
2026-07-22T23:30:00,Atelier Sud,77.3
2026-07-22T23:30:00,Siège Est,57.6
2026-07-22T23:30:00,Usine Nord,628.9
2026-07-22T23:45:00,Atelier Sud,59.5
2026-07-22T23:45:00,Siège Est,71.8
2026-07-22T23:45:00,Usine Nord,687.4
2026-07-23T00:00:00,Atelier Sud,61.7
2026-07-23T00:00:00,Siège Est,63.0
2026-07-23T00:00:00,Usine Nord,665.0
2026-07-23T00:15:00,Atelier Sud,51.7
2026-07-23T00:15:00,Siège Est,75.3
2026-07-23T00:15:00,Usine Nord,608.7
2026-07-23T00:30:00,Atelier Sud,81.9
2026-07-23T00:30:00,Siège Est,74.2
2026-07-23T00:30:00,Usine Nord,624.6
2026-07-23T00:45:00,Atelier Sud,27.5
2026-07-23T00:45:00,Siège Est,81.7
2026-07-23T00:45:00,Usine Nord,649.9
2026-07-23T01:00:00,Atelier Sud,44.9
2026-07-23T01:00:00,Siège Est,88.9
2026-07-23T01:00:00,Usine Nord,620.7
2026-07-23T01:15:00,Atelier Sud,75.0
2026-07-23T01:15:00,Siège Est,75.3
2026-07-23T01:15:00,Usine Nord,645.1
2026-07-23T01:30:00,Atelier Sud,49.3
2026-07-23T01:30:00,Siège Est,72.9
2026-07-23T01:30:00,Usine Nord,668.1
2026-07-23T01:45:00,Atelier Sud,84.8
2026-07-23T01:45:00,Siège Est,81.9
2026-07-23T01:45:00,Usine Nord,662.4
2026-07-23T02:00:00,Atelier Sud,66.9
2026-07-23T02:00:00,Siège Est,64.7
2026-07-23T02:00:00,Usine Nord,624.4
2026-07-23T02:15:00,Atelier Sud,81.5
2026-07-23T02:15:00,Siège Est,73.7
2026-07-23T02:15:00,Usine Nord,664.9
2026-07-23T02:30:00,Atelier Sud,69.5
2026-07-23T02:30:00,Siège Est,66.5
2026-07-23T02:30:00,Usine Nord,670.3
2026-07-23T02:45:00,Atelier Sud,71.6
2026-07-23T02:45:00,Siège Est,80.0
2026-07-23T02:45:00,Usine Nord,632.6
2026-07-23T03:00:00,Atelier Sud,66.4
2026-07-23T03:00:00,Siège Est,77.1
2026-07-23T03:00:00,Usine Nord,662.2
2026-07-23T03:15:00,Atelier Sud,74.6
2026-07-23T03:15:00,Siège Est,60.4
2026-07-23T03:15:00,Usine Nord,634.7
2026-07-23T03:30:00,Atelier Sud,45.0
2026-07-23T03:30:00,Siège Est,59.3
2026-07-23T03:30:00,Usine Nord,619.1
2026-07-23T03:45:00,Atelier Sud,47.7
2026-07-23T03:45:00,Siège Est,85.1
2026-07-23T03:45:00,Usine Nord,674.5
2026-07-23T04:00:00,Atelier Sud,78.8
2026-07-23T04:00:00,Siège Est,78.0
2026-07-23T04:00:00,Usine Nord,673.4
2026-07-23T04:15:00,Atelier Sud,84.7
2026-07-23T04:15:00,Siège Est,75.8
2026-07-23T04:15:00,Usine Nord,627.7
2026-07-23T04:30:00,Atelier Sud,70.5
2026-07-23T04:30:00,Siège Est,81.5
2026-07-23T04:30:00,Usine Nord,590.4
2026-07-23T04:45:00,Atelier Sud,53.8
2026-07-23T04:45:00,Siège Est,71.8
2026-07-23T04:45:00,Usine Nord,670.6
2026-07-23T05:00:00,Atelier Sud,63.2
2026-07-23T05:00:00,Siège Est,74.2
2026-07-23T05:00:00,Usine Nord,634.8
2026-07-23T05:15:00,Atelier Sud,81.9
2026-07-23T05:15:00,Siège Est,80.7
2026-07-23T05:15:00,Usine Nord,656.3
2026-07-23T05:30:00,Atelier Sud,76.3
2026-07-23T05:30:00,Siège Est,82.5
2026-07-23T05:30:00,Usine Nord,619.1
2026-07-23T05:45:00,Atelier Sud,53.0
2026-07-23T05:45:00,Siège Est,89.2
2026-07-23T05:45:00,Usine Nord,659.2
2026-07-23T06:00:00,Atelier Sud,89.9
2026-07-23T06:00:00,Siège Est,67.9
2026-07-23T06:00:00,Usine Nord,973.6
2026-07-23T06:15:00,Atelier Sud,68.7
2026-07-23T06:15:00,Siège Est,75.8
2026-07-23T06:15:00,Usine Nord,952.9
2026-07-23T06:30:00,Atelier Sud,106.0
2026-07-23T06:30:00,Siège Est,69.5
2026-07-23T06:30:00,Usine Nord,967.5
2026-07-23T06:45:00,Atelier Sud,109.0
2026-07-23T06:45:00,Siège Est,99.5
2026-07-23T06:45:00,Usine Nord,956.7
2026-07-23T07:00:00,Atelier Sud,166.5
2026-07-23T07:00:00,Siège Est,66.1
2026-07-23T07:00:00,Usine Nord,971.1
2026-07-23T07:15:00,Atelier Sud,209.3
2026-07-23T07:15:00,Siège Est,74.3
2026-07-23T07:15:00,Usine Nord,937.8
2026-07-23T07:30:00,Atelier Sud,191.8
2026-07-23T07:30:00,Siège Est,94.3
2026-07-23T07:30:00,Usine Nord,937.2
2026-07-23T07:45:00,Atelier Sud,203.3
2026-07-23T07:45:00,Siège Est,70.6
2026-07-23T07:45:00,Usine Nord,906.5
2026-07-23T08:00:00,Atelier Sud,224.4
2026-07-23T08:00:00,Siège Est,267.7
2026-07-23T08:00:00,Usine Nord,939.9
2026-07-23T08:15:00,Atelier Sud,236.2
2026-07-23T08:15:00,Siège Est,261.3
2026-07-23T08:15:00,Usine Nord,942.9
2026-07-23T08:30:00,Atelier Sud,268.9
2026-07-23T08:30:00,Siège Est,258.3
2026-07-23T08:30:00,Usine Nord,924.3
2026-07-23T08:45:00,Atelier Sud,278.0
2026-07-23T08:45:00,Siège Est,268.6
2026-07-23T08:45:00,Usine Nord,972.0
2026-07-23T09:00:00,Atelier Sud,280.4
2026-07-23T09:00:00,Siège Est,254.0
2026-07-23T09:00:00,Usine Nord,943.6
2026-07-23T09:15:00,Atelier Sud,327.0
2026-07-23T09:15:00,Siège Est,251.3
2026-07-23T09:15:00,Usine Nord,1015.4
2026-07-23T09:30:00,Atelier Sud,290.2
2026-07-23T09:30:00,Siège Est,254.1
2026-07-23T09:30:00,Usine Nord,962.8
2026-07-23T09:45:00,Atelier Sud,288.8
2026-07-23T09:45:00,Siège Est,260.8
2026-07-23T09:45:00,Usine Nord,931.6
2026-07-23T10:00:00,Atelier Sud,329.5
2026-07-23T10:00:00,Siège Est,263.6
2026-07-23T10:00:00,Usine Nord,949.4
2026-07-23T10:15:00,Atelier Sud,299.2
2026-07-23T10:15:00,Siège Est,254.8
2026-07-23T10:15:00,Usine Nord,965.8
2026-07-23T10:30:00,Atelier Sud,331.9
2026-07-23T10:30:00,Siège Est,255.2
2026-07-23T10:30:00,Usine Nord,973.4
2026-07-23T10:45:00,Atelier Sud,345.9
2026-07-23T10:45:00,Siège Est,241.6
2026-07-23T10:45:00,Usine Nord,982.7
2026-07-23T11:00:00,Atelier Sud,265.5
2026-07-23T11:00:00,Siège Est,257.1
2026-07-23T11:00:00,Usine Nord,939.7
2026-07-23T11:15:00,Atelier Sud,324.3
2026-07-23T11:15:00,Siège Est,247.3
2026-07-23T11:15:00,Usine Nord,971.7
2026-07-23T11:30:00,Atelier Sud,321.5
2026-07-23T11:30:00,Siège Est,260.1
2026-07-23T11:30:00,Usine Nord,948.7
2026-07-23T11:45:00,Atelier Sud,345.6
2026-07-23T11:45:00,Siège Est,275.5
2026-07-23T11:45:00,Usine Nord,970.6
2026-07-23T12:00:00,Atelier Sud,285.4
2026-07-23T12:00:00,Siège Est,272.4
2026-07-23T12:00:00,Usine Nord,947.0
2026-07-23T12:15:00,Atelier Sud,366.2
2026-07-23T12:15:00,Siège Est,266.7
2026-07-23T12:15:00,Usine Nord,948.8
2026-07-23T12:30:00,Atelier Sud,365.1
2026-07-23T12:30:00,Siège Est,258.9
2026-07-23T12:30:00,Usine Nord,957.2
2026-07-23T12:45:00,Atelier Sud,295.1
2026-07-23T12:45:00,Siège Est,260.0
2026-07-23T12:45:00,Usine Nord,935.6
2026-07-23T13:00:00,Atelier Sud,286.8
2026-07-23T13:00:00,Siège Est,257.5
2026-07-23T13:00:00,Usine Nord,949.7
2026-07-23T13:15:00,Atelier Sud,298.7
2026-07-23T13:15:00,Siège Est,264.0
2026-07-23T13:15:00,Usine Nord,958.3
2026-07-23T13:30:00,Atelier Sud,249.0
2026-07-23T13:30:00,Siège Est,257.4
2026-07-23T13:30:00,Usine Nord,909.6
2026-07-23T13:45:00,Atelier Sud,328.7
2026-07-23T13:45:00,Siège Est,241.7
2026-07-23T13:45:00,Usine Nord,938.3
2026-07-23T14:00:00,Atelier Sud,331.8
2026-07-23T14:00:00,Siège Est,258.7
2026-07-23T14:00:00,Usine Nord,939.3
2026-07-23T14:15:00,Atelier Sud,282.9
2026-07-23T14:15:00,Siège Est,271.7
2026-07-23T14:15:00,Usine Nord,972.0
2026-07-23T14:30:00,Atelier Sud,310.1
2026-07-23T14:30:00,Siège Est,251.9
2026-07-23T14:30:00,Usine Nord,952.9
2026-07-23T14:45:00,Atelier Sud,232.8
2026-07-23T14:45:00,Siège Est,242.6
2026-07-23T14:45:00,Usine Nord,949.4
2026-07-23T15:00:00,Atelier Sud,231.2
2026-07-23T15:00:00,Siège Est,257.6
2026-07-23T15:00:00,Usine Nord,933.6
2026-07-23T15:15:00,Atelier Sud,195.2
2026-07-23T15:15:00,Siège Est,262.9
2026-07-23T15:15:00,Usine Nord,959.4
2026-07-23T15:30:00,Atelier Sud,202.8
2026-07-23T15:30:00,Siège Est,263.0
2026-07-23T15:30:00,Usine Nord,943.1
2026-07-23T15:45:00,Atelier Sud,238.1
2026-07-23T15:45:00,Siège Est,267.4
2026-07-23T15:45:00,Usine Nord,971.2
2026-07-23T16:00:00,Atelier Sud,183.1
2026-07-23T16:00:00,Siège Est,248.6
2026-07-23T16:00:00,Usine Nord,943.7
2026-07-23T16:15:00,Atelier Sud,138.7
2026-07-23T16:15:00,Siège Est,267.6
2026-07-23T16:15:00,Usine Nord,948.8
2026-07-23T16:30:00,Atelier Sud,173.4
2026-07-23T16:30:00,Siège Est,261.6
2026-07-23T16:30:00,Usine Nord,963.0
2026-07-23T16:45:00,Atelier Sud,149.9
2026-07-23T16:45:00,Siège Est,253.4
2026-07-23T16:45:00,Usine Nord,960.0
2026-07-23T17:00:00,Atelier Sud,149.4
2026-07-23T17:00:00,Siège Est,269.2
2026-07-23T17:00:00,Usine Nord,915.6
2026-07-23T17:15:00,Atelier Sud,100.3
2026-07-23T17:15:00,Siège Est,269.4
2026-07-23T17:15:00,Usine Nord,954.2
2026-07-23T17:30:00,Atelier Sud,118.2
2026-07-23T17:30:00,Siège Est,262.6
2026-07-23T17:30:00,Usine Nord,948.6
2026-07-23T17:45:00,Atelier Sud,90.4
2026-07-23T17:45:00,Siège Est,252.5
2026-07-23T17:45:00,Usine Nord,908.9
2026-07-23T18:00:00,Atelier Sud,71.2
2026-07-23T18:00:00,Siège Est,265.2
2026-07-23T18:00:00,Usine Nord,922.9
2026-07-23T18:15:00,Atelier Sud,55.4
2026-07-23T18:15:00,Siège Est,251.4
2026-07-23T18:15:00,Usine Nord,970.6
2026-07-23T18:30:00,Atelier Sud,68.1
2026-07-23T18:30:00,Siège Est,269.7
2026-07-23T18:30:00,Usine Nord,957.3
2026-07-23T18:45:00,Atelier Sud,90.2
2026-07-23T18:45:00,Siège Est,255.8
2026-07-23T18:45:00,Usine Nord,939.4
2026-07-23T19:00:00,Atelier Sud,89.4
2026-07-23T19:00:00,Siège Est,76.5
2026-07-23T19:00:00,Usine Nord,970.4
2026-07-23T19:15:00,Atelier Sud,59.7
2026-07-23T19:15:00,Siège Est,71.8
2026-07-23T19:15:00,Usine Nord,911.5
2026-07-23T19:30:00,Atelier Sud,68.9
2026-07-23T19:30:00,Siège Est,106.9
2026-07-23T19:30:00,Usine Nord,980.1
2026-07-23T19:45:00,Atelier Sud,90.3
2026-07-23T19:45:00,Siège Est,60.2
2026-07-23T19:45:00,Usine Nord,937.2
2026-07-23T20:00:00,Atelier Sud,83.5
2026-07-23T20:00:00,Siège Est,76.8
2026-07-23T20:00:00,Usine Nord,982.7
2026-07-23T20:15:00,Atelier Sud,61.5
2026-07-23T20:15:00,Siège Est,77.8
2026-07-23T20:15:00,Usine Nord,940.9
2026-07-23T20:30:00,Atelier Sud,83.6
2026-07-23T20:30:00,Siège Est,73.8
2026-07-23T20:30:00,Usine Nord,938.5
2026-07-23T20:45:00,Atelier Sud,68.4
2026-07-23T20:45:00,Siège Est,84.7
2026-07-23T20:45:00,Usine Nord,956.3
2026-07-23T21:00:00,Atelier Sud,69.0
2026-07-23T21:00:00,Siège Est,55.6
2026-07-23T21:00:00,Usine Nord,944.1
2026-07-23T21:15:00,Atelier Sud,58.6
2026-07-23T21:15:00,Siège Est,69.4
2026-07-23T21:15:00,Usine Nord,972.4
2026-07-23T21:30:00,Atelier Sud,78.7
2026-07-23T21:30:00,Siège Est,77.2
2026-07-23T21:30:00,Usine Nord,967.5
2026-07-23T21:45:00,Atelier Sud,76.3
2026-07-23T21:45:00,Siège Est,97.4
2026-07-23T21:45:00,Usine Nord,942.3
2026-07-23T22:00:00,Atelier Sud,82.7
2026-07-23T22:00:00,Siège Est,89.2
2026-07-23T22:00:00,Usine Nord,644.2
2026-07-23T22:15:00,Atelier Sud,76.5
2026-07-23T22:15:00,Siège Est,80.5
2026-07-23T22:15:00,Usine Nord,648.3
2026-07-23T22:30:00,Atelier Sud,67.5
2026-07-23T22:30:00,Siège Est,74.6
2026-07-23T22:30:00,Usine Nord,686.3
2026-07-23T22:45:00,Atelier Sud,57.3
2026-07-23T22:45:00,Siège Est,78.4
2026-07-23T22:45:00,Usine Nord,647.6
2026-07-23T23:00:00,Atelier Sud,59.2
2026-07-23T23:00:00,Siège Est,92.5
2026-07-23T23:00:00,Usine Nord,671.0
2026-07-23T23:15:00,Atelier Sud,76.4
2026-07-23T23:15:00,Siège Est,81.2
2026-07-23T23:15:00,Usine Nord,647.6
2026-07-23T23:30:00,Atelier Sud,63.2
2026-07-23T23:30:00,Siège Est,71.7
2026-07-23T23:30:00,Usine Nord,630.0
2026-07-23T23:45:00,Atelier Sud,75.2
2026-07-23T23:45:00,Siège Est,63.0
2026-07-23T23:45:00,Usine Nord,612.2
2026-07-24T00:00:00,Atelier Sud,47.8
2026-07-24T00:00:00,Siège Est,89.0
2026-07-24T00:00:00,Usine Nord,653.4
2026-07-24T00:15:00,Atelier Sud,69.1
2026-07-24T00:15:00,Siège Est,73.4
2026-07-24T00:15:00,Usine Nord,658.9
2026-07-24T00:30:00,Atelier Sud,69.1
2026-07-24T00:30:00,Siège Est,76.3
2026-07-24T00:30:00,Usine Nord,653.7
2026-07-24T00:45:00,Atelier Sud,63.1
2026-07-24T00:45:00,Siège Est,85.5
2026-07-24T00:45:00,Usine Nord,676.5
2026-07-24T01:00:00,Atelier Sud,63.7
2026-07-24T01:00:00,Siège Est,83.9
2026-07-24T01:00:00,Usine Nord,664.3
2026-07-24T01:15:00,Atelier Sud,58.6
2026-07-24T01:15:00,Siège Est,72.7
2026-07-24T01:15:00,Usine Nord,688.7
2026-07-24T01:30:00,Atelier Sud,46.2
2026-07-24T01:30:00,Siège Est,80.6
2026-07-24T01:30:00,Usine Nord,662.1
2026-07-24T01:45:00,Atelier Sud,95.2
2026-07-24T01:45:00,Siège Est,85.6
2026-07-24T01:45:00,Usine Nord,628.3
2026-07-24T02:00:00,Atelier Sud,65.8
2026-07-24T02:00:00,Siège Est,61.2
2026-07-24T02:00:00,Usine Nord,673.2
2026-07-24T02:15:00,Atelier Sud,78.7
2026-07-24T02:15:00,Siège Est,74.7
2026-07-24T02:15:00,Usine Nord,625.0
2026-07-24T02:30:00,Atelier Sud,96.1
2026-07-24T02:30:00,Siège Est,76.9
2026-07-24T02:30:00,Usine Nord,645.2
2026-07-24T02:45:00,Atelier Sud,66.5
2026-07-24T02:45:00,Siège Est,61.9
2026-07-24T02:45:00,Usine Nord,619.8
2026-07-24T03:00:00,Atelier Sud,81.1
2026-07-24T03:00:00,Siège Est,70.6
2026-07-24T03:00:00,Usine Nord,668.6
2026-07-24T03:15:00,Atelier Sud,98.6
2026-07-24T03:15:00,Siège Est,87.9
2026-07-24T03:15:00,Usine Nord,679.6
2026-07-24T03:30:00,Atelier Sud,82.9
2026-07-24T03:30:00,Siège Est,78.9
2026-07-24T03:30:00,Usine Nord,618.1
2026-07-24T03:45:00,Atelier Sud,65.6
2026-07-24T03:45:00,Siège Est,66.2
2026-07-24T03:45:00,Usine Nord,628.4
2026-07-24T04:00:00,Atelier Sud,57.8
2026-07-24T04:00:00,Siège Est,80.9
2026-07-24T04:00:00,Usine Nord,632.4
2026-07-24T04:15:00,Atelier Sud,66.0
2026-07-24T04:15:00,Siège Est,83.7
2026-07-24T04:15:00,Usine Nord,606.1
2026-07-24T04:30:00,Atelier Sud,86.0
2026-07-24T04:30:00,Siège Est,72.0
2026-07-24T04:30:00,Usine Nord,645.0
2026-07-24T04:45:00,Atelier Sud,115.6
2026-07-24T04:45:00,Siège Est,63.2
2026-07-24T04:45:00,Usine Nord,641.6
2026-07-24T05:00:00,Atelier Sud,59.0
2026-07-24T05:00:00,Siège Est,74.2
2026-07-24T05:00:00,Usine Nord,616.7
2026-07-24T05:15:00,Atelier Sud,69.2
2026-07-24T05:15:00,Siège Est,70.9
2026-07-24T05:15:00,Usine Nord,596.9
2026-07-24T05:30:00,Atelier Sud,88.5
2026-07-24T05:30:00,Siège Est,74.6
2026-07-24T05:30:00,Usine Nord,614.3
2026-07-24T05:45:00,Atelier Sud,63.0
2026-07-24T05:45:00,Siège Est,64.5
2026-07-24T05:45:00,Usine Nord,652.5
2026-07-24T06:00:00,Atelier Sud,89.3
2026-07-24T06:00:00,Siège Est,79.0
2026-07-24T06:00:00,Usine Nord,914.7
2026-07-24T06:15:00,Atelier Sud,113.0
2026-07-24T06:15:00,Siège Est,81.1
2026-07-24T06:15:00,Usine Nord,948.3
2026-07-24T06:30:00,Atelier Sud,111.8
2026-07-24T06:30:00,Siège Est,86.8
2026-07-24T06:30:00,Usine Nord,953.4
2026-07-24T06:45:00,Atelier Sud,146.0
2026-07-24T06:45:00,Siège Est,63.0
2026-07-24T06:45:00,Usine Nord,963.7
2026-07-24T07:00:00,Atelier Sud,175.7
2026-07-24T07:00:00,Siège Est,83.7
2026-07-24T07:00:00,Usine Nord,946.6
2026-07-24T07:15:00,Atelier Sud,163.0
2026-07-24T07:15:00,Siège Est,74.2
2026-07-24T07:15:00,Usine Nord,953.1
2026-07-24T07:30:00,Atelier Sud,187.0
2026-07-24T07:30:00,Siège Est,87.5
2026-07-24T07:30:00,Usine Nord,980.8
2026-07-24T07:45:00,Atelier Sud,190.7
2026-07-24T07:45:00,Siège Est,69.7
2026-07-24T07:45:00,Usine Nord,935.2
2026-07-24T08:00:00,Atelier Sud,197.9
2026-07-24T08:00:00,Siège Est,252.7
2026-07-24T08:00:00,Usine Nord,948.7
2026-07-24T08:15:00,Atelier Sud,237.1
2026-07-24T08:15:00,Siège Est,256.5
2026-07-24T08:15:00,Usine Nord,976.3
2026-07-24T08:30:00,Atelier Sud,241.1
2026-07-24T08:30:00,Siège Est,243.0
2026-07-24T08:30:00,Usine Nord,922.5
2026-07-24T08:45:00,Atelier Sud,256.7
2026-07-24T08:45:00,Siège Est,251.5
2026-07-24T08:45:00,Usine Nord,962.2
2026-07-24T09:00:00,Atelier Sud,276.8
2026-07-24T09:00:00,Siège Est,260.2
2026-07-24T09:00:00,Usine Nord,890.9
2026-07-24T09:15:00,Atelier Sud,283.3
2026-07-24T09:15:00,Siège Est,259.7
2026-07-24T09:15:00,Usine Nord,912.7
2026-07-24T09:30:00,Atelier Sud,307.1
2026-07-24T09:30:00,Siège Est,264.9
2026-07-24T09:30:00,Usine Nord,913.0
2026-07-24T09:45:00,Atelier Sud,295.6
2026-07-24T09:45:00,Siège Est,267.7
2026-07-24T09:45:00,Usine Nord,944.0
2026-07-24T10:00:00,Atelier Sud,291.0
2026-07-24T10:00:00,Siège Est,235.7
2026-07-24T10:00:00,Usine Nord,948.0
2026-07-24T10:15:00,Atelier Sud,334.3
2026-07-24T10:15:00,Siège Est,260.4
2026-07-24T10:15:00,Usine Nord,897.4
2026-07-24T10:30:00,Atelier Sud,299.3
2026-07-24T10:30:00,Siège Est,258.9
2026-07-24T10:30:00,Usine Nord,989.3
2026-07-24T10:45:00,Atelier Sud,330.3
2026-07-24T10:45:00,Siège Est,246.4
2026-07-24T10:45:00,Usine Nord,995.1
2026-07-24T11:00:00,Atelier Sud,323.2
2026-07-24T11:00:00,Siège Est,254.6
2026-07-24T11:00:00,Usine Nord,976.6
2026-07-24T11:15:00,Atelier Sud,310.1
2026-07-24T11:15:00,Siège Est,253.2
2026-07-24T11:15:00,Usine Nord,944.3
2026-07-24T11:30:00,Atelier Sud,357.3
2026-07-24T11:30:00,Siège Est,277.0
2026-07-24T11:30:00,Usine Nord,959.4
2026-07-24T11:45:00,Atelier Sud,336.0
2026-07-24T11:45:00,Siège Est,255.6
2026-07-24T11:45:00,Usine Nord,933.4
2026-07-24T12:00:00,Atelier Sud,374.1
2026-07-24T12:00:00,Siège Est,257.8
2026-07-24T12:00:00,Usine Nord,936.5
2026-07-24T12:15:00,Atelier Sud,336.0
2026-07-24T12:15:00,Siège Est,269.5
2026-07-24T12:15:00,Usine Nord,932.1
2026-07-24T12:30:00,Atelier Sud,314.5
2026-07-24T12:30:00,Siège Est,255.1
2026-07-24T12:30:00,Usine Nord,955.7
2026-07-24T12:45:00,Atelier Sud,350.9
2026-07-24T12:45:00,Siège Est,267.2
2026-07-24T12:45:00,Usine Nord,937.5
2026-07-24T13:00:00,Atelier Sud,351.3
2026-07-24T13:00:00,Siège Est,244.6
2026-07-24T13:00:00,Usine Nord,938.9
2026-07-24T13:15:00,Atelier Sud,336.6
2026-07-24T13:15:00,Siège Est,268.7
2026-07-24T13:15:00,Usine Nord,988.4
2026-07-24T13:30:00,Atelier Sud,303.7
2026-07-24T13:30:00,Siège Est,251.3
2026-07-24T13:30:00,Usine Nord,941.7
2026-07-24T13:45:00,Atelier Sud,313.2
2026-07-24T13:45:00,Siège Est,256.0
2026-07-24T13:45:00,Usine Nord,962.6
2026-07-24T14:00:00,Atelier Sud,331.9
2026-07-24T14:00:00,Siège Est,243.9
2026-07-24T14:00:00,Usine Nord,958.0
2026-07-24T14:15:00,Atelier Sud,297.6
2026-07-24T14:15:00,Siège Est,233.6
2026-07-24T14:15:00,Usine Nord,939.3
2026-07-24T14:30:00,Atelier Sud,339.6
2026-07-24T14:30:00,Siège Est,261.5
2026-07-24T14:30:00,Usine Nord,940.0
2026-07-24T14:45:00,Atelier Sud,271.9
2026-07-24T14:45:00,Siège Est,257.9
2026-07-24T14:45:00,Usine Nord,974.5
2026-07-24T15:00:00,Atelier Sud,219.3
2026-07-24T15:00:00,Siège Est,244.0
2026-07-24T15:00:00,Usine Nord,937.8
2026-07-24T15:15:00,Atelier Sud,208.5
2026-07-24T15:15:00,Siège Est,259.4
2026-07-24T15:15:00,Usine Nord,964.2
2026-07-24T15:30:00,Atelier Sud,199.4
2026-07-24T15:30:00,Siège Est,264.0
2026-07-24T15:30:00,Usine Nord,940.0
2026-07-24T15:45:00,Atelier Sud,210.2
2026-07-24T15:45:00,Siège Est,255.7
2026-07-24T15:45:00,Usine Nord,941.2
2026-07-24T16:00:00,Atelier Sud,161.1
2026-07-24T16:00:00,Siège Est,255.1
2026-07-24T16:00:00,Usine Nord,982.2
2026-07-24T16:15:00,Atelier Sud,162.3
2026-07-24T16:15:00,Siège Est,255.6
2026-07-24T16:15:00,Usine Nord,911.1
2026-07-24T16:30:00,Atelier Sud,182.7
2026-07-24T16:30:00,Siège Est,263.2
2026-07-24T16:30:00,Usine Nord,933.8
2026-07-24T16:45:00,Atelier Sud,162.0
2026-07-24T16:45:00,Siège Est,262.9
2026-07-24T16:45:00,Usine Nord,936.1
2026-07-24T17:00:00,Atelier Sud,115.0
2026-07-24T17:00:00,Siège Est,254.6
2026-07-24T17:00:00,Usine Nord,958.6
2026-07-24T17:15:00,Atelier Sud,136.4
2026-07-24T17:15:00,Siège Est,245.3
2026-07-24T17:15:00,Usine Nord,934.2
2026-07-24T17:30:00,Atelier Sud,74.8
2026-07-24T17:30:00,Siège Est,244.2
2026-07-24T17:30:00,Usine Nord,951.7
2026-07-24T17:45:00,Atelier Sud,89.8
2026-07-24T17:45:00,Siège Est,247.2
2026-07-24T17:45:00,Usine Nord,964.1
2026-07-24T18:00:00,Atelier Sud,67.9
2026-07-24T18:00:00,Siège Est,267.7
2026-07-24T18:00:00,Usine Nord,992.6
2026-07-24T18:15:00,Atelier Sud,62.2
2026-07-24T18:15:00,Siège Est,260.8
2026-07-24T18:15:00,Usine Nord,970.6
2026-07-24T18:30:00,Atelier Sud,37.8
2026-07-24T18:30:00,Siège Est,260.2
2026-07-24T18:30:00,Usine Nord,918.5
2026-07-24T18:45:00,Atelier Sud,77.0
2026-07-24T18:45:00,Siège Est,265.2
2026-07-24T18:45:00,Usine Nord,987.4
2026-07-24T19:00:00,Atelier Sud,76.8
2026-07-24T19:00:00,Siège Est,83.7
2026-07-24T19:00:00,Usine Nord,949.2
2026-07-24T19:15:00,Atelier Sud,56.6
2026-07-24T19:15:00,Siège Est,77.0
2026-07-24T19:15:00,Usine Nord,927.7
2026-07-24T19:30:00,Atelier Sud,85.2
2026-07-24T19:30:00,Siège Est,75.2
2026-07-24T19:30:00,Usine Nord,954.2
2026-07-24T19:45:00,Atelier Sud,64.2
2026-07-24T19:45:00,Siège Est,52.2
2026-07-24T19:45:00,Usine Nord,927.4
2026-07-24T20:00:00,Atelier Sud,79.4
2026-07-24T20:00:00,Siège Est,72.1
2026-07-24T20:00:00,Usine Nord,940.5
2026-07-24T20:15:00,Atelier Sud,63.1
2026-07-24T20:15:00,Siège Est,66.6
2026-07-24T20:15:00,Usine Nord,929.1
2026-07-24T20:30:00,Atelier Sud,64.3
2026-07-24T20:30:00,Siège Est,89.4
2026-07-24T20:30:00,Usine Nord,938.3
2026-07-24T20:45:00,Atelier Sud,65.6
2026-07-24T20:45:00,Siège Est,75.2
2026-07-24T20:45:00,Usine Nord,894.2
2026-07-24T21:00:00,Atelier Sud,76.1
2026-07-24T21:00:00,Siège Est,59.5
2026-07-24T21:00:00,Usine Nord,977.1
2026-07-24T21:15:00,Atelier Sud,65.6
2026-07-24T21:15:00,Siège Est,76.0
2026-07-24T21:15:00,Usine Nord,950.2
2026-07-24T21:30:00,Atelier Sud,91.2
2026-07-24T21:30:00,Siège Est,79.5
2026-07-24T21:30:00,Usine Nord,967.3
2026-07-24T21:45:00,Atelier Sud,74.1
2026-07-24T21:45:00,Siège Est,67.5
2026-07-24T21:45:00,Usine Nord,957.5
2026-07-24T22:00:00,Atelier Sud,63.2
2026-07-24T22:00:00,Siège Est,91.7
2026-07-24T22:00:00,Usine Nord,645.2
2026-07-24T22:15:00,Atelier Sud,55.9
2026-07-24T22:15:00,Siège Est,89.2
2026-07-24T22:15:00,Usine Nord,677.0
2026-07-24T22:30:00,Atelier Sud,46.2
2026-07-24T22:30:00,Siège Est,67.4
2026-07-24T22:30:00,Usine Nord,676.1
2026-07-24T22:45:00,Atelier Sud,89.5
2026-07-24T22:45:00,Siège Est,71.5
2026-07-24T22:45:00,Usine Nord,639.3
2026-07-24T23:00:00,Atelier Sud,94.3
2026-07-24T23:00:00,Siège Est,72.8
2026-07-24T23:00:00,Usine Nord,665.2
2026-07-24T23:15:00,Atelier Sud,76.9
2026-07-24T23:15:00,Siège Est,70.7
2026-07-24T23:15:00,Usine Nord,639.5
2026-07-24T23:30:00,Atelier Sud,73.3
2026-07-24T23:30:00,Siège Est,79.6
2026-07-24T23:30:00,Usine Nord,636.4
2026-07-24T23:45:00,Atelier Sud,56.2
2026-07-24T23:45:00,Siège Est,78.9
2026-07-24T23:45:00,Usine Nord,657.0
2026-07-25T00:00:00,Atelier Sud,78.8
2026-07-25T00:00:00,Siège Est,77.5
2026-07-25T00:00:00,Usine Nord,357.2
2026-07-25T00:15:00,Atelier Sud,64.7
2026-07-25T00:15:00,Siège Est,81.2
2026-07-25T00:15:00,Usine Nord,352.8
2026-07-25T00:30:00,Atelier Sud,80.2
2026-07-25T00:30:00,Siège Est,62.9
2026-07-25T00:30:00,Usine Nord,310.6
2026-07-25T00:45:00,Atelier Sud,61.5
2026-07-25T00:45:00,Siège Est,73.4
2026-07-25T00:45:00,Usine Nord,336.6
2026-07-25T01:00:00,Atelier Sud,108.8
2026-07-25T01:00:00,Siège Est,71.2
2026-07-25T01:00:00,Usine Nord,357.6
2026-07-25T01:15:00,Atelier Sud,75.4
2026-07-25T01:15:00,Siège Est,57.6
2026-07-25T01:15:00,Usine Nord,370.7
2026-07-25T01:30:00,Atelier Sud,65.5
2026-07-25T01:30:00,Siège Est,88.4
2026-07-25T01:30:00,Usine Nord,369.8
2026-07-25T01:45:00,Atelier Sud,81.6
2026-07-25T01:45:00,Siège Est,90.9
2026-07-25T01:45:00,Usine Nord,343.1
2026-07-25T02:00:00,Atelier Sud,63.2
2026-07-25T02:00:00,Siège Est,79.9
2026-07-25T02:00:00,Usine Nord,365.8
2026-07-25T02:15:00,Atelier Sud,56.3
2026-07-25T02:15:00,Siège Est,79.1
2026-07-25T02:15:00,Usine Nord,327.8
2026-07-25T02:30:00,Atelier Sud,69.6
2026-07-25T02:30:00,Siège Est,70.4
2026-07-25T02:30:00,Usine Nord,365.1
2026-07-25T02:45:00,Atelier Sud,64.3
2026-07-25T02:45:00,Siège Est,80.0
2026-07-25T02:45:00,Usine Nord,396.4
2026-07-25T03:00:00,Atelier Sud,88.2
2026-07-25T03:00:00,Siège Est,84.7
2026-07-25T03:00:00,Usine Nord,350.2
2026-07-25T03:15:00,Atelier Sud,88.0
2026-07-25T03:15:00,Siège Est,75.2
2026-07-25T03:15:00,Usine Nord,332.8
2026-07-25T03:30:00,Atelier Sud,89.6
2026-07-25T03:30:00,Siège Est,75.3
2026-07-25T03:30:00,Usine Nord,378.5
2026-07-25T03:45:00,Atelier Sud,78.6
2026-07-25T03:45:00,Siège Est,95.0
2026-07-25T03:45:00,Usine Nord,352.6
2026-07-25T04:00:00,Atelier Sud,99.2
2026-07-25T04:00:00,Siège Est,86.7
2026-07-25T04:00:00,Usine Nord,355.5
2026-07-25T04:15:00,Atelier Sud,89.9
2026-07-25T04:15:00,Siège Est,75.1
2026-07-25T04:15:00,Usine Nord,367.3
2026-07-25T04:30:00,Atelier Sud,82.4
2026-07-25T04:30:00,Siège Est,76.5
2026-07-25T04:30:00,Usine Nord,348.1
2026-07-25T04:45:00,Atelier Sud,88.4
2026-07-25T04:45:00,Siège Est,74.7
2026-07-25T04:45:00,Usine Nord,371.1
2026-07-25T05:00:00,Atelier Sud,79.8
2026-07-25T05:00:00,Siège Est,70.1
2026-07-25T05:00:00,Usine Nord,339.6
2026-07-25T05:15:00,Atelier Sud,88.0
2026-07-25T05:15:00,Siège Est,78.2
2026-07-25T05:15:00,Usine Nord,338.6
2026-07-25T05:30:00,Atelier Sud,52.0
2026-07-25T05:30:00,Siège Est,75.4
2026-07-25T05:30:00,Usine Nord,361.7
2026-07-25T05:45:00,Atelier Sud,62.6
2026-07-25T05:45:00,Siège Est,59.1
2026-07-25T05:45:00,Usine Nord,365.0
2026-07-25T06:00:00,Atelier Sud,105.3
2026-07-25T06:00:00,Siège Est,81.2
2026-07-25T06:00:00,Usine Nord,526.1
2026-07-25T06:15:00,Atelier Sud,70.1
2026-07-25T06:15:00,Siège Est,69.9
2026-07-25T06:15:00,Usine Nord,535.9
2026-07-25T06:30:00,Atelier Sud,67.1
2026-07-25T06:30:00,Siège Est,74.9
2026-07-25T06:30:00,Usine Nord,520.0
2026-07-25T06:45:00,Atelier Sud,75.1
2026-07-25T06:45:00,Siège Est,72.6
2026-07-25T06:45:00,Usine Nord,506.9
2026-07-25T07:00:00,Atelier Sud,80.2
2026-07-25T07:00:00,Siège Est,87.3
2026-07-25T07:00:00,Usine Nord,531.6
2026-07-25T07:15:00,Atelier Sud,84.5
2026-07-25T07:15:00,Siège Est,73.6
2026-07-25T07:15:00,Usine Nord,486.6
2026-07-25T07:30:00,Atelier Sud,79.1
2026-07-25T07:30:00,Siège Est,81.7
2026-07-25T07:30:00,Usine Nord,521.2
2026-07-25T07:45:00,Atelier Sud,56.3
2026-07-25T07:45:00,Siège Est,66.2
2026-07-25T07:45:00,Usine Nord,542.4
2026-07-25T08:00:00,Atelier Sud,85.5
2026-07-25T08:00:00,Siège Est,72.2
2026-07-25T08:00:00,Usine Nord,533.6
2026-07-25T08:15:00,Atelier Sud,89.1
2026-07-25T08:15:00,Siège Est,87.0
2026-07-25T08:15:00,Usine Nord,546.4
2026-07-25T08:30:00,Atelier Sud,62.5
2026-07-25T08:30:00,Siège Est,76.0
2026-07-25T08:30:00,Usine Nord,516.0
2026-07-25T08:45:00,Atelier Sud,83.5
2026-07-25T08:45:00,Siège Est,77.2
2026-07-25T08:45:00,Usine Nord,516.0
2026-07-25T09:00:00,Atelier Sud,79.3
2026-07-25T09:00:00,Siège Est,61.3
2026-07-25T09:00:00,Usine Nord,510.8
2026-07-25T09:15:00,Atelier Sud,58.4
2026-07-25T09:15:00,Siège Est,76.4
2026-07-25T09:15:00,Usine Nord,510.4
2026-07-25T09:30:00,Atelier Sud,19.8
2026-07-25T09:30:00,Siège Est,79.7
2026-07-25T09:30:00,Usine Nord,526.0
2026-07-25T09:45:00,Atelier Sud,62.2
2026-07-25T09:45:00,Siège Est,82.2
2026-07-25T09:45:00,Usine Nord,543.0
2026-07-25T10:00:00,Atelier Sud,15.0
2026-07-25T10:00:00,Siège Est,59.3
2026-07-25T10:00:00,Usine Nord,520.6
2026-07-25T10:15:00,Atelier Sud,51.1
2026-07-25T10:15:00,Siège Est,77.1
2026-07-25T10:15:00,Usine Nord,556.0
2026-07-25T10:30:00,Atelier Sud,53.1
2026-07-25T10:30:00,Siège Est,80.3
2026-07-25T10:30:00,Usine Nord,531.9
2026-07-25T10:45:00,Atelier Sud,15.0
2026-07-25T10:45:00,Siège Est,79.8
2026-07-25T10:45:00,Usine Nord,476.7
2026-07-25T11:00:00,Atelier Sud,44.8
2026-07-25T11:00:00,Siège Est,68.2
2026-07-25T11:00:00,Usine Nord,536.1
2026-07-25T11:15:00,Atelier Sud,32.6
2026-07-25T11:15:00,Siège Est,73.7
2026-07-25T11:15:00,Usine Nord,511.3
2026-07-25T11:30:00,Atelier Sud,41.4
2026-07-25T11:30:00,Siège Est,79.6
2026-07-25T11:30:00,Usine Nord,523.7
2026-07-25T11:45:00,Atelier Sud,15.0
2026-07-25T11:45:00,Siège Est,66.1
2026-07-25T11:45:00,Usine Nord,505.7
2026-07-25T12:00:00,Atelier Sud,15.0
2026-07-25T12:00:00,Siège Est,76.9
2026-07-25T12:00:00,Usine Nord,510.0
2026-07-25T12:15:00,Atelier Sud,15.0
2026-07-25T12:15:00,Siège Est,70.5
2026-07-25T12:15:00,Usine Nord,567.1
2026-07-25T12:30:00,Atelier Sud,24.9
2026-07-25T12:30:00,Siège Est,99.6
2026-07-25T12:30:00,Usine Nord,544.7
2026-07-25T12:45:00,Atelier Sud,56.3
2026-07-25T12:45:00,Siège Est,63.8
2026-07-25T12:45:00,Usine Nord,514.0
2026-07-25T13:00:00,Atelier Sud,15.0
2026-07-25T13:00:00,Siège Est,77.9
2026-07-25T13:00:00,Usine Nord,505.3
2026-07-25T13:15:00,Atelier Sud,15.0
2026-07-25T13:15:00,Siège Est,74.8
2026-07-25T13:15:00,Usine Nord,513.6
2026-07-25T13:30:00,Atelier Sud,23.1
2026-07-25T13:30:00,Siège Est,73.9
2026-07-25T13:30:00,Usine Nord,508.2
2026-07-25T13:45:00,Atelier Sud,28.3
2026-07-25T13:45:00,Siège Est,78.5
2026-07-25T13:45:00,Usine Nord,535.6
2026-07-25T14:00:00,Atelier Sud,15.0
2026-07-25T14:00:00,Siège Est,81.4
2026-07-25T14:00:00,Usine Nord,547.1
2026-07-25T14:15:00,Atelier Sud,62.4
2026-07-25T14:15:00,Siège Est,86.6
2026-07-25T14:15:00,Usine Nord,488.0
2026-07-25T14:30:00,Atelier Sud,15.0
2026-07-25T14:30:00,Siège Est,69.3
2026-07-25T14:30:00,Usine Nord,532.0
2026-07-25T14:45:00,Atelier Sud,32.2
2026-07-25T14:45:00,Siège Est,64.2
2026-07-25T14:45:00,Usine Nord,520.6
2026-07-25T15:00:00,Atelier Sud,15.0
2026-07-25T15:00:00,Siège Est,73.1
2026-07-25T15:00:00,Usine Nord,516.2
2026-07-25T15:15:00,Atelier Sud,58.2
2026-07-25T15:15:00,Siège Est,67.5
2026-07-25T15:15:00,Usine Nord,539.5
2026-07-25T15:30:00,Atelier Sud,15.0
2026-07-25T15:30:00,Siège Est,80.4
2026-07-25T15:30:00,Usine Nord,505.6
2026-07-25T15:45:00,Atelier Sud,52.8
2026-07-25T15:45:00,Siège Est,87.6
2026-07-25T15:45:00,Usine Nord,503.6
2026-07-25T16:00:00,Atelier Sud,54.1
2026-07-25T16:00:00,Siège Est,74.3
2026-07-25T16:00:00,Usine Nord,520.1
2026-07-25T16:15:00,Atelier Sud,52.8
2026-07-25T16:15:00,Siège Est,77.3
2026-07-25T16:15:00,Usine Nord,506.2
2026-07-25T16:30:00,Atelier Sud,30.3
2026-07-25T16:30:00,Siège Est,71.3
2026-07-25T16:30:00,Usine Nord,510.8
2026-07-25T16:45:00,Atelier Sud,50.8
2026-07-25T16:45:00,Siège Est,74.2
2026-07-25T16:45:00,Usine Nord,540.1
2026-07-25T17:00:00,Atelier Sud,30.6
2026-07-25T17:00:00,Siège Est,78.0
2026-07-25T17:00:00,Usine Nord,493.9
2026-07-25T17:15:00,Atelier Sud,59.4
2026-07-25T17:15:00,Siège Est,93.8
2026-07-25T17:15:00,Usine Nord,549.8
2026-07-25T17:30:00,Atelier Sud,60.7
2026-07-25T17:30:00,Siège Est,60.2
2026-07-25T17:30:00,Usine Nord,552.4
2026-07-25T17:45:00,Atelier Sud,49.2
2026-07-25T17:45:00,Siège Est,90.1
2026-07-25T17:45:00,Usine Nord,515.3
2026-07-25T18:00:00,Atelier Sud,73.9
2026-07-25T18:00:00,Siège Est,65.0
2026-07-25T18:00:00,Usine Nord,537.0
2026-07-25T18:15:00,Atelier Sud,87.1
2026-07-25T18:15:00,Siège Est,74.9
2026-07-25T18:15:00,Usine Nord,499.4
2026-07-25T18:30:00,Atelier Sud,65.3
2026-07-25T18:30:00,Siège Est,84.2
2026-07-25T18:30:00,Usine Nord,516.8
2026-07-25T18:45:00,Atelier Sud,56.4
2026-07-25T18:45:00,Siège Est,73.6
2026-07-25T18:45:00,Usine Nord,513.0
2026-07-25T19:00:00,Atelier Sud,73.0
2026-07-25T19:00:00,Siège Est,73.6
2026-07-25T19:00:00,Usine Nord,504.7
2026-07-25T19:15:00,Atelier Sud,62.6
2026-07-25T19:15:00,Siège Est,69.5
2026-07-25T19:15:00,Usine Nord,544.0
2026-07-25T19:30:00,Atelier Sud,64.3
2026-07-25T19:30:00,Siège Est,72.0
2026-07-25T19:30:00,Usine Nord,531.2
2026-07-25T19:45:00,Atelier Sud,90.6
2026-07-25T19:45:00,Siège Est,77.6
2026-07-25T19:45:00,Usine Nord,544.3
2026-07-25T20:00:00,Atelier Sud,78.3
2026-07-25T20:00:00,Siège Est,85.7
2026-07-25T20:00:00,Usine Nord,489.1
2026-07-25T20:15:00,Atelier Sud,84.5
2026-07-25T20:15:00,Siège Est,70.9
2026-07-25T20:15:00,Usine Nord,520.7
2026-07-25T20:30:00,Atelier Sud,38.9
2026-07-25T20:30:00,Siège Est,77.2
2026-07-25T20:30:00,Usine Nord,513.8
2026-07-25T20:45:00,Atelier Sud,54.8
2026-07-25T20:45:00,Siège Est,73.3
2026-07-25T20:45:00,Usine Nord,489.7
2026-07-25T21:00:00,Atelier Sud,56.9
2026-07-25T21:00:00,Siège Est,79.8
2026-07-25T21:00:00,Usine Nord,547.1
2026-07-25T21:15:00,Atelier Sud,62.4
2026-07-25T21:15:00,Siège Est,79.7
2026-07-25T21:15:00,Usine Nord,525.4
2026-07-25T21:30:00,Atelier Sud,58.6
2026-07-25T21:30:00,Siège Est,54.4
2026-07-25T21:30:00,Usine Nord,531.7
2026-07-25T21:45:00,Atelier Sud,70.6
2026-07-25T21:45:00,Siège Est,69.8
2026-07-25T21:45:00,Usine Nord,556.8
2026-07-25T22:00:00,Atelier Sud,83.2
2026-07-25T22:00:00,Siège Est,90.0
2026-07-25T22:00:00,Usine Nord,346.0
2026-07-25T22:15:00,Atelier Sud,89.7
2026-07-25T22:15:00,Siège Est,94.6
2026-07-25T22:15:00,Usine Nord,392.7
2026-07-25T22:30:00,Atelier Sud,67.6
2026-07-25T22:30:00,Siège Est,68.6
2026-07-25T22:30:00,Usine Nord,317.6
2026-07-25T22:45:00,Atelier Sud,70.0
2026-07-25T22:45:00,Siège Est,95.4
2026-07-25T22:45:00,Usine Nord,388.6
2026-07-25T23:00:00,Atelier Sud,95.5
2026-07-25T23:00:00,Siège Est,80.0
2026-07-25T23:00:00,Usine Nord,375.7
2026-07-25T23:15:00,Atelier Sud,51.0
2026-07-25T23:15:00,Siège Est,62.8
2026-07-25T23:15:00,Usine Nord,332.2
2026-07-25T23:30:00,Atelier Sud,80.6
2026-07-25T23:30:00,Siège Est,73.6
2026-07-25T23:30:00,Usine Nord,330.0
2026-07-25T23:45:00,Atelier Sud,76.9
2026-07-25T23:45:00,Siège Est,87.1
2026-07-25T23:45:00,Usine Nord,414.5
2026-07-26T00:00:00,Atelier Sud,80.5
2026-07-26T00:00:00,Siège Est,87.3
2026-07-26T00:00:00,Usine Nord,345.0
2026-07-26T00:15:00,Atelier Sud,76.4
2026-07-26T00:15:00,Siège Est,76.4
2026-07-26T00:15:00,Usine Nord,384.7
2026-07-26T00:30:00,Atelier Sud,71.1
2026-07-26T00:30:00,Siège Est,72.7
2026-07-26T00:30:00,Usine Nord,367.2
2026-07-26T00:45:00,Atelier Sud,86.1
2026-07-26T00:45:00,Siège Est,61.7
2026-07-26T00:45:00,Usine Nord,361.1
2026-07-26T01:00:00,Atelier Sud,66.1
2026-07-26T01:00:00,Siège Est,73.0
2026-07-26T01:00:00,Usine Nord,355.1
2026-07-26T01:15:00,Atelier Sud,74.9
2026-07-26T01:15:00,Siège Est,60.9
2026-07-26T01:15:00,Usine Nord,330.9
2026-07-26T01:30:00,Atelier Sud,45.5
2026-07-26T01:30:00,Siège Est,76.5
2026-07-26T01:30:00,Usine Nord,332.6
2026-07-26T01:45:00,Atelier Sud,86.7
2026-07-26T01:45:00,Siège Est,74.6
2026-07-26T01:45:00,Usine Nord,340.2
2026-07-26T02:00:00,Atelier Sud,72.0
2026-07-26T02:00:00,Siège Est,76.9
2026-07-26T02:00:00,Usine Nord,378.6
2026-07-26T02:15:00,Atelier Sud,44.5
2026-07-26T02:15:00,Siège Est,88.0
2026-07-26T02:15:00,Usine Nord,315.7
2026-07-26T02:30:00,Atelier Sud,87.7
2026-07-26T02:30:00,Siège Est,68.9
2026-07-26T02:30:00,Usine Nord,334.4
2026-07-26T02:45:00,Atelier Sud,61.6
2026-07-26T02:45:00,Siège Est,58.8
2026-07-26T02:45:00,Usine Nord,367.3
2026-07-26T03:00:00,Atelier Sud,77.7
2026-07-26T03:00:00,Siège Est,63.3
2026-07-26T03:00:00,Usine Nord,355.5
2026-07-26T03:15:00,Atelier Sud,74.5
2026-07-26T03:15:00,Siège Est,84.2
2026-07-26T03:15:00,Usine Nord,347.1
2026-07-26T03:30:00,Atelier Sud,68.1
2026-07-26T03:30:00,Siège Est,64.1
2026-07-26T03:30:00,Usine Nord,335.8
2026-07-26T03:45:00,Atelier Sud,85.6
2026-07-26T03:45:00,Siège Est,82.4
2026-07-26T03:45:00,Usine Nord,319.1
2026-07-26T04:00:00,Atelier Sud,54.6
2026-07-26T04:00:00,Siège Est,68.1
2026-07-26T04:00:00,Usine Nord,340.5
2026-07-26T04:15:00,Atelier Sud,73.3
2026-07-26T04:15:00,Siège Est,88.7
2026-07-26T04:15:00,Usine Nord,331.7
2026-07-26T04:30:00,Atelier Sud,100.8
2026-07-26T04:30:00,Siège Est,72.9
2026-07-26T04:30:00,Usine Nord,345.9
2026-07-26T04:45:00,Atelier Sud,78.8
2026-07-26T04:45:00,Siège Est,66.4
2026-07-26T04:45:00,Usine Nord,336.0
2026-07-26T05:00:00,Atelier Sud,76.3
2026-07-26T05:00:00,Siège Est,89.9
2026-07-26T05:00:00,Usine Nord,323.3
2026-07-26T05:15:00,Atelier Sud,50.3
2026-07-26T05:15:00,Siège Est,87.0
2026-07-26T05:15:00,Usine Nord,386.7
2026-07-26T05:30:00,Atelier Sud,68.4
2026-07-26T05:30:00,Siège Est,67.6
2026-07-26T05:30:00,Usine Nord,310.9
2026-07-26T05:45:00,Atelier Sud,69.5
2026-07-26T05:45:00,Siège Est,76.9
2026-07-26T05:45:00,Usine Nord,374.3
2026-07-26T06:00:00,Atelier Sud,68.7
2026-07-26T06:00:00,Siège Est,72.5
2026-07-26T06:00:00,Usine Nord,513.1
2026-07-26T06:15:00,Atelier Sud,69.5
2026-07-26T06:15:00,Siège Est,89.4
2026-07-26T06:15:00,Usine Nord,509.6
2026-07-26T06:30:00,Atelier Sud,73.9
2026-07-26T06:30:00,Siège Est,78.0
2026-07-26T06:30:00,Usine Nord,495.3
2026-07-26T06:45:00,Atelier Sud,72.7
2026-07-26T06:45:00,Siège Est,87.7
2026-07-26T06:45:00,Usine Nord,501.3
2026-07-26T07:00:00,Atelier Sud,63.1
2026-07-26T07:00:00,Siège Est,79.8
2026-07-26T07:00:00,Usine Nord,512.4
2026-07-26T07:15:00,Atelier Sud,67.1
2026-07-26T07:15:00,Siège Est,60.6
2026-07-26T07:15:00,Usine Nord,476.2
2026-07-26T07:30:00,Atelier Sud,63.8
2026-07-26T07:30:00,Siège Est,75.9
2026-07-26T07:30:00,Usine Nord,544.5
2026-07-26T07:45:00,Atelier Sud,64.2
2026-07-26T07:45:00,Siège Est,73.1
2026-07-26T07:45:00,Usine Nord,525.4
2026-07-26T08:00:00,Atelier Sud,66.7
2026-07-26T08:00:00,Siège Est,81.4
2026-07-26T08:00:00,Usine Nord,521.3
2026-07-26T08:15:00,Atelier Sud,78.7
2026-07-26T08:15:00,Siège Est,72.2
2026-07-26T08:15:00,Usine Nord,520.7
2026-07-26T08:30:00,Atelier Sud,46.2
2026-07-26T08:30:00,Siège Est,81.6
2026-07-26T08:30:00,Usine Nord,546.2
2026-07-26T08:45:00,Atelier Sud,20.1
2026-07-26T08:45:00,Siège Est,62.7
2026-07-26T08:45:00,Usine Nord,521.4
2026-07-26T09:00:00,Atelier Sud,46.7
2026-07-26T09:00:00,Siège Est,77.6
2026-07-26T09:00:00,Usine Nord,538.7
2026-07-26T09:15:00,Atelier Sud,48.2
2026-07-26T09:15:00,Siège Est,73.3
2026-07-26T09:15:00,Usine Nord,507.3
2026-07-26T09:30:00,Atelier Sud,62.5
2026-07-26T09:30:00,Siège Est,68.6
2026-07-26T09:30:00,Usine Nord,560.2
2026-07-26T09:45:00,Atelier Sud,15.0
2026-07-26T09:45:00,Siège Est,87.3
2026-07-26T09:45:00,Usine Nord,507.1
2026-07-26T10:00:00,Atelier Sud,38.1
2026-07-26T10:00:00,Siège Est,70.0
2026-07-26T10:00:00,Usine Nord,498.3
2026-07-26T10:15:00,Atelier Sud,15.0
2026-07-26T10:15:00,Siège Est,79.3
2026-07-26T10:15:00,Usine Nord,507.0
2026-07-26T10:30:00,Atelier Sud,54.7
2026-07-26T10:30:00,Siège Est,73.2
2026-07-26T10:30:00,Usine Nord,542.0
2026-07-26T10:45:00,Atelier Sud,24.7
2026-07-26T10:45:00,Siège Est,84.5
2026-07-26T10:45:00,Usine Nord,556.7
2026-07-26T11:00:00,Atelier Sud,19.0
2026-07-26T11:00:00,Siège Est,88.6
2026-07-26T11:00:00,Usine Nord,529.9
2026-07-26T11:15:00,Atelier Sud,33.3
2026-07-26T11:15:00,Siège Est,80.4
2026-07-26T11:15:00,Usine Nord,568.9
2026-07-26T11:30:00,Atelier Sud,31.3
2026-07-26T11:30:00,Siège Est,61.4
2026-07-26T11:30:00,Usine Nord,499.1
2026-07-26T11:45:00,Atelier Sud,15.0
2026-07-26T11:45:00,Siège Est,76.7
2026-07-26T11:45:00,Usine Nord,505.3
2026-07-26T12:00:00,Atelier Sud,15.0
2026-07-26T12:00:00,Siège Est,89.3
2026-07-26T12:00:00,Usine Nord,511.1
2026-07-26T12:15:00,Atelier Sud,15.0
2026-07-26T12:15:00,Siège Est,91.4
2026-07-26T12:15:00,Usine Nord,550.8
2026-07-26T12:30:00,Atelier Sud,54.4
2026-07-26T12:30:00,Siège Est,75.2
2026-07-26T12:30:00,Usine Nord,501.0
2026-07-26T12:45:00,Atelier Sud,15.0
2026-07-26T12:45:00,Siège Est,56.7
2026-07-26T12:45:00,Usine Nord,521.6
2026-07-26T13:00:00,Atelier Sud,15.0
2026-07-26T13:00:00,Siège Est,74.1
2026-07-26T13:00:00,Usine Nord,495.6
2026-07-26T13:15:00,Atelier Sud,44.1
2026-07-26T13:15:00,Siège Est,63.8
2026-07-26T13:15:00,Usine Nord,525.9
2026-07-26T13:30:00,Atelier Sud,15.0
2026-07-26T13:30:00,Siège Est,64.7
2026-07-26T13:30:00,Usine Nord,502.7
2026-07-26T13:45:00,Atelier Sud,15.0
2026-07-26T13:45:00,Siège Est,77.0
2026-07-26T13:45:00,Usine Nord,588.3
2026-07-26T14:00:00,Atelier Sud,15.0
2026-07-26T14:00:00,Siège Est,83.9
2026-07-26T14:00:00,Usine Nord,539.1
2026-07-26T14:15:00,Atelier Sud,17.8
2026-07-26T14:15:00,Siège Est,66.1
2026-07-26T14:15:00,Usine Nord,510.2
2026-07-26T14:30:00,Atelier Sud,15.0
2026-07-26T14:30:00,Siège Est,65.2
2026-07-26T14:30:00,Usine Nord,540.3
2026-07-26T14:45:00,Atelier Sud,29.1
2026-07-26T14:45:00,Siège Est,72.5
2026-07-26T14:45:00,Usine Nord,520.4
2026-07-26T15:00:00,Atelier Sud,54.3
2026-07-26T15:00:00,Siège Est,85.6
2026-07-26T15:00:00,Usine Nord,507.8
2026-07-26T15:15:00,Atelier Sud,15.0
2026-07-26T15:15:00,Siège Est,86.0
2026-07-26T15:15:00,Usine Nord,533.0
2026-07-26T15:30:00,Atelier Sud,36.8
2026-07-26T15:30:00,Siège Est,74.3
2026-07-26T15:30:00,Usine Nord,488.8
2026-07-26T15:45:00,Atelier Sud,17.7
2026-07-26T15:45:00,Siège Est,77.8
2026-07-26T15:45:00,Usine Nord,554.7
2026-07-26T16:00:00,Atelier Sud,16.4
2026-07-26T16:00:00,Siège Est,69.0
2026-07-26T16:00:00,Usine Nord,549.3
2026-07-26T16:15:00,Atelier Sud,26.5
2026-07-26T16:15:00,Siège Est,70.7
2026-07-26T16:15:00,Usine Nord,496.9
2026-07-26T16:30:00,Atelier Sud,45.7
2026-07-26T16:30:00,Siège Est,81.0
2026-07-26T16:30:00,Usine Nord,518.5
2026-07-26T16:45:00,Atelier Sud,63.1
2026-07-26T16:45:00,Siège Est,65.5
2026-07-26T16:45:00,Usine Nord,479.5
2026-07-26T17:00:00,Atelier Sud,53.2
2026-07-26T17:00:00,Siège Est,88.3
2026-07-26T17:00:00,Usine Nord,533.9
2026-07-26T17:15:00,Atelier Sud,35.5
2026-07-26T17:15:00,Siège Est,78.1
2026-07-26T17:15:00,Usine Nord,528.4
2026-07-26T17:30:00,Atelier Sud,34.8
2026-07-26T17:30:00,Siège Est,78.2
2026-07-26T17:30:00,Usine Nord,526.7
2026-07-26T17:45:00,Atelier Sud,36.7
2026-07-26T17:45:00,Siège Est,75.0
2026-07-26T17:45:00,Usine Nord,509.7
2026-07-26T18:00:00,Atelier Sud,88.6
2026-07-26T18:00:00,Siège Est,84.2
2026-07-26T18:00:00,Usine Nord,520.3
2026-07-26T18:15:00,Atelier Sud,56.3
2026-07-26T18:15:00,Siège Est,83.2
2026-07-26T18:15:00,Usine Nord,506.4
2026-07-26T18:30:00,Atelier Sud,68.6
2026-07-26T18:30:00,Siège Est,71.0
2026-07-26T18:30:00,Usine Nord,516.5
2026-07-26T18:45:00,Atelier Sud,93.7
2026-07-26T18:45:00,Siège Est,71.7
2026-07-26T18:45:00,Usine Nord,506.5
2026-07-26T19:00:00,Atelier Sud,43.2
2026-07-26T19:00:00,Siège Est,84.4
2026-07-26T19:00:00,Usine Nord,507.1
2026-07-26T19:15:00,Atelier Sud,52.8
2026-07-26T19:15:00,Siège Est,66.8
2026-07-26T19:15:00,Usine Nord,506.3
2026-07-26T19:30:00,Atelier Sud,68.2
2026-07-26T19:30:00,Siège Est,83.0
2026-07-26T19:30:00,Usine Nord,464.7
2026-07-26T19:45:00,Atelier Sud,76.5
2026-07-26T19:45:00,Siège Est,76.7
2026-07-26T19:45:00,Usine Nord,503.6
2026-07-26T20:00:00,Atelier Sud,86.2
2026-07-26T20:00:00,Siège Est,88.9
2026-07-26T20:00:00,Usine Nord,540.9
2026-07-26T20:15:00,Atelier Sud,54.9
2026-07-26T20:15:00,Siège Est,69.2
2026-07-26T20:15:00,Usine Nord,553.5
2026-07-26T20:30:00,Atelier Sud,77.5
2026-07-26T20:30:00,Siège Est,95.6
2026-07-26T20:30:00,Usine Nord,508.7
2026-07-26T20:45:00,Atelier Sud,52.7
2026-07-26T20:45:00,Siège Est,75.2
2026-07-26T20:45:00,Usine Nord,522.6
2026-07-26T21:00:00,Atelier Sud,65.9
2026-07-26T21:00:00,Siège Est,65.0
2026-07-26T21:00:00,Usine Nord,550.0
2026-07-26T21:15:00,Atelier Sud,63.3
2026-07-26T21:15:00,Siège Est,71.9
2026-07-26T21:15:00,Usine Nord,485.6
2026-07-26T21:30:00,Atelier Sud,62.5
2026-07-26T21:30:00,Siège Est,85.3
2026-07-26T21:30:00,Usine Nord,530.0
2026-07-26T21:45:00,Atelier Sud,83.0
2026-07-26T21:45:00,Siège Est,74.8
2026-07-26T21:45:00,Usine Nord,483.5
2026-07-26T22:00:00,Atelier Sud,76.8
2026-07-26T22:00:00,Siège Est,63.2
2026-07-26T22:00:00,Usine Nord,364.4
2026-07-26T22:15:00,Atelier Sud,47.1
2026-07-26T22:15:00,Siège Est,66.6
2026-07-26T22:15:00,Usine Nord,350.6
2026-07-26T22:30:00,Atelier Sud,75.9
2026-07-26T22:30:00,Siège Est,91.3
2026-07-26T22:30:00,Usine Nord,353.0
2026-07-26T22:45:00,Atelier Sud,84.5
2026-07-26T22:45:00,Siège Est,59.3
2026-07-26T22:45:00,Usine Nord,350.2
2026-07-26T23:00:00,Atelier Sud,62.1
2026-07-26T23:00:00,Siège Est,61.5
2026-07-26T23:00:00,Usine Nord,398.5
2026-07-26T23:15:00,Atelier Sud,65.9
2026-07-26T23:15:00,Siège Est,83.9
2026-07-26T23:15:00,Usine Nord,296.3
2026-07-26T23:30:00,Atelier Sud,84.0
2026-07-26T23:30:00,Siège Est,80.2
2026-07-26T23:30:00,Usine Nord,323.6
2026-07-26T23:45:00,Atelier Sud,59.7
2026-07-26T23:45:00,Siège Est,71.0
2026-07-26T23:45:00,Usine Nord,360.5
2026-07-27T00:00:00,Atelier Sud,89.3
2026-07-27T00:00:00,Siège Est,74.7
2026-07-27T00:00:00,Usine Nord,652.8
2026-07-27T00:15:00,Atelier Sud,57.9
2026-07-27T00:15:00,Siège Est,95.1
2026-07-27T00:15:00,Usine Nord,630.7
2026-07-27T00:30:00,Atelier Sud,66.4
2026-07-27T00:30:00,Siège Est,62.6
2026-07-27T00:30:00,Usine Nord,655.0
2026-07-27T00:45:00,Atelier Sud,61.3
2026-07-27T00:45:00,Siège Est,79.5
2026-07-27T00:45:00,Usine Nord,647.1
2026-07-27T01:00:00,Atelier Sud,71.1
2026-07-27T01:00:00,Siège Est,71.3
2026-07-27T01:00:00,Usine Nord,649.6
2026-07-27T01:15:00,Atelier Sud,70.6
2026-07-27T01:15:00,Siège Est,90.9
2026-07-27T01:15:00,Usine Nord,672.9
2026-07-27T01:30:00,Atelier Sud,49.7
2026-07-27T01:30:00,Siège Est,55.9
2026-07-27T01:30:00,Usine Nord,627.8
2026-07-27T01:45:00,Atelier Sud,69.8
2026-07-27T01:45:00,Siège Est,69.9
2026-07-27T01:45:00,Usine Nord,652.0
2026-07-27T02:00:00,Atelier Sud,71.1
2026-07-27T02:00:00,Siège Est,77.7
2026-07-27T02:00:00,Usine Nord,667.9
2026-07-27T02:15:00,Atelier Sud,61.8
2026-07-27T02:15:00,Siège Est,80.1
2026-07-27T02:15:00,Usine Nord,635.0
2026-07-27T02:30:00,Atelier Sud,57.3
2026-07-27T02:30:00,Siège Est,67.0
2026-07-27T02:30:00,Usine Nord,675.0
2026-07-27T02:45:00,Atelier Sud,72.7
2026-07-27T02:45:00,Siège Est,80.5
2026-07-27T02:45:00,Usine Nord,628.1
2026-07-27T03:00:00,Atelier Sud,70.6
2026-07-27T03:00:00,Siège Est,81.1
2026-07-27T03:00:00,Usine Nord,610.1
2026-07-27T03:15:00,Atelier Sud,45.3
2026-07-27T03:15:00,Siège Est,53.7
2026-07-27T03:15:00,Usine Nord,622.7
2026-07-27T03:30:00,Atelier Sud,75.8
2026-07-27T03:30:00,Siège Est,76.9
2026-07-27T03:30:00,Usine Nord,649.1
2026-07-27T03:45:00,Atelier Sud,94.3
2026-07-27T03:45:00,Siège Est,78.3
2026-07-27T03:45:00,Usine Nord,670.0
2026-07-27T04:00:00,Atelier Sud,71.1
2026-07-27T04:00:00,Siège Est,85.2
2026-07-27T04:00:00,Usine Nord,638.6
2026-07-27T04:15:00,Atelier Sud,74.2
2026-07-27T04:15:00,Siège Est,71.2
2026-07-27T04:15:00,Usine Nord,645.9
2026-07-27T04:30:00,Atelier Sud,48.4
2026-07-27T04:30:00,Siège Est,63.4
2026-07-27T04:30:00,Usine Nord,646.4
2026-07-27T04:45:00,Atelier Sud,80.0
2026-07-27T04:45:00,Siège Est,62.5
2026-07-27T04:45:00,Usine Nord,661.0
2026-07-27T05:00:00,Atelier Sud,73.9
2026-07-27T05:00:00,Siège Est,71.1
2026-07-27T05:00:00,Usine Nord,624.9
2026-07-27T05:15:00,Atelier Sud,72.0
2026-07-27T05:15:00,Siège Est,78.1
2026-07-27T05:15:00,Usine Nord,644.2
2026-07-27T05:30:00,Atelier Sud,62.6
2026-07-27T05:30:00,Siège Est,68.7
2026-07-27T05:30:00,Usine Nord,626.3
2026-07-27T05:45:00,Atelier Sud,82.2
2026-07-27T05:45:00,Siège Est,67.5
2026-07-27T05:45:00,Usine Nord,657.2
2026-07-27T06:00:00,Atelier Sud,79.6
2026-07-27T06:00:00,Siège Est,65.4
2026-07-27T06:00:00,Usine Nord,967.4
2026-07-27T06:15:00,Atelier Sud,103.9
2026-07-27T06:15:00,Siège Est,77.1
2026-07-27T06:15:00,Usine Nord,897.8
2026-07-27T06:30:00,Atelier Sud,104.8
2026-07-27T06:30:00,Siège Est,74.2
2026-07-27T06:30:00,Usine Nord,953.4
2026-07-27T06:45:00,Atelier Sud,157.6
2026-07-27T06:45:00,Siège Est,56.5
2026-07-27T06:45:00,Usine Nord,944.2
2026-07-27T07:00:00,Atelier Sud,172.2
2026-07-27T07:00:00,Siège Est,85.5
2026-07-27T07:00:00,Usine Nord,964.8
2026-07-27T07:15:00,Atelier Sud,203.8
2026-07-27T07:15:00,Siège Est,71.3
2026-07-27T07:15:00,Usine Nord,932.0
2026-07-27T07:30:00,Atelier Sud,183.5
2026-07-27T07:30:00,Siège Est,78.9
2026-07-27T07:30:00,Usine Nord,949.2
2026-07-27T07:45:00,Atelier Sud,210.8
2026-07-27T07:45:00,Siège Est,73.4
2026-07-27T07:45:00,Usine Nord,921.2
2026-07-27T08:00:00,Atelier Sud,224.4
2026-07-27T08:00:00,Siège Est,244.3
2026-07-27T08:00:00,Usine Nord,966.2
2026-07-27T08:15:00,Atelier Sud,256.0
2026-07-27T08:15:00,Siège Est,249.4
2026-07-27T08:15:00,Usine Nord,999.9
2026-07-27T08:30:00,Atelier Sud,271.5
2026-07-27T08:30:00,Siège Est,250.6
2026-07-27T08:30:00,Usine Nord,954.3
2026-07-27T08:45:00,Atelier Sud,255.2
2026-07-27T08:45:00,Siège Est,246.8
2026-07-27T08:45:00,Usine Nord,983.3
2026-07-27T09:00:00,Atelier Sud,252.7
2026-07-27T09:00:00,Siège Est,269.7
2026-07-27T09:00:00,Usine Nord,983.5
2026-07-27T09:15:00,Atelier Sud,238.7
2026-07-27T09:15:00,Siège Est,247.0
2026-07-27T09:15:00,Usine Nord,942.9
2026-07-27T09:30:00,Atelier Sud,304.1
2026-07-27T09:30:00,Siège Est,262.6
2026-07-27T09:30:00,Usine Nord,950.8
2026-07-27T09:45:00,Atelier Sud,327.9
2026-07-27T09:45:00,Siège Est,245.1
2026-07-27T09:45:00,Usine Nord,952.5
2026-07-27T10:00:00,Atelier Sud,294.2
2026-07-27T10:00:00,Siège Est,257.2
2026-07-27T10:00:00,Usine Nord,972.3
2026-07-27T10:15:00,Atelier Sud,331.7
2026-07-27T10:15:00,Siège Est,259.4
2026-07-27T10:15:00,Usine Nord,933.7
2026-07-27T10:30:00,Atelier Sud,335.7
2026-07-27T10:30:00,Siège Est,264.5
2026-07-27T10:30:00,Usine Nord,965.4
2026-07-27T10:45:00,Atelier Sud,351.9
2026-07-27T10:45:00,Siège Est,256.1
2026-07-27T10:45:00,Usine Nord,929.8
2026-07-27T11:00:00,Atelier Sud,304.2
2026-07-27T11:00:00,Siège Est,253.8
2026-07-27T11:00:00,Usine Nord,963.5
2026-07-27T11:15:00,Atelier Sud,327.3
2026-07-27T11:15:00,Siège Est,269.3
2026-07-27T11:15:00,Usine Nord,948.2
2026-07-27T11:30:00,Atelier Sud,329.6
2026-07-27T11:30:00,Siège Est,261.1
2026-07-27T11:30:00,Usine Nord,910.5
2026-07-27T11:45:00,Atelier Sud,343.6
2026-07-27T11:45:00,Siège Est,250.1
2026-07-27T11:45:00,Usine Nord,940.0
2026-07-27T12:00:00,Atelier Sud,378.2
2026-07-27T12:00:00,Siège Est,255.5
2026-07-27T12:00:00,Usine Nord,959.7
2026-07-27T12:15:00,Atelier Sud,345.6
2026-07-27T12:15:00,Siège Est,253.8
2026-07-27T12:15:00,Usine Nord,945.2
2026-07-27T12:30:00,Atelier Sud,317.9
2026-07-27T12:30:00,Siège Est,261.6
2026-07-27T12:30:00,Usine Nord,954.4
2026-07-27T12:45:00,Atelier Sud,369.7
2026-07-27T12:45:00,Siège Est,271.7
2026-07-27T12:45:00,Usine Nord,999.2
2026-07-27T13:00:00,Atelier Sud,382.1
2026-07-27T13:00:00,Siège Est,248.6
2026-07-27T13:00:00,Usine Nord,919.9
2026-07-27T13:15:00,Atelier Sud,283.2
2026-07-27T13:15:00,Siège Est,266.9
2026-07-27T13:15:00,Usine Nord,932.6
2026-07-27T13:30:00,Atelier Sud,287.2
2026-07-27T13:30:00,Siège Est,258.3
2026-07-27T13:30:00,Usine Nord,931.6
2026-07-27T13:45:00,Atelier Sud,315.0
2026-07-27T13:45:00,Siège Est,257.4
2026-07-27T13:45:00,Usine Nord,949.1
2026-07-27T14:00:00,Atelier Sud,299.4
2026-07-27T14:00:00,Siège Est,255.3
2026-07-27T14:00:00,Usine Nord,938.1
2026-07-27T14:15:00,Atelier Sud,263.8
2026-07-27T14:15:00,Siège Est,264.5
2026-07-27T14:15:00,Usine Nord,943.9
2026-07-27T14:30:00,Atelier Sud,270.5
2026-07-27T14:30:00,Siège Est,254.4
2026-07-27T14:30:00,Usine Nord,930.3
2026-07-27T14:45:00,Atelier Sud,259.9
2026-07-27T14:45:00,Siège Est,242.1
2026-07-27T14:45:00,Usine Nord,931.8
2026-07-27T15:00:00,Atelier Sud,279.5
2026-07-27T15:00:00,Siège Est,260.1
2026-07-27T15:00:00,Usine Nord,991.7
2026-07-27T15:15:00,Atelier Sud,239.0
2026-07-27T15:15:00,Siège Est,249.1
2026-07-27T15:15:00,Usine Nord,1005.3
2026-07-27T15:30:00,Atelier Sud,195.5
2026-07-27T15:30:00,Siège Est,268.0
2026-07-27T15:30:00,Usine Nord,945.2
2026-07-27T15:45:00,Atelier Sud,207.8
2026-07-27T15:45:00,Siège Est,246.3
2026-07-27T15:45:00,Usine Nord,950.9
2026-07-27T16:00:00,Atelier Sud,209.1
2026-07-27T16:00:00,Siège Est,261.4
2026-07-27T16:00:00,Usine Nord,911.4
2026-07-27T16:15:00,Atelier Sud,181.4
2026-07-27T16:15:00,Siège Est,249.4
2026-07-27T16:15:00,Usine Nord,939.9
2026-07-27T16:30:00,Atelier Sud,192.4
2026-07-27T16:30:00,Siège Est,245.0
2026-07-27T16:30:00,Usine Nord,965.7
2026-07-27T16:45:00,Atelier Sud,127.2
2026-07-27T16:45:00,Siège Est,271.5
2026-07-27T16:45:00,Usine Nord,958.3
2026-07-27T17:00:00,Atelier Sud,152.5
2026-07-27T17:00:00,Siège Est,262.8
2026-07-27T17:00:00,Usine Nord,944.2
2026-07-27T17:15:00,Atelier Sud,144.1
2026-07-27T17:15:00,Siège Est,253.4
2026-07-27T17:15:00,Usine Nord,989.9
2026-07-27T17:30:00,Atelier Sud,127.7
2026-07-27T17:30:00,Siège Est,250.3
2026-07-27T17:30:00,Usine Nord,1015.5
2026-07-27T17:45:00,Atelier Sud,79.7
2026-07-27T17:45:00,Siège Est,240.7
2026-07-27T17:45:00,Usine Nord,944.8
2026-07-27T18:00:00,Atelier Sud,62.8
2026-07-27T18:00:00,Siège Est,258.1
2026-07-27T18:00:00,Usine Nord,925.8
2026-07-27T18:15:00,Atelier Sud,99.5
2026-07-27T18:15:00,Siège Est,244.8
2026-07-27T18:15:00,Usine Nord,962.8
2026-07-27T18:30:00,Atelier Sud,73.1
2026-07-27T18:30:00,Siège Est,236.7
2026-07-27T18:30:00,Usine Nord,968.7
2026-07-27T18:45:00,Atelier Sud,45.8
2026-07-27T18:45:00,Siège Est,255.0
2026-07-27T18:45:00,Usine Nord,929.8
2026-07-27T19:00:00,Atelier Sud,59.2
2026-07-27T19:00:00,Siège Est,62.3
2026-07-27T19:00:00,Usine Nord,947.8
2026-07-27T19:15:00,Atelier Sud,72.8
2026-07-27T19:15:00,Siège Est,69.2
2026-07-27T19:15:00,Usine Nord,973.6
2026-07-27T19:30:00,Atelier Sud,84.4
2026-07-27T19:30:00,Siège Est,76.7
2026-07-27T19:30:00,Usine Nord,958.1
2026-07-27T19:45:00,Atelier Sud,54.5
2026-07-27T19:45:00,Siège Est,79.5
2026-07-27T19:45:00,Usine Nord,929.9
2026-07-27T20:00:00,Atelier Sud,66.7
2026-07-27T20:00:00,Siège Est,66.5
2026-07-27T20:00:00,Usine Nord,969.2
2026-07-27T20:15:00,Atelier Sud,60.4
2026-07-27T20:15:00,Siège Est,76.8
2026-07-27T20:15:00,Usine Nord,930.6
2026-07-27T20:30:00,Atelier Sud,68.4
2026-07-27T20:30:00,Siège Est,81.2
2026-07-27T20:30:00,Usine Nord,983.7
2026-07-27T20:45:00,Atelier Sud,57.2
2026-07-27T20:45:00,Siège Est,58.2
2026-07-27T20:45:00,Usine Nord,949.1
2026-07-27T21:00:00,Atelier Sud,81.8
2026-07-27T21:00:00,Siège Est,68.8
2026-07-27T21:00:00,Usine Nord,906.9
2026-07-27T21:15:00,Atelier Sud,58.8
2026-07-27T21:15:00,Siège Est,89.8
2026-07-27T21:15:00,Usine Nord,929.7
2026-07-27T21:30:00,Atelier Sud,67.0
2026-07-27T21:30:00,Siège Est,76.3
2026-07-27T21:30:00,Usine Nord,967.1
2026-07-27T21:45:00,Atelier Sud,77.4
2026-07-27T21:45:00,Siège Est,86.4
2026-07-27T21:45:00,Usine Nord,990.0
2026-07-27T22:00:00,Atelier Sud,63.5
2026-07-27T22:00:00,Siège Est,77.9
2026-07-27T22:00:00,Usine Nord,655.9
2026-07-27T22:15:00,Atelier Sud,71.4
2026-07-27T22:15:00,Siège Est,89.5
2026-07-27T22:15:00,Usine Nord,641.1
2026-07-27T22:30:00,Atelier Sud,64.6
2026-07-27T22:30:00,Siège Est,66.1
2026-07-27T22:30:00,Usine Nord,699.4
2026-07-27T22:45:00,Atelier Sud,92.4
2026-07-27T22:45:00,Siège Est,71.0
2026-07-27T22:45:00,Usine Nord,618.0
2026-07-27T23:00:00,Atelier Sud,59.7
2026-07-27T23:00:00,Siège Est,83.5
2026-07-27T23:00:00,Usine Nord,670.9
2026-07-27T23:15:00,Atelier Sud,75.0
2026-07-27T23:15:00,Siège Est,71.1
2026-07-27T23:15:00,Usine Nord,613.2
2026-07-27T23:30:00,Atelier Sud,64.6
2026-07-27T23:30:00,Siège Est,68.7
2026-07-27T23:30:00,Usine Nord,608.3
2026-07-27T23:45:00,Atelier Sud,63.4
2026-07-27T23:45:00,Siège Est,76.1
2026-07-27T23:45:00,Usine Nord,623.2
2026-07-28T00:00:00,Atelier Sud,50.9
2026-07-28T00:00:00,Siège Est,83.0
2026-07-28T00:00:00,Usine Nord,666.0
2026-07-28T00:15:00,Atelier Sud,70.4
2026-07-28T00:15:00,Siège Est,73.1
2026-07-28T00:15:00,Usine Nord,653.3
2026-07-28T00:30:00,Atelier Sud,66.6
2026-07-28T00:30:00,Siège Est,86.9
2026-07-28T00:30:00,Usine Nord,643.2
2026-07-28T00:45:00,Atelier Sud,73.4
2026-07-28T00:45:00,Siège Est,64.1
2026-07-28T00:45:00,Usine Nord,657.1
2026-07-28T01:00:00,Atelier Sud,69.7
2026-07-28T01:00:00,Siège Est,56.9
2026-07-28T01:00:00,Usine Nord,631.6
2026-07-28T01:15:00,Atelier Sud,58.6
2026-07-28T01:15:00,Siège Est,82.9
2026-07-28T01:15:00,Usine Nord,681.8
2026-07-28T01:30:00,Atelier Sud,62.1
2026-07-28T01:30:00,Siège Est,50.7
2026-07-28T01:30:00,Usine Nord,650.0
2026-07-28T01:45:00,Atelier Sud,49.8
2026-07-28T01:45:00,Siège Est,79.0
2026-07-28T01:45:00,Usine Nord,659.7
2026-07-28T02:00:00,Atelier Sud,76.4
2026-07-28T02:00:00,Siège Est,90.0
2026-07-28T02:00:00,Usine Nord,618.3
2026-07-28T02:15:00,Atelier Sud,81.3
2026-07-28T02:15:00,Siège Est,83.0
2026-07-28T02:15:00,Usine Nord,646.0
2026-07-28T02:30:00,Atelier Sud,66.0
2026-07-28T02:30:00,Siège Est,93.3
2026-07-28T02:30:00,Usine Nord,620.3
2026-07-28T02:45:00,Atelier Sud,61.7
2026-07-28T02:45:00,Siège Est,56.6
2026-07-28T02:45:00,Usine Nord,663.0
2026-07-28T03:00:00,Atelier Sud,99.4
2026-07-28T03:00:00,Siège Est,68.5
2026-07-28T03:00:00,Usine Nord,611.0
2026-07-28T03:15:00,Atelier Sud,65.7
2026-07-28T03:15:00,Siège Est,88.1
2026-07-28T03:15:00,Usine Nord,664.2
2026-07-28T03:30:00,Atelier Sud,83.8
2026-07-28T03:30:00,Siège Est,68.3
2026-07-28T03:30:00,Usine Nord,671.2
2026-07-28T03:45:00,Atelier Sud,59.2
2026-07-28T03:45:00,Siège Est,70.6
2026-07-28T03:45:00,Usine Nord,660.4
2026-07-28T04:00:00,Atelier Sud,66.6
2026-07-28T04:00:00,Siège Est,76.0
2026-07-28T04:00:00,Usine Nord,676.2
2026-07-28T04:15:00,Atelier Sud,55.7
2026-07-28T04:15:00,Siège Est,67.4
2026-07-28T04:15:00,Usine Nord,682.2
2026-07-28T04:30:00,Atelier Sud,69.3
2026-07-28T04:30:00,Siège Est,82.4
2026-07-28T04:30:00,Usine Nord,641.0
2026-07-28T04:45:00,Atelier Sud,64.2
2026-07-28T04:45:00,Siège Est,81.2
2026-07-28T04:45:00,Usine Nord,636.8
2026-07-28T05:00:00,Atelier Sud,72.0
2026-07-28T05:00:00,Siège Est,81.3
2026-07-28T05:00:00,Usine Nord,637.1
2026-07-28T05:15:00,Atelier Sud,74.2
2026-07-28T05:15:00,Siège Est,76.8
2026-07-28T05:15:00,Usine Nord,647.4
2026-07-28T05:30:00,Atelier Sud,55.7
2026-07-28T05:30:00,Siège Est,71.7
2026-07-28T05:30:00,Usine Nord,642.9
2026-07-28T05:45:00,Atelier Sud,97.2
2026-07-28T05:45:00,Siège Est,75.9
2026-07-28T05:45:00,Usine Nord,642.4
2026-07-28T06:00:00,Atelier Sud,59.6
2026-07-28T06:00:00,Siège Est,67.8
2026-07-28T06:00:00,Usine Nord,987.9
2026-07-28T06:15:00,Atelier Sud,98.2
2026-07-28T06:15:00,Siège Est,77.5
2026-07-28T06:15:00,Usine Nord,950.8
2026-07-28T06:30:00,Atelier Sud,130.9
2026-07-28T06:30:00,Siège Est,89.8
2026-07-28T06:30:00,Usine Nord,939.4
2026-07-28T06:45:00,Atelier Sud,148.2
2026-07-28T06:45:00,Siège Est,96.9
2026-07-28T06:45:00,Usine Nord,982.6
2026-07-28T07:00:00,Atelier Sud,155.6
2026-07-28T07:00:00,Siège Est,80.6
2026-07-28T07:00:00,Usine Nord,923.9
2026-07-28T07:15:00,Atelier Sud,170.1
2026-07-28T07:15:00,Siège Est,94.2
2026-07-28T07:15:00,Usine Nord,947.5
2026-07-28T07:30:00,Atelier Sud,188.7
2026-07-28T07:30:00,Siège Est,74.0
2026-07-28T07:30:00,Usine Nord,961.5
2026-07-28T07:45:00,Atelier Sud,173.3
2026-07-28T07:45:00,Siège Est,83.6
2026-07-28T07:45:00,Usine Nord,963.8
2026-07-28T08:00:00,Atelier Sud,223.7
2026-07-28T08:00:00,Siège Est,240.4
2026-07-28T08:00:00,Usine Nord,920.8
2026-07-28T08:15:00,Atelier Sud,260.6
2026-07-28T08:15:00,Siège Est,269.8
2026-07-28T08:15:00,Usine Nord,918.3
2026-07-28T08:30:00,Atelier Sud,256.8
2026-07-28T08:30:00,Siège Est,243.7
2026-07-28T08:30:00,Usine Nord,921.8
2026-07-28T08:45:00,Atelier Sud,274.3
2026-07-28T08:45:00,Siège Est,248.4
2026-07-28T08:45:00,Usine Nord,930.4
2026-07-28T09:00:00,Atelier Sud,268.2
2026-07-28T09:00:00,Siège Est,268.2
2026-07-28T09:00:00,Usine Nord,975.3
2026-07-28T09:15:00,Atelier Sud,296.5
2026-07-28T09:15:00,Siège Est,267.2
2026-07-28T09:15:00,Usine Nord,947.0
2026-07-28T09:30:00,Atelier Sud,271.2
2026-07-28T09:30:00,Siège Est,255.0
2026-07-28T09:30:00,Usine Nord,956.6
2026-07-28T09:45:00,Atelier Sud,332.7
2026-07-28T09:45:00,Siège Est,266.9
2026-07-28T09:45:00,Usine Nord,929.9
2026-07-28T10:00:00,Atelier Sud,294.1
2026-07-28T10:00:00,Siège Est,247.2
2026-07-28T10:00:00,Usine Nord,937.1
2026-07-28T10:15:00,Atelier Sud,264.4
2026-07-28T10:15:00,Siège Est,270.0
2026-07-28T10:15:00,Usine Nord,963.3
2026-07-28T10:30:00,Atelier Sud,302.1
2026-07-28T10:30:00,Siège Est,254.0
2026-07-28T10:30:00,Usine Nord,956.8
2026-07-28T10:45:00,Atelier Sud,348.3
2026-07-28T10:45:00,Siège Est,249.0
2026-07-28T10:45:00,Usine Nord,942.5
2026-07-28T11:00:00,Atelier Sud,266.7
2026-07-28T11:00:00,Siège Est,274.3
2026-07-28T11:00:00,Usine Nord,970.6
2026-07-28T11:15:00,Atelier Sud,295.0
2026-07-28T11:15:00,Siège Est,259.5
2026-07-28T11:15:00,Usine Nord,935.7
2026-07-28T11:30:00,Atelier Sud,308.7
2026-07-28T11:30:00,Siège Est,267.6
2026-07-28T11:30:00,Usine Nord,936.5
2026-07-28T11:45:00,Atelier Sud,308.9
2026-07-28T11:45:00,Siège Est,251.7
2026-07-28T11:45:00,Usine Nord,939.1
2026-07-28T12:00:00,Atelier Sud,367.3
2026-07-28T12:00:00,Siège Est,257.5
2026-07-28T12:00:00,Usine Nord,935.5
2026-07-28T12:15:00,Atelier Sud,295.6
2026-07-28T12:15:00,Siège Est,247.1
2026-07-28T12:15:00,Usine Nord,966.9
2026-07-28T12:30:00,Atelier Sud,363.3
2026-07-28T12:30:00,Siège Est,268.1
2026-07-28T12:30:00,Usine Nord,915.9
2026-07-28T12:45:00,Atelier Sud,342.5
2026-07-28T12:45:00,Siège Est,267.2
2026-07-28T12:45:00,Usine Nord,958.4
2026-07-28T13:00:00,Atelier Sud,352.2
2026-07-28T13:00:00,Siège Est,263.8
2026-07-28T13:00:00,Usine Nord,907.3
2026-07-28T13:15:00,Atelier Sud,295.4
2026-07-28T13:15:00,Siège Est,263.0
2026-07-28T13:15:00,Usine Nord,909.9
2026-07-28T13:30:00,Atelier Sud,303.9
2026-07-28T13:30:00,Siège Est,236.0
2026-07-28T13:30:00,Usine Nord,948.7
2026-07-28T13:45:00,Atelier Sud,265.8
2026-07-28T13:45:00,Siège Est,264.5
2026-07-28T13:45:00,Usine Nord,955.2
2026-07-28T14:00:00,Atelier Sud,284.9
2026-07-28T14:00:00,Siège Est,264.5
2026-07-28T14:00:00,Usine Nord,945.5
2026-07-28T14:15:00,Atelier Sud,261.4
2026-07-28T14:15:00,Siège Est,254.7
2026-07-28T14:15:00,Usine Nord,903.1
2026-07-28T14:30:00,Atelier Sud,318.6
2026-07-28T14:30:00,Siège Est,260.3
2026-07-28T14:30:00,Usine Nord,975.0
2026-07-28T14:45:00,Atelier Sud,226.3
2026-07-28T14:45:00,Siège Est,251.1
2026-07-28T14:45:00,Usine Nord,973.1
2026-07-28T15:00:00,Atelier Sud,269.1
2026-07-28T15:00:00,Siège Est,262.9
2026-07-28T15:00:00,Usine Nord,929.8
2026-07-28T15:15:00,Atelier Sud,258.5
2026-07-28T15:15:00,Siège Est,261.2
2026-07-28T15:15:00,Usine Nord,978.0
2026-07-28T15:30:00,Atelier Sud,260.5
2026-07-28T15:30:00,Siège Est,254.1
2026-07-28T15:30:00,Usine Nord,935.3
2026-07-28T15:45:00,Atelier Sud,194.7
2026-07-28T15:45:00,Siège Est,260.9
2026-07-28T15:45:00,Usine Nord,949.7
2026-07-28T16:00:00,Atelier Sud,212.3
2026-07-28T16:00:00,Siège Est,261.3
2026-07-28T16:00:00,Usine Nord,931.4
2026-07-28T16:15:00,Atelier Sud,210.3
2026-07-28T16:15:00,Siège Est,257.9
2026-07-28T16:15:00,Usine Nord,926.0
2026-07-28T16:30:00,Atelier Sud,171.3
2026-07-28T16:30:00,Siège Est,264.6
2026-07-28T16:30:00,Usine Nord,914.7
2026-07-28T16:45:00,Atelier Sud,165.2
2026-07-28T16:45:00,Siège Est,262.4
2026-07-28T16:45:00,Usine Nord,942.3
2026-07-28T17:00:00,Atelier Sud,122.3
2026-07-28T17:00:00,Siège Est,260.2
2026-07-28T17:00:00,Usine Nord,963.5
2026-07-28T17:15:00,Atelier Sud,125.5
2026-07-28T17:15:00,Siège Est,252.2
2026-07-28T17:15:00,Usine Nord,940.5
2026-07-28T17:30:00,Atelier Sud,132.1
2026-07-28T17:30:00,Siège Est,255.1
2026-07-28T17:30:00,Usine Nord,962.5
2026-07-28T17:45:00,Atelier Sud,70.8
2026-07-28T17:45:00,Siège Est,264.1
2026-07-28T17:45:00,Usine Nord,967.8
2026-07-28T18:00:00,Atelier Sud,74.7
2026-07-28T18:00:00,Siège Est,266.2
2026-07-28T18:00:00,Usine Nord,982.3
2026-07-28T18:15:00,Atelier Sud,42.1
2026-07-28T18:15:00,Siège Est,244.0
2026-07-28T18:15:00,Usine Nord,971.7
2026-07-28T18:30:00,Atelier Sud,89.0
2026-07-28T18:30:00,Siège Est,262.8
2026-07-28T18:30:00,Usine Nord,949.9
2026-07-28T18:45:00,Atelier Sud,77.1
2026-07-28T18:45:00,Siège Est,255.4
2026-07-28T18:45:00,Usine Nord,954.8
2026-07-28T19:00:00,Atelier Sud,79.5
2026-07-28T19:00:00,Siège Est,74.7
2026-07-28T19:00:00,Usine Nord,946.1
2026-07-28T19:15:00,Atelier Sud,54.7
2026-07-28T19:15:00,Siège Est,68.5
2026-07-28T19:15:00,Usine Nord,930.3
2026-07-28T19:30:00,Atelier Sud,56.4
2026-07-28T19:30:00,Siège Est,71.2
2026-07-28T19:30:00,Usine Nord,922.3
2026-07-28T19:45:00,Atelier Sud,77.3
2026-07-28T19:45:00,Siège Est,69.2
2026-07-28T19:45:00,Usine Nord,986.9
2026-07-28T20:00:00,Atelier Sud,70.3
2026-07-28T20:00:00,Siège Est,63.4
2026-07-28T20:00:00,Usine Nord,929.3
2026-07-28T20:15:00,Atelier Sud,73.9
2026-07-28T20:15:00,Siège Est,71.1
2026-07-28T20:15:00,Usine Nord,961.5
2026-07-28T20:30:00,Atelier Sud,65.1
2026-07-28T20:30:00,Siège Est,69.1
2026-07-28T20:30:00,Usine Nord,981.9
2026-07-28T20:45:00,Atelier Sud,64.7
2026-07-28T20:45:00,Siège Est,66.4
2026-07-28T20:45:00,Usine Nord,953.9
2026-07-28T21:00:00,Atelier Sud,61.2
2026-07-28T21:00:00,Siège Est,86.3
2026-07-28T21:00:00,Usine Nord,936.8
2026-07-28T21:15:00,Atelier Sud,52.2
2026-07-28T21:15:00,Siège Est,74.9
2026-07-28T21:15:00,Usine Nord,957.8
2026-07-28T21:30:00,Atelier Sud,61.8
2026-07-28T21:30:00,Siège Est,68.8
2026-07-28T21:30:00,Usine Nord,983.8
2026-07-28T21:45:00,Atelier Sud,42.0
2026-07-28T21:45:00,Siège Est,68.7
2026-07-28T21:45:00,Usine Nord,928.2
2026-07-28T22:00:00,Atelier Sud,79.8
2026-07-28T22:00:00,Siège Est,80.8
2026-07-28T22:00:00,Usine Nord,627.8
2026-07-28T22:15:00,Atelier Sud,71.0
2026-07-28T22:15:00,Siège Est,77.1
2026-07-28T22:15:00,Usine Nord,636.5
2026-07-28T22:30:00,Atelier Sud,80.5
2026-07-28T22:30:00,Siège Est,71.7
2026-07-28T22:30:00,Usine Nord,664.8
2026-07-28T22:45:00,Atelier Sud,69.8
2026-07-28T22:45:00,Siège Est,80.0
2026-07-28T22:45:00,Usine Nord,665.6
2026-07-28T23:00:00,Atelier Sud,39.3
2026-07-28T23:00:00,Siège Est,75.7
2026-07-28T23:00:00,Usine Nord,635.1
2026-07-28T23:15:00,Atelier Sud,80.9
2026-07-28T23:15:00,Siège Est,81.8
2026-07-28T23:15:00,Usine Nord,649.4
2026-07-28T23:30:00,Atelier Sud,86.6
2026-07-28T23:30:00,Siège Est,91.2
2026-07-28T23:30:00,Usine Nord,667.6
2026-07-28T23:45:00,Atelier Sud,54.0
2026-07-28T23:45:00,Siège Est,80.7
2026-07-28T23:45:00,Usine Nord,621.4
2026-07-29T00:00:00,Atelier Sud,51.3
2026-07-29T00:00:00,Siège Est,74.4
2026-07-29T00:00:00,Usine Nord,644.8
2026-07-29T00:15:00,Atelier Sud,89.6
2026-07-29T00:15:00,Siège Est,86.8
2026-07-29T00:15:00,Usine Nord,657.2
2026-07-29T00:30:00,Atelier Sud,60.2
2026-07-29T00:30:00,Siège Est,72.4
2026-07-29T00:30:00,Usine Nord,663.0
2026-07-29T00:45:00,Atelier Sud,69.8
2026-07-29T00:45:00,Siège Est,80.2
2026-07-29T00:45:00,Usine Nord,662.9
2026-07-29T01:00:00,Atelier Sud,53.4
2026-07-29T01:00:00,Siège Est,71.5
2026-07-29T01:00:00,Usine Nord,616.4
2026-07-29T01:15:00,Atelier Sud,73.1
2026-07-29T01:15:00,Siège Est,83.3
2026-07-29T01:15:00,Usine Nord,646.1
2026-07-29T01:30:00,Atelier Sud,63.4
2026-07-29T01:30:00,Siège Est,89.1
2026-07-29T01:30:00,Usine Nord,634.9
2026-07-29T01:45:00,Atelier Sud,89.8
2026-07-29T01:45:00,Siège Est,73.3
2026-07-29T01:45:00,Usine Nord,652.9
2026-07-29T02:00:00,Atelier Sud,74.8
2026-07-29T02:00:00,Siège Est,70.1
2026-07-29T02:00:00,Usine Nord,657.3
2026-07-29T02:15:00,Atelier Sud,34.8
2026-07-29T02:15:00,Siège Est,77.7
2026-07-29T02:15:00,Usine Nord,645.5
2026-07-29T02:30:00,Atelier Sud,51.6
2026-07-29T02:30:00,Siège Est,73.3
2026-07-29T02:30:00,Usine Nord,653.0
2026-07-29T02:45:00,Atelier Sud,73.8
2026-07-29T02:45:00,Siège Est,72.0
2026-07-29T02:45:00,Usine Nord,696.1
2026-07-29T03:00:00,Atelier Sud,73.0
2026-07-29T03:00:00,Siège Est,66.2
2026-07-29T03:00:00,Usine Nord,688.6
2026-07-29T03:15:00,Atelier Sud,49.3
2026-07-29T03:15:00,Siège Est,77.1
2026-07-29T03:15:00,Usine Nord,668.9
2026-07-29T03:30:00,Atelier Sud,68.7
2026-07-29T03:30:00,Siège Est,88.7
2026-07-29T03:30:00,Usine Nord,649.1
2026-07-29T03:45:00,Atelier Sud,84.1
2026-07-29T03:45:00,Siège Est,68.9
2026-07-29T03:45:00,Usine Nord,693.1
2026-07-29T04:00:00,Atelier Sud,77.0
2026-07-29T04:00:00,Siège Est,80.5
2026-07-29T04:00:00,Usine Nord,633.7
2026-07-29T04:15:00,Atelier Sud,53.0
2026-07-29T04:15:00,Siège Est,90.1
2026-07-29T04:15:00,Usine Nord,608.6
2026-07-29T04:30:00,Atelier Sud,76.5
2026-07-29T04:30:00,Siège Est,62.3
2026-07-29T04:30:00,Usine Nord,643.5
2026-07-29T04:45:00,Atelier Sud,84.8
2026-07-29T04:45:00,Siège Est,77.7
2026-07-29T04:45:00,Usine Nord,627.0
2026-07-29T05:00:00,Atelier Sud,61.8
2026-07-29T05:00:00,Siège Est,67.2
2026-07-29T05:00:00,Usine Nord,596.3
2026-07-29T05:15:00,Atelier Sud,50.7
2026-07-29T05:15:00,Siège Est,80.0
2026-07-29T05:15:00,Usine Nord,623.6
2026-07-29T05:30:00,Atelier Sud,85.9
2026-07-29T05:30:00,Siège Est,83.0
2026-07-29T05:30:00,Usine Nord,638.6
2026-07-29T05:45:00,Atelier Sud,82.2
2026-07-29T05:45:00,Siège Est,76.0
2026-07-29T05:45:00,Usine Nord,637.5
2026-07-29T06:00:00,Atelier Sud,65.8
2026-07-29T06:00:00,Siège Est,72.4
2026-07-29T06:00:00,Usine Nord,957.3
2026-07-29T06:15:00,Atelier Sud,84.7
2026-07-29T06:15:00,Siège Est,70.4
2026-07-29T06:15:00,Usine Nord,962.8
2026-07-29T06:30:00,Atelier Sud,129.8
2026-07-29T06:30:00,Siège Est,73.8
2026-07-29T06:30:00,Usine Nord,962.6
2026-07-29T06:45:00,Atelier Sud,144.6
2026-07-29T06:45:00,Siège Est,76.0
2026-07-29T06:45:00,Usine Nord,923.6
2026-07-29T07:00:00,Atelier Sud,176.7
2026-07-29T07:00:00,Siège Est,92.4
2026-07-29T07:00:00,Usine Nord,965.3
2026-07-29T07:15:00,Atelier Sud,175.0
2026-07-29T07:15:00,Siège Est,83.8
2026-07-29T07:15:00,Usine Nord,984.7
2026-07-29T07:30:00,Atelier Sud,178.4
2026-07-29T07:30:00,Siège Est,78.9
2026-07-29T07:30:00,Usine Nord,943.7
2026-07-29T07:45:00,Atelier Sud,201.7
2026-07-29T07:45:00,Siège Est,83.6
2026-07-29T07:45:00,Usine Nord,944.1
2026-07-29T08:00:00,Atelier Sud,234.7
2026-07-29T08:00:00,Siège Est,263.8
2026-07-29T08:00:00,Usine Nord,959.5
2026-07-29T08:15:00,Atelier Sud,246.8
2026-07-29T08:15:00,Siège Est,271.6
2026-07-29T08:15:00,Usine Nord,962.5
2026-07-29T08:30:00,Atelier Sud,229.1
2026-07-29T08:30:00,Siège Est,255.8
2026-07-29T08:30:00,Usine Nord,949.6
2026-07-29T08:45:00,Atelier Sud,269.1
2026-07-29T08:45:00,Siège Est,250.7
2026-07-29T08:45:00,Usine Nord,958.2
2026-07-29T09:00:00,Atelier Sud,307.6
2026-07-29T09:00:00,Siège Est,259.2
2026-07-29T09:00:00,Usine Nord,928.1
2026-07-29T09:15:00,Atelier Sud,297.9
2026-07-29T09:15:00,Siège Est,243.9
2026-07-29T09:15:00,Usine Nord,909.6
2026-07-29T09:30:00,Atelier Sud,271.8
2026-07-29T09:30:00,Siège Est,254.5
2026-07-29T09:30:00,Usine Nord,935.7
2026-07-29T09:45:00,Atelier Sud,309.2
2026-07-29T09:45:00,Siège Est,243.4
2026-07-29T09:45:00,Usine Nord,939.9
2026-07-29T10:00:00,Atelier Sud,258.4
2026-07-29T10:00:00,Siège Est,237.8
2026-07-29T10:00:00,Usine Nord,947.1
2026-07-29T10:15:00,Atelier Sud,319.4
2026-07-29T10:15:00,Siège Est,262.6
2026-07-29T10:15:00,Usine Nord,936.8
2026-07-29T10:30:00,Atelier Sud,258.7
2026-07-29T10:30:00,Siège Est,255.1
2026-07-29T10:30:00,Usine Nord,927.9
2026-07-29T10:45:00,Atelier Sud,305.9
2026-07-29T10:45:00,Siège Est,259.9
2026-07-29T10:45:00,Usine Nord,953.2
2026-07-29T11:00:00,Atelier Sud,315.2
2026-07-29T11:00:00,Siège Est,255.7
2026-07-29T11:00:00,Usine Nord,959.6
2026-07-29T11:15:00,Atelier Sud,382.9
2026-07-29T11:15:00,Siège Est,259.9
2026-07-29T11:15:00,Usine Nord,942.8
2026-07-29T11:30:00,Atelier Sud,287.6
2026-07-29T11:30:00,Siège Est,264.8
2026-07-29T11:30:00,Usine Nord,940.1
2026-07-29T11:45:00,Atelier Sud,348.3
2026-07-29T11:45:00,Siège Est,261.7
2026-07-29T11:45:00,Usine Nord,950.2
2026-07-29T12:00:00,Atelier Sud,359.1
2026-07-29T12:00:00,Siège Est,254.0
2026-07-29T12:00:00,Usine Nord,936.5
2026-07-29T12:15:00,Atelier Sud,361.7
2026-07-29T12:15:00,Siège Est,260.5
2026-07-29T12:15:00,Usine Nord,959.4
2026-07-29T12:30:00,Atelier Sud,360.3
2026-07-29T12:30:00,Siège Est,249.6
2026-07-29T12:30:00,Usine Nord,936.8
2026-07-29T12:45:00,Atelier Sud,366.3
2026-07-29T12:45:00,Siège Est,251.2
2026-07-29T12:45:00,Usine Nord,905.7
2026-07-29T13:00:00,Atelier Sud,334.1
2026-07-29T13:00:00,Siège Est,260.7
2026-07-29T13:00:00,Usine Nord,988.9
2026-07-29T13:15:00,Atelier Sud,354.6
2026-07-29T13:15:00,Siège Est,260.9
2026-07-29T13:15:00,Usine Nord,957.4
2026-07-29T13:30:00,Atelier Sud,300.9
2026-07-29T13:30:00,Siège Est,239.6
2026-07-29T13:30:00,Usine Nord,968.7
2026-07-29T13:45:00,Atelier Sud,291.2
2026-07-29T13:45:00,Siège Est,245.6
2026-07-29T13:45:00,Usine Nord,944.7
2026-07-29T14:00:00,Atelier Sud,306.4
2026-07-29T14:00:00,Siège Est,261.6
2026-07-29T14:00:00,Usine Nord,945.7
2026-07-29T14:15:00,Atelier Sud,274.4
2026-07-29T14:15:00,Siège Est,251.2
2026-07-29T14:15:00,Usine Nord,950.6
2026-07-29T14:30:00,Atelier Sud,290.3
2026-07-29T14:30:00,Siège Est,251.8
2026-07-29T14:30:00,Usine Nord,951.9
2026-07-29T14:45:00,Atelier Sud,274.2
2026-07-29T14:45:00,Siège Est,259.0
2026-07-29T14:45:00,Usine Nord,946.1
2026-07-29T15:00:00,Atelier Sud,241.2
2026-07-29T15:00:00,Siège Est,258.7
2026-07-29T15:00:00,Usine Nord,930.3
2026-07-29T15:15:00,Atelier Sud,267.8
2026-07-29T15:15:00,Siège Est,253.2
2026-07-29T15:15:00,Usine Nord,962.4
2026-07-29T15:30:00,Atelier Sud,240.6
2026-07-29T15:30:00,Siège Est,246.5
2026-07-29T15:30:00,Usine Nord,950.4
2026-07-29T15:45:00,Atelier Sud,218.3
2026-07-29T15:45:00,Siège Est,265.6
2026-07-29T15:45:00,Usine Nord,992.1
2026-07-29T16:00:00,Atelier Sud,217.9
2026-07-29T16:00:00,Siège Est,258.4
2026-07-29T16:00:00,Usine Nord,931.5
2026-07-29T16:15:00,Atelier Sud,203.4
2026-07-29T16:15:00,Siège Est,255.8
2026-07-29T16:15:00,Usine Nord,941.0
2026-07-29T16:30:00,Atelier Sud,143.0
2026-07-29T16:30:00,Siège Est,239.7
2026-07-29T16:30:00,Usine Nord,948.0
2026-07-29T16:45:00,Atelier Sud,129.5
2026-07-29T16:45:00,Siège Est,260.3
2026-07-29T16:45:00,Usine Nord,906.8
2026-07-29T17:00:00,Atelier Sud,142.8
2026-07-29T17:00:00,Siège Est,229.3
2026-07-29T17:00:00,Usine Nord,930.2
2026-07-29T17:15:00,Atelier Sud,129.6
2026-07-29T17:15:00,Siège Est,258.9
2026-07-29T17:15:00,Usine Nord,905.4
2026-07-29T17:30:00,Atelier Sud,86.9
2026-07-29T17:30:00,Siège Est,249.7
2026-07-29T17:30:00,Usine Nord,934.8
2026-07-29T17:45:00,Atelier Sud,65.7
2026-07-29T17:45:00,Siège Est,245.2
2026-07-29T17:45:00,Usine Nord,952.3
2026-07-29T18:00:00,Atelier Sud,91.5
2026-07-29T18:00:00,Siège Est,253.2
2026-07-29T18:00:00,Usine Nord,951.9
2026-07-29T18:15:00,Atelier Sud,57.8
2026-07-29T18:15:00,Siège Est,257.2
2026-07-29T18:15:00,Usine Nord,972.2
2026-07-29T18:30:00,Atelier Sud,86.0
2026-07-29T18:30:00,Siège Est,249.2
2026-07-29T18:30:00,Usine Nord,954.2
2026-07-29T18:45:00,Atelier Sud,99.7
2026-07-29T18:45:00,Siège Est,258.6
2026-07-29T18:45:00,Usine Nord,971.5
2026-07-29T19:00:00,Atelier Sud,64.9
2026-07-29T19:00:00,Siège Est,78.3
2026-07-29T19:00:00,Usine Nord,961.0
2026-07-29T19:15:00,Atelier Sud,55.4
2026-07-29T19:15:00,Siège Est,78.4
2026-07-29T19:15:00,Usine Nord,900.5
2026-07-29T19:30:00,Atelier Sud,68.7
2026-07-29T19:30:00,Siège Est,75.1
2026-07-29T19:30:00,Usine Nord,952.6
2026-07-29T19:45:00,Atelier Sud,86.4
2026-07-29T19:45:00,Siège Est,66.7
2026-07-29T19:45:00,Usine Nord,915.4
2026-07-29T20:00:00,Atelier Sud,50.3
2026-07-29T20:00:00,Siège Est,70.3
2026-07-29T20:00:00,Usine Nord,963.6
2026-07-29T20:15:00,Atelier Sud,75.0
2026-07-29T20:15:00,Siège Est,69.2
2026-07-29T20:15:00,Usine Nord,977.4
2026-07-29T20:30:00,Atelier Sud,53.8
2026-07-29T20:30:00,Siège Est,67.0
2026-07-29T20:30:00,Usine Nord,979.4
2026-07-29T20:45:00,Atelier Sud,50.4
2026-07-29T20:45:00,Siège Est,65.4
2026-07-29T20:45:00,Usine Nord,956.8
2026-07-29T21:00:00,Atelier Sud,53.0
2026-07-29T21:00:00,Siège Est,78.8
2026-07-29T21:00:00,Usine Nord,949.8
2026-07-29T21:15:00,Atelier Sud,65.6
2026-07-29T21:15:00,Siège Est,83.5
2026-07-29T21:15:00,Usine Nord,919.2
2026-07-29T21:30:00,Atelier Sud,51.3
2026-07-29T21:30:00,Siège Est,67.9
2026-07-29T21:30:00,Usine Nord,965.8
2026-07-29T21:45:00,Atelier Sud,71.4
2026-07-29T21:45:00,Siège Est,64.9
2026-07-29T21:45:00,Usine Nord,954.4
2026-07-29T22:00:00,Atelier Sud,53.5
2026-07-29T22:00:00,Siège Est,69.9
2026-07-29T22:00:00,Usine Nord,641.7
2026-07-29T22:15:00,Atelier Sud,54.3
2026-07-29T22:15:00,Siège Est,70.4
2026-07-29T22:15:00,Usine Nord,618.8
2026-07-29T22:30:00,Atelier Sud,47.6
2026-07-29T22:30:00,Siège Est,76.0
2026-07-29T22:30:00,Usine Nord,617.6
2026-07-29T22:45:00,Atelier Sud,77.1
2026-07-29T22:45:00,Siège Est,64.4
2026-07-29T22:45:00,Usine Nord,636.9
2026-07-29T23:00:00,Atelier Sud,58.8
2026-07-29T23:00:00,Siège Est,68.2
2026-07-29T23:00:00,Usine Nord,665.8
2026-07-29T23:15:00,Atelier Sud,70.4
2026-07-29T23:15:00,Siège Est,84.2
2026-07-29T23:15:00,Usine Nord,647.1
2026-07-29T23:30:00,Atelier Sud,80.5
2026-07-29T23:30:00,Siège Est,66.2
2026-07-29T23:30:00,Usine Nord,628.3
2026-07-29T23:45:00,Atelier Sud,71.7
2026-07-29T23:45:00,Siège Est,80.7
2026-07-29T23:45:00,Usine Nord,665.0
2026-07-30T00:00:00,Atelier Sud,67.0
2026-07-30T00:00:00,Siège Est,77.9
2026-07-30T00:00:00,Usine Nord,671.4
2026-07-30T00:15:00,Atelier Sud,62.5
2026-07-30T00:15:00,Siège Est,92.4
2026-07-30T00:15:00,Usine Nord,653.0
2026-07-30T00:30:00,Atelier Sud,52.9
2026-07-30T00:30:00,Siège Est,64.1
2026-07-30T00:30:00,Usine Nord,642.4
2026-07-30T00:45:00,Atelier Sud,78.3
2026-07-30T00:45:00,Siège Est,74.2
2026-07-30T00:45:00,Usine Nord,653.6
2026-07-30T01:00:00,Atelier Sud,69.1
2026-07-30T01:00:00,Siège Est,77.9
2026-07-30T01:00:00,Usine Nord,644.7
2026-07-30T01:15:00,Atelier Sud,42.6
2026-07-30T01:15:00,Siège Est,60.9
2026-07-30T01:15:00,Usine Nord,660.0
2026-07-30T01:30:00,Atelier Sud,59.5
2026-07-30T01:30:00,Siège Est,71.3
2026-07-30T01:30:00,Usine Nord,623.6
2026-07-30T01:45:00,Atelier Sud,87.0
2026-07-30T01:45:00,Siège Est,77.5
2026-07-30T01:45:00,Usine Nord,674.8
2026-07-30T02:00:00,Atelier Sud,75.9
2026-07-30T02:00:00,Siège Est,66.1
2026-07-30T02:00:00,Usine Nord,783.0
2026-07-30T02:15:00,Atelier Sud,74.4
2026-07-30T02:15:00,Siège Est,79.0
2026-07-30T02:15:00,Usine Nord,698.7
2026-07-30T02:30:00,Atelier Sud,83.8
2026-07-30T02:30:00,Siège Est,61.7
2026-07-30T02:30:00,Usine Nord,601.5
2026-07-30T02:45:00,Atelier Sud,44.7
2026-07-30T02:45:00,Siège Est,88.4
2026-07-30T02:45:00,Usine Nord,628.6
2026-07-30T03:00:00,Atelier Sud,64.2
2026-07-30T03:00:00,Siège Est,73.8
2026-07-30T03:00:00,Usine Nord,614.5
2026-07-30T03:15:00,Atelier Sud,63.8
2026-07-30T03:15:00,Siège Est,78.0
2026-07-30T03:15:00,Usine Nord,648.5
2026-07-30T03:30:00,Atelier Sud,68.7
2026-07-30T03:30:00,Siège Est,88.5
2026-07-30T03:30:00,Usine Nord,656.4
2026-07-30T03:45:00,Atelier Sud,81.4
2026-07-30T03:45:00,Siège Est,91.0
2026-07-30T03:45:00,Usine Nord,634.7
2026-07-30T04:00:00,Atelier Sud,65.2
2026-07-30T04:00:00,Siège Est,62.2
2026-07-30T04:00:00,Usine Nord,651.6
2026-07-30T04:15:00,Atelier Sud,50.5
2026-07-30T04:15:00,Siège Est,67.2
2026-07-30T04:15:00,Usine Nord,652.1
2026-07-30T04:30:00,Atelier Sud,63.0
2026-07-30T04:30:00,Siège Est,67.8
2026-07-30T04:30:00,Usine Nord,630.2
2026-07-30T04:45:00,Atelier Sud,62.0
2026-07-30T04:45:00,Siège Est,61.8
2026-07-30T04:45:00,Usine Nord,646.8
2026-07-30T05:00:00,Atelier Sud,102.1
2026-07-30T05:00:00,Siège Est,80.2
2026-07-30T05:00:00,Usine Nord,622.0
2026-07-30T05:15:00,Atelier Sud,85.6
2026-07-30T05:15:00,Siège Est,86.6
2026-07-30T05:15:00,Usine Nord,637.7
2026-07-30T05:30:00,Atelier Sud,87.4
2026-07-30T05:30:00,Siège Est,62.9
2026-07-30T05:30:00,Usine Nord,634.7
2026-07-30T05:45:00,Atelier Sud,94.0
2026-07-30T05:45:00,Siège Est,88.4
2026-07-30T05:45:00,Usine Nord,631.9
2026-07-30T06:00:00,Atelier Sud,73.8
2026-07-30T06:00:00,Siège Est,68.5
2026-07-30T06:00:00,Usine Nord,925.2
2026-07-30T06:15:00,Atelier Sud,108.6
2026-07-30T06:15:00,Siège Est,75.9
2026-07-30T06:15:00,Usine Nord,956.3
2026-07-30T06:30:00,Atelier Sud,128.1
2026-07-30T06:30:00,Siège Est,85.4
2026-07-30T06:30:00,Usine Nord,948.2
2026-07-30T06:45:00,Atelier Sud,147.1
2026-07-30T06:45:00,Siège Est,73.4
2026-07-30T06:45:00,Usine Nord,988.5
2026-07-30T07:00:00,Atelier Sud,148.7
2026-07-30T07:00:00,Siège Est,87.9
2026-07-30T07:00:00,Usine Nord,902.3
2026-07-30T07:15:00,Atelier Sud,208.4
2026-07-30T07:15:00,Siège Est,76.4
2026-07-30T07:15:00,Usine Nord,946.5
2026-07-30T07:30:00,Atelier Sud,194.0
2026-07-30T07:30:00,Siège Est,74.0
2026-07-30T07:30:00,Usine Nord,950.7
2026-07-30T07:45:00,Atelier Sud,199.2
2026-07-30T07:45:00,Siège Est,79.3
2026-07-30T07:45:00,Usine Nord,961.0
2026-07-30T08:00:00,Atelier Sud,241.6
2026-07-30T08:00:00,Siège Est,259.6
2026-07-30T08:00:00,Usine Nord,954.4
2026-07-30T08:15:00,Atelier Sud,242.0
2026-07-30T08:15:00,Siège Est,258.1
2026-07-30T08:15:00,Usine Nord,1000.2
2026-07-30T08:30:00,Atelier Sud,253.9
2026-07-30T08:30:00,Siège Est,276.5
2026-07-30T08:30:00,Usine Nord,932.3
2026-07-30T08:45:00,Atelier Sud,247.5
2026-07-30T08:45:00,Siège Est,257.8
2026-07-30T08:45:00,Usine Nord,912.9
2026-07-30T09:00:00,Atelier Sud,263.4
2026-07-30T09:00:00,Siège Est,265.8
2026-07-30T09:00:00,Usine Nord,961.3
2026-07-30T09:15:00,Atelier Sud,275.1
2026-07-30T09:15:00,Siège Est,248.3
2026-07-30T09:15:00,Usine Nord,930.4
2026-07-30T09:30:00,Atelier Sud,295.0
2026-07-30T09:30:00,Siège Est,257.0
2026-07-30T09:30:00,Usine Nord,952.2
2026-07-30T09:45:00,Atelier Sud,335.8
2026-07-30T09:45:00,Siège Est,261.0
2026-07-30T09:45:00,Usine Nord,942.3
2026-07-30T10:00:00,Atelier Sud,338.2
2026-07-30T10:00:00,Siège Est,250.9
2026-07-30T10:00:00,Usine Nord,994.6
2026-07-30T10:15:00,Atelier Sud,304.5
2026-07-30T10:15:00,Siège Est,264.0
2026-07-30T10:15:00,Usine Nord,927.1
2026-07-30T10:30:00,Atelier Sud,304.2
2026-07-30T10:30:00,Siège Est,245.6
2026-07-30T10:30:00,Usine Nord,984.2
2026-07-30T10:45:00,Atelier Sud,348.1
2026-07-30T10:45:00,Siège Est,257.6
2026-07-30T10:45:00,Usine Nord,958.8
2026-07-30T11:00:00,Atelier Sud,379.2
2026-07-30T11:00:00,Siège Est,253.9
2026-07-30T11:00:00,Usine Nord,953.2
2026-07-30T11:15:00,Atelier Sud,371.9
2026-07-30T11:15:00,Siège Est,256.1
2026-07-30T11:15:00,Usine Nord,951.6
2026-07-30T11:30:00,Atelier Sud,368.2
2026-07-30T11:30:00,Siège Est,250.2
2026-07-30T11:30:00,Usine Nord,926.4
2026-07-30T11:45:00,Atelier Sud,346.4
2026-07-30T11:45:00,Siège Est,244.0
2026-07-30T11:45:00,Usine Nord,949.9
2026-07-30T12:00:00,Atelier Sud,318.5
2026-07-30T12:00:00,Siège Est,254.7
2026-07-30T12:00:00,Usine Nord,952.0
2026-07-30T12:15:00,Atelier Sud,341.8
2026-07-30T12:15:00,Siège Est,256.8
2026-07-30T12:15:00,Usine Nord,941.1
2026-07-30T12:30:00,Atelier Sud,328.4
2026-07-30T12:30:00,Siège Est,257.9
2026-07-30T12:30:00,Usine Nord,921.6
2026-07-30T12:45:00,Atelier Sud,343.5
2026-07-30T12:45:00,Siège Est,256.6
2026-07-30T12:45:00,Usine Nord,937.1
2026-07-30T13:00:00,Atelier Sud,338.3
2026-07-30T13:00:00,Siège Est,246.4
2026-07-30T13:00:00,Usine Nord,943.7
2026-07-30T13:15:00,Atelier Sud,292.4
2026-07-30T13:15:00,Siège Est,257.7
2026-07-30T13:15:00,Usine Nord,945.1
2026-07-30T13:30:00,Atelier Sud,305.2
2026-07-30T13:30:00,Siège Est,265.9
2026-07-30T13:30:00,Usine Nord,917.5
2026-07-30T13:45:00,Atelier Sud,278.0
2026-07-30T13:45:00,Siège Est,248.5
2026-07-30T13:45:00,Usine Nord,952.3
2026-07-30T14:00:00,Atelier Sud,269.6
2026-07-30T14:00:00,Siège Est,269.1
2026-07-30T14:00:00,Usine Nord,974.1
2026-07-30T14:15:00,Atelier Sud,290.7
2026-07-30T14:15:00,Siège Est,259.1
2026-07-30T14:15:00,Usine Nord,945.5
2026-07-30T14:30:00,Atelier Sud,260.1
2026-07-30T14:30:00,Siège Est,261.7
2026-07-30T14:30:00,Usine Nord,980.8
2026-07-30T14:45:00,Atelier Sud,290.7
2026-07-30T14:45:00,Siège Est,255.0
2026-07-30T14:45:00,Usine Nord,955.2
2026-07-30T15:00:00,Atelier Sud,272.3
2026-07-30T15:00:00,Siège Est,249.6
2026-07-30T15:00:00,Usine Nord,939.2
2026-07-30T15:15:00,Atelier Sud,261.2
2026-07-30T15:15:00,Siège Est,266.9
2026-07-30T15:15:00,Usine Nord,926.8
2026-07-30T15:30:00,Atelier Sud,243.8
2026-07-30T15:30:00,Siège Est,256.3
2026-07-30T15:30:00,Usine Nord,922.2
2026-07-30T15:45:00,Atelier Sud,178.0
2026-07-30T15:45:00,Siège Est,248.3
2026-07-30T15:45:00,Usine Nord,933.2
2026-07-30T16:00:00,Atelier Sud,207.5
2026-07-30T16:00:00,Siège Est,257.3
2026-07-30T16:00:00,Usine Nord,944.9
2026-07-30T16:15:00,Atelier Sud,196.8
2026-07-30T16:15:00,Siège Est,246.9
2026-07-30T16:15:00,Usine Nord,925.4
2026-07-30T16:30:00,Atelier Sud,135.4
2026-07-30T16:30:00,Siège Est,247.5
2026-07-30T16:30:00,Usine Nord,943.0
2026-07-30T16:45:00,Atelier Sud,146.1
2026-07-30T16:45:00,Siège Est,273.8
2026-07-30T16:45:00,Usine Nord,987.5
2026-07-30T17:00:00,Atelier Sud,121.6
2026-07-30T17:00:00,Siège Est,253.8
2026-07-30T17:00:00,Usine Nord,906.1
2026-07-30T17:15:00,Atelier Sud,128.0
2026-07-30T17:15:00,Siège Est,255.1
2026-07-30T17:15:00,Usine Nord,954.8
2026-07-30T17:30:00,Atelier Sud,114.8
2026-07-30T17:30:00,Siège Est,240.5
2026-07-30T17:30:00,Usine Nord,952.3
2026-07-30T17:45:00,Atelier Sud,75.2
2026-07-30T17:45:00,Siège Est,247.9
2026-07-30T17:45:00,Usine Nord,957.2
2026-07-30T18:00:00,Atelier Sud,56.6
2026-07-30T18:00:00,Siège Est,245.4
2026-07-30T18:00:00,Usine Nord,956.2
2026-07-30T18:15:00,Atelier Sud,86.1
2026-07-30T18:15:00,Siège Est,267.5
2026-07-30T18:15:00,Usine Nord,948.8
2026-07-30T18:30:00,Atelier Sud,55.0
2026-07-30T18:30:00,Siège Est,261.3
2026-07-30T18:30:00,Usine Nord,941.5
2026-07-30T18:45:00,Atelier Sud,81.9
2026-07-30T18:45:00,Siège Est,250.2
2026-07-30T18:45:00,Usine Nord,944.2
2026-07-30T19:00:00,Atelier Sud,66.3
2026-07-30T19:00:00,Siège Est,75.3
2026-07-30T19:00:00,Usine Nord,929.3
2026-07-30T19:15:00,Atelier Sud,56.4
2026-07-30T19:15:00,Siège Est,73.1
2026-07-30T19:15:00,Usine Nord,933.6
2026-07-30T19:30:00,Atelier Sud,74.6
2026-07-30T19:30:00,Siège Est,61.0
2026-07-30T19:30:00,Usine Nord,951.1
2026-07-30T19:45:00,Atelier Sud,66.5
2026-07-30T19:45:00,Siège Est,74.8
2026-07-30T19:45:00,Usine Nord,950.8
2026-07-30T20:00:00,Atelier Sud,30.7
2026-07-30T20:00:00,Siège Est,74.1
2026-07-30T20:00:00,Usine Nord,952.9
2026-07-30T20:15:00,Atelier Sud,70.0
2026-07-30T20:15:00,Siège Est,88.5
2026-07-30T20:15:00,Usine Nord,933.3
2026-07-30T20:30:00,Atelier Sud,50.5
2026-07-30T20:30:00,Siège Est,77.4
2026-07-30T20:30:00,Usine Nord,922.7
2026-07-30T20:45:00,Atelier Sud,55.4
2026-07-30T20:45:00,Siège Est,75.0
2026-07-30T20:45:00,Usine Nord,995.7
2026-07-30T21:00:00,Atelier Sud,29.4
2026-07-30T21:00:00,Siège Est,78.3
2026-07-30T21:00:00,Usine Nord,960.2
2026-07-30T21:15:00,Atelier Sud,89.1
2026-07-30T21:15:00,Siège Est,86.1
2026-07-30T21:15:00,Usine Nord,968.8
2026-07-30T21:30:00,Atelier Sud,72.0
2026-07-30T21:30:00,Siège Est,63.2
2026-07-30T21:30:00,Usine Nord,954.6
2026-07-30T21:45:00,Atelier Sud,58.5
2026-07-30T21:45:00,Siège Est,69.8
2026-07-30T21:45:00,Usine Nord,965.6
2026-07-30T22:00:00,Atelier Sud,77.9
2026-07-30T22:00:00,Siège Est,76.9
2026-07-30T22:00:00,Usine Nord,670.0
2026-07-30T22:15:00,Atelier Sud,71.3
2026-07-30T22:15:00,Siège Est,69.0
2026-07-30T22:15:00,Usine Nord,678.1
2026-07-30T22:30:00,Atelier Sud,65.6
2026-07-30T22:30:00,Siège Est,75.7
2026-07-30T22:30:00,Usine Nord,646.6
2026-07-30T22:45:00,Atelier Sud,58.1
2026-07-30T22:45:00,Siège Est,69.7
2026-07-30T22:45:00,Usine Nord,659.7
2026-07-30T23:00:00,Atelier Sud,67.3
2026-07-30T23:00:00,Siège Est,104.1
2026-07-30T23:00:00,Usine Nord,666.8
2026-07-30T23:15:00,Atelier Sud,74.9
2026-07-30T23:15:00,Siège Est,61.6
2026-07-30T23:15:00,Usine Nord,613.9
2026-07-30T23:30:00,Atelier Sud,82.2
2026-07-30T23:30:00,Siège Est,68.1
2026-07-30T23:30:00,Usine Nord,648.2
2026-07-30T23:45:00,Atelier Sud,65.1
2026-07-30T23:45:00,Siège Est,66.2
2026-07-30T23:45:00,Usine Nord,656.2
2026-07-31T00:00:00,Atelier Sud,70.5
2026-07-31T00:00:00,Siège Est,87.2
2026-07-31T00:00:00,Usine Nord,628.1
2026-07-31T00:15:00,Atelier Sud,78.6
2026-07-31T00:15:00,Siège Est,62.6
2026-07-31T00:15:00,Usine Nord,634.9
2026-07-31T00:30:00,Atelier Sud,82.7
2026-07-31T00:30:00,Siège Est,87.8
2026-07-31T00:30:00,Usine Nord,673.0
2026-07-31T00:45:00,Atelier Sud,77.1
2026-07-31T00:45:00,Siège Est,71.1
2026-07-31T00:45:00,Usine Nord,657.6
2026-07-31T01:00:00,Atelier Sud,64.1
2026-07-31T01:00:00,Siège Est,66.0
2026-07-31T01:00:00,Usine Nord,646.8
2026-07-31T01:15:00,Atelier Sud,73.8
2026-07-31T01:15:00,Siège Est,71.4
2026-07-31T01:15:00,Usine Nord,636.4
2026-07-31T01:30:00,Atelier Sud,70.1
2026-07-31T01:30:00,Siège Est,57.5
2026-07-31T01:30:00,Usine Nord,652.0
2026-07-31T01:45:00,Atelier Sud,87.5
2026-07-31T01:45:00,Siège Est,70.6
2026-07-31T01:45:00,Usine Nord,721.9
2026-07-31T02:00:00,Atelier Sud,58.2
2026-07-31T02:00:00,Siège Est,77.9
2026-07-31T02:00:00,Usine Nord,651.1
2026-07-31T02:15:00,Atelier Sud,78.6
2026-07-31T02:15:00,Siège Est,82.3
2026-07-31T02:15:00,Usine Nord,626.3
2026-07-31T02:30:00,Atelier Sud,73.9
2026-07-31T02:30:00,Siège Est,64.5
2026-07-31T02:30:00,Usine Nord,612.0
2026-07-31T02:45:00,Atelier Sud,68.1
2026-07-31T02:45:00,Siège Est,73.6
2026-07-31T02:45:00,Usine Nord,671.8
2026-07-31T03:00:00,Atelier Sud,74.5
2026-07-31T03:00:00,Siège Est,78.5
2026-07-31T03:00:00,Usine Nord,659.3
2026-07-31T03:15:00,Atelier Sud,63.0
2026-07-31T03:15:00,Siège Est,68.6
2026-07-31T03:15:00,Usine Nord,627.7
2026-07-31T03:30:00,Atelier Sud,52.1
2026-07-31T03:30:00,Siège Est,83.6
2026-07-31T03:30:00,Usine Nord,679.0
2026-07-31T03:45:00,Atelier Sud,94.8
2026-07-31T03:45:00,Siège Est,74.6
2026-07-31T03:45:00,Usine Nord,676.5
2026-07-31T04:00:00,Atelier Sud,87.7
2026-07-31T04:00:00,Siège Est,58.5
2026-07-31T04:00:00,Usine Nord,631.5
2026-07-31T04:15:00,Atelier Sud,68.8
2026-07-31T04:15:00,Siège Est,74.9
2026-07-31T04:15:00,Usine Nord,632.3
2026-07-31T04:30:00,Atelier Sud,92.7
2026-07-31T04:30:00,Siège Est,59.2
2026-07-31T04:30:00,Usine Nord,657.3
2026-07-31T04:45:00,Atelier Sud,84.3
2026-07-31T04:45:00,Siège Est,73.9
2026-07-31T04:45:00,Usine Nord,647.7
2026-07-31T05:00:00,Atelier Sud,59.4
2026-07-31T05:00:00,Siège Est,65.9
2026-07-31T05:00:00,Usine Nord,659.2
2026-07-31T05:15:00,Atelier Sud,78.7
2026-07-31T05:15:00,Siège Est,75.0
2026-07-31T05:15:00,Usine Nord,672.2
2026-07-31T05:30:00,Atelier Sud,70.7
2026-07-31T05:30:00,Siège Est,73.6
2026-07-31T05:30:00,Usine Nord,635.3
2026-07-31T05:45:00,Atelier Sud,63.4
2026-07-31T05:45:00,Siège Est,90.5
2026-07-31T05:45:00,Usine Nord,654.5
2026-07-31T06:00:00,Atelier Sud,66.4
2026-07-31T06:00:00,Siège Est,62.8
2026-07-31T06:00:00,Usine Nord,921.2
2026-07-31T06:15:00,Atelier Sud,98.0
2026-07-31T06:15:00,Siège Est,78.3
2026-07-31T06:15:00,Usine Nord,963.9
2026-07-31T06:30:00,Atelier Sud,126.3
2026-07-31T06:30:00,Siège Est,82.5
2026-07-31T06:30:00,Usine Nord,973.4
2026-07-31T06:45:00,Atelier Sud,144.9
2026-07-31T06:45:00,Siège Est,53.4
2026-07-31T06:45:00,Usine Nord,888.8
2026-07-31T07:00:00,Atelier Sud,161.2
2026-07-31T07:00:00,Siège Est,74.4
2026-07-31T07:00:00,Usine Nord,923.3
2026-07-31T07:15:00,Atelier Sud,159.2
2026-07-31T07:15:00,Siège Est,82.9
2026-07-31T07:15:00,Usine Nord,957.3
2026-07-31T07:30:00,Atelier Sud,190.1
2026-07-31T07:30:00,Siège Est,76.7
2026-07-31T07:30:00,Usine Nord,914.3
2026-07-31T07:45:00,Atelier Sud,220.4
2026-07-31T07:45:00,Siège Est,86.9
2026-07-31T07:45:00,Usine Nord,950.4
2026-07-31T08:00:00,Atelier Sud,216.4
2026-07-31T08:00:00,Siège Est,264.0
2026-07-31T08:00:00,Usine Nord,962.5
2026-07-31T08:15:00,Atelier Sud,220.6
2026-07-31T08:15:00,Siège Est,238.1
2026-07-31T08:15:00,Usine Nord,952.4
2026-07-31T08:30:00,Atelier Sud,227.3
2026-07-31T08:30:00,Siège Est,255.9
2026-07-31T08:30:00,Usine Nord,965.1
2026-07-31T08:45:00,Atelier Sud,256.7
2026-07-31T08:45:00,Siège Est,261.9
2026-07-31T08:45:00,Usine Nord,947.8
2026-07-31T09:00:00,Atelier Sud,233.5
2026-07-31T09:00:00,Siège Est,247.7
2026-07-31T09:00:00,Usine Nord,973.4
2026-07-31T09:15:00,Atelier Sud,282.9
2026-07-31T09:15:00,Siège Est,278.2
2026-07-31T09:15:00,Usine Nord,943.1
2026-07-31T09:30:00,Atelier Sud,291.3
2026-07-31T09:30:00,Siège Est,252.1
2026-07-31T09:30:00,Usine Nord,939.1
2026-07-31T09:45:00,Atelier Sud,339.4
2026-07-31T09:45:00,Siège Est,258.0
2026-07-31T09:45:00,Usine Nord,929.1
2026-07-31T10:00:00,Atelier Sud,343.2
2026-07-31T10:00:00,Siège Est,252.9
2026-07-31T10:00:00,Usine Nord,910.5
2026-07-31T10:15:00,Atelier Sud,267.7
2026-07-31T10:15:00,Siège Est,263.8
2026-07-31T10:15:00,Usine Nord,946.7
2026-07-31T10:30:00,Atelier Sud,300.1
2026-07-31T10:30:00,Siège Est,246.7
2026-07-31T10:30:00,Usine Nord,950.2
2026-07-31T10:45:00,Atelier Sud,357.9
2026-07-31T10:45:00,Siège Est,246.0
2026-07-31T10:45:00,Usine Nord,945.1
2026-07-31T11:00:00,Atelier Sud,360.7
2026-07-31T11:00:00,Siège Est,261.6
2026-07-31T11:00:00,Usine Nord,927.9
2026-07-31T11:15:00,Atelier Sud,356.7
2026-07-31T11:15:00,Siège Est,237.4
2026-07-31T11:15:00,Usine Nord,940.1
2026-07-31T11:30:00,Atelier Sud,320.1
2026-07-31T11:30:00,Siège Est,258.3
2026-07-31T11:30:00,Usine Nord,971.0
2026-07-31T11:45:00,Atelier Sud,293.9
2026-07-31T11:45:00,Siège Est,251.8
2026-07-31T11:45:00,Usine Nord,953.8
2026-07-31T12:00:00,Atelier Sud,339.5
2026-07-31T12:00:00,Siège Est,253.4
2026-07-31T12:00:00,Usine Nord,976.2
2026-07-31T12:15:00,Atelier Sud,368.2
2026-07-31T12:15:00,Siège Est,261.3
2026-07-31T12:15:00,Usine Nord,959.1
2026-07-31T12:30:00,Atelier Sud,275.2
2026-07-31T12:30:00,Siège Est,264.8
2026-07-31T12:30:00,Usine Nord,940.0
2026-07-31T12:45:00,Atelier Sud,304.4
2026-07-31T12:45:00,Siège Est,261.3
2026-07-31T12:45:00,Usine Nord,998.3
2026-07-31T13:00:00,Atelier Sud,364.9
2026-07-31T13:00:00,Siège Est,257.0
2026-07-31T13:00:00,Usine Nord,929.4
2026-07-31T13:15:00,Atelier Sud,311.4
2026-07-31T13:15:00,Siège Est,256.5
2026-07-31T13:15:00,Usine Nord,913.0
2026-07-31T13:30:00,Atelier Sud,264.4
2026-07-31T13:30:00,Siège Est,245.2
2026-07-31T13:30:00,Usine Nord,935.7
2026-07-31T13:45:00,Atelier Sud,276.6
2026-07-31T13:45:00,Siège Est,262.9
2026-07-31T13:45:00,Usine Nord,954.8
2026-07-31T14:00:00,Atelier Sud,237.0
2026-07-31T14:00:00,Siège Est,242.1
2026-07-31T14:00:00,Usine Nord,966.8
2026-07-31T14:15:00,Atelier Sud,261.8
2026-07-31T14:15:00,Siège Est,249.6
2026-07-31T14:15:00,Usine Nord,955.4
2026-07-31T14:30:00,Atelier Sud,269.1
2026-07-31T14:30:00,Siège Est,259.9
2026-07-31T14:30:00,Usine Nord,937.3
2026-07-31T14:45:00,Atelier Sud,271.4
2026-07-31T14:45:00,Siège Est,254.6
2026-07-31T14:45:00,Usine Nord,980.8
2026-07-31T15:00:00,Atelier Sud,266.1
2026-07-31T15:00:00,Siège Est,258.6
2026-07-31T15:00:00,Usine Nord,957.9
2026-07-31T15:15:00,Atelier Sud,286.4
2026-07-31T15:15:00,Siège Est,244.2
2026-07-31T15:15:00,Usine Nord,954.2
2026-07-31T15:30:00,Atelier Sud,212.1
2026-07-31T15:30:00,Siège Est,249.9
2026-07-31T15:30:00,Usine Nord,939.3
2026-07-31T15:45:00,Atelier Sud,194.6
2026-07-31T15:45:00,Siège Est,275.1
2026-07-31T15:45:00,Usine Nord,987.5
2026-07-31T16:00:00,Atelier Sud,150.1
2026-07-31T16:00:00,Siège Est,247.6
2026-07-31T16:00:00,Usine Nord,978.0
2026-07-31T16:15:00,Atelier Sud,195.0
2026-07-31T16:15:00,Siège Est,252.9
2026-07-31T16:15:00,Usine Nord,931.3
2026-07-31T16:30:00,Atelier Sud,166.7
2026-07-31T16:30:00,Siège Est,231.6
2026-07-31T16:30:00,Usine Nord,976.8
2026-07-31T16:45:00,Atelier Sud,132.4
2026-07-31T16:45:00,Siège Est,257.1
2026-07-31T16:45:00,Usine Nord,956.1
2026-07-31T17:00:00,Atelier Sud,136.5
2026-07-31T17:00:00,Siège Est,254.4
2026-07-31T17:00:00,Usine Nord,944.5
2026-07-31T17:15:00,Atelier Sud,124.8
2026-07-31T17:15:00,Siège Est,245.5
2026-07-31T17:15:00,Usine Nord,975.9
2026-07-31T17:30:00,Atelier Sud,112.4
2026-07-31T17:30:00,Siège Est,261.2
2026-07-31T17:30:00,Usine Nord,936.4
2026-07-31T17:45:00,Atelier Sud,89.3
2026-07-31T17:45:00,Siège Est,265.1
2026-07-31T17:45:00,Usine Nord,952.6
2026-07-31T18:00:00,Atelier Sud,67.4
2026-07-31T18:00:00,Siège Est,253.0
2026-07-31T18:00:00,Usine Nord,1308.7
2026-07-31T18:15:00,Atelier Sud,54.5
2026-07-31T18:15:00,Siège Est,267.2
2026-07-31T18:15:00,Usine Nord,954.9
2026-07-31T18:30:00,Atelier Sud,81.2
2026-07-31T18:30:00,Siège Est,262.6
2026-07-31T18:30:00,Usine Nord,920.2
2026-07-31T18:45:00,Atelier Sud,74.4
2026-07-31T18:45:00,Siège Est,254.2
2026-07-31T18:45:00,Usine Nord,936.0
2026-07-31T19:00:00,Atelier Sud,54.4
2026-07-31T19:00:00,Siège Est,62.1
2026-07-31T19:00:00,Usine Nord,955.7
2026-07-31T19:15:00,Atelier Sud,46.0
2026-07-31T19:15:00,Siège Est,72.3
2026-07-31T19:15:00,Usine Nord,934.8
2026-07-31T19:30:00,Atelier Sud,99.8
2026-07-31T19:30:00,Siège Est,77.3
2026-07-31T19:30:00,Usine Nord,950.9
2026-07-31T19:45:00,Atelier Sud,43.2
2026-07-31T19:45:00,Siège Est,77.3
2026-07-31T19:45:00,Usine Nord,965.8
2026-07-31T20:00:00,Atelier Sud,75.0
2026-07-31T20:00:00,Siège Est,61.7
2026-07-31T20:00:00,Usine Nord,938.0
2026-07-31T20:15:00,Atelier Sud,59.1
2026-07-31T20:15:00,Siège Est,71.3
2026-07-31T20:15:00,Usine Nord,922.9
2026-07-31T20:30:00,Atelier Sud,59.1
2026-07-31T20:30:00,Siège Est,65.7
2026-07-31T20:30:00,Usine Nord,958.0
2026-07-31T20:45:00,Atelier Sud,68.2
2026-07-31T20:45:00,Siège Est,74.2
2026-07-31T20:45:00,Usine Nord,987.1
2026-07-31T21:00:00,Atelier Sud,92.4
2026-07-31T21:00:00,Siège Est,87.4
2026-07-31T21:00:00,Usine Nord,947.7
2026-07-31T21:15:00,Atelier Sud,76.0
2026-07-31T21:15:00,Siège Est,58.0
2026-07-31T21:15:00,Usine Nord,960.2
2026-07-31T21:30:00,Atelier Sud,63.0
2026-07-31T21:30:00,Siège Est,64.7
2026-07-31T21:30:00,Usine Nord,962.8
2026-07-31T21:45:00,Atelier Sud,91.2
2026-07-31T21:45:00,Siège Est,85.8
2026-07-31T21:45:00,Usine Nord,958.2
2026-07-31T22:00:00,Atelier Sud,52.5
2026-07-31T22:00:00,Siège Est,64.6
2026-07-31T22:00:00,Usine Nord,622.0
2026-07-31T22:15:00,Atelier Sud,83.1
2026-07-31T22:15:00,Siège Est,83.9
2026-07-31T22:15:00,Usine Nord,659.5
2026-07-31T22:30:00,Atelier Sud,85.3
2026-07-31T22:30:00,Siège Est,86.5
2026-07-31T22:30:00,Usine Nord,661.5
2026-07-31T22:45:00,Atelier Sud,69.4
2026-07-31T22:45:00,Siège Est,82.7
2026-07-31T22:45:00,Usine Nord,632.1
2026-07-31T23:00:00,Atelier Sud,72.7
2026-07-31T23:00:00,Siège Est,85.5
2026-07-31T23:00:00,Usine Nord,658.6
2026-07-31T23:15:00,Atelier Sud,79.8
2026-07-31T23:15:00,Siège Est,69.3
2026-07-31T23:15:00,Usine Nord,631.8
2026-07-31T23:30:00,Atelier Sud,95.7
2026-07-31T23:30:00,Siège Est,68.7
2026-07-31T23:30:00,Usine Nord,625.6
2026-07-31T23:45:00,Atelier Sud,85.6
2026-07-31T23:45:00,Siège Est,71.7
2026-07-31T23:45:00,Usine Nord,630.3
2026-08-01T00:00:00,Atelier Sud,62.7
2026-08-01T00:00:00,Siège Est,77.1
2026-08-01T00:00:00,Usine Nord,381.8
2026-08-01T00:15:00,Atelier Sud,65.1
2026-08-01T00:15:00,Siège Est,72.6
2026-08-01T00:15:00,Usine Nord,377.4
2026-08-01T00:30:00,Atelier Sud,60.3
2026-08-01T00:30:00,Siège Est,79.3
2026-08-01T00:30:00,Usine Nord,361.0
2026-08-01T00:45:00,Atelier Sud,52.2
2026-08-01T00:45:00,Siège Est,74.4
2026-08-01T00:45:00,Usine Nord,393.9
2026-08-01T01:00:00,Atelier Sud,61.2
2026-08-01T01:00:00,Siège Est,72.6
2026-08-01T01:00:00,Usine Nord,341.1
2026-08-01T01:15:00,Atelier Sud,56.3
2026-08-01T01:15:00,Siège Est,86.7
2026-08-01T01:15:00,Usine Nord,377.2
2026-08-01T01:30:00,Atelier Sud,55.5
2026-08-01T01:30:00,Siège Est,69.4
2026-08-01T01:30:00,Usine Nord,347.5
2026-08-01T01:45:00,Atelier Sud,77.4
2026-08-01T01:45:00,Siège Est,76.8
2026-08-01T01:45:00,Usine Nord,311.7
2026-08-01T02:00:00,Atelier Sud,74.3
2026-08-01T02:00:00,Siège Est,62.0
2026-08-01T02:00:00,Usine Nord,375.5
2026-08-01T02:15:00,Atelier Sud,74.5
2026-08-01T02:15:00,Siège Est,87.3
2026-08-01T02:15:00,Usine Nord,363.7
2026-08-01T02:30:00,Atelier Sud,77.6
2026-08-01T02:30:00,Siège Est,73.6
2026-08-01T02:30:00,Usine Nord,325.8
2026-08-01T02:45:00,Atelier Sud,78.9
2026-08-01T02:45:00,Siège Est,73.6
2026-08-01T02:45:00,Usine Nord,348.9
2026-08-01T03:00:00,Atelier Sud,71.8
2026-08-01T03:00:00,Siège Est,52.0
2026-08-01T03:00:00,Usine Nord,367.9
2026-08-01T03:15:00,Atelier Sud,78.2
2026-08-01T03:15:00,Siège Est,67.0
2026-08-01T03:15:00,Usine Nord,349.3
2026-08-01T03:30:00,Atelier Sud,49.0
2026-08-01T03:30:00,Siège Est,83.0
2026-08-01T03:30:00,Usine Nord,374.2
2026-08-01T03:45:00,Atelier Sud,70.3
2026-08-01T03:45:00,Siège Est,64.8
2026-08-01T03:45:00,Usine Nord,323.3
2026-08-01T04:00:00,Atelier Sud,66.6
2026-08-01T04:00:00,Siège Est,67.0
2026-08-01T04:00:00,Usine Nord,405.2
2026-08-01T04:15:00,Atelier Sud,83.8
2026-08-01T04:15:00,Siège Est,71.3
2026-08-01T04:15:00,Usine Nord,354.1
2026-08-01T04:30:00,Atelier Sud,69.7
2026-08-01T04:30:00,Siège Est,86.9
2026-08-01T04:30:00,Usine Nord,340.8
2026-08-01T04:45:00,Atelier Sud,54.3
2026-08-01T04:45:00,Siège Est,72.7
2026-08-01T04:45:00,Usine Nord,345.4
2026-08-01T05:00:00,Atelier Sud,87.9
2026-08-01T05:00:00,Siège Est,76.3
2026-08-01T05:00:00,Usine Nord,342.2
2026-08-01T05:15:00,Atelier Sud,64.3
2026-08-01T05:15:00,Siège Est,97.3
2026-08-01T05:15:00,Usine Nord,321.4
2026-08-01T05:30:00,Atelier Sud,79.7
2026-08-01T05:30:00,Siège Est,69.2
2026-08-01T05:30:00,Usine Nord,332.0
2026-08-01T05:45:00,Atelier Sud,79.7
2026-08-01T05:45:00,Siège Est,86.5
2026-08-01T05:45:00,Usine Nord,360.8
2026-08-01T06:00:00,Atelier Sud,79.4
2026-08-01T06:00:00,Siège Est,64.6
2026-08-01T06:00:00,Usine Nord,540.5
2026-08-01T06:15:00,Atelier Sud,85.0
2026-08-01T06:15:00,Siège Est,67.8
2026-08-01T06:15:00,Usine Nord,496.2
2026-08-01T06:30:00,Atelier Sud,63.8
2026-08-01T06:30:00,Siège Est,82.8
2026-08-01T06:30:00,Usine Nord,531.2
2026-08-01T06:45:00,Atelier Sud,59.8
2026-08-01T06:45:00,Siège Est,74.3
2026-08-01T06:45:00,Usine Nord,513.5
2026-08-01T07:00:00,Atelier Sud,77.7
2026-08-01T07:00:00,Siège Est,69.8
2026-08-01T07:00:00,Usine Nord,571.7
2026-08-01T07:15:00,Atelier Sud,47.2
2026-08-01T07:15:00,Siège Est,74.0
2026-08-01T07:15:00,Usine Nord,536.6
2026-08-01T07:30:00,Atelier Sud,84.7
2026-08-01T07:30:00,Siège Est,73.3
2026-08-01T07:30:00,Usine Nord,539.6
2026-08-01T07:45:00,Atelier Sud,72.9
2026-08-01T07:45:00,Siège Est,65.4
2026-08-01T07:45:00,Usine Nord,530.4
2026-08-01T08:00:00,Atelier Sud,47.5
2026-08-01T08:00:00,Siège Est,95.4
2026-08-01T08:00:00,Usine Nord,533.4
2026-08-01T08:15:00,Atelier Sud,33.5
2026-08-01T08:15:00,Siège Est,71.6
2026-08-01T08:15:00,Usine Nord,518.0
2026-08-01T08:30:00,Atelier Sud,36.6
2026-08-01T08:30:00,Siège Est,81.4
2026-08-01T08:30:00,Usine Nord,505.5
2026-08-01T08:45:00,Atelier Sud,62.8
2026-08-01T08:45:00,Siège Est,67.2
2026-08-01T08:45:00,Usine Nord,559.1
2026-08-01T09:00:00,Atelier Sud,66.1
2026-08-01T09:00:00,Siège Est,79.5
2026-08-01T09:00:00,Usine Nord,554.0
2026-08-01T09:15:00,Atelier Sud,36.5
2026-08-01T09:15:00,Siège Est,70.7
2026-08-01T09:15:00,Usine Nord,546.8
2026-08-01T09:30:00,Atelier Sud,47.3
2026-08-01T09:30:00,Siège Est,98.7
2026-08-01T09:30:00,Usine Nord,499.9
2026-08-01T09:45:00,Atelier Sud,81.6
2026-08-01T09:45:00,Siège Est,69.5
2026-08-01T09:45:00,Usine Nord,522.7
2026-08-01T10:00:00,Atelier Sud,49.2
2026-08-01T10:00:00,Siège Est,74.9
2026-08-01T10:00:00,Usine Nord,538.3
2026-08-01T10:15:00,Atelier Sud,57.8
2026-08-01T10:15:00,Siège Est,75.8
2026-08-01T10:15:00,Usine Nord,525.0
2026-08-01T10:30:00,Atelier Sud,46.6
2026-08-01T10:30:00,Siège Est,74.8
2026-08-01T10:30:00,Usine Nord,483.9
2026-08-01T10:45:00,Atelier Sud,15.0
2026-08-01T10:45:00,Siège Est,83.1
2026-08-01T10:45:00,Usine Nord,522.2
2026-08-01T11:00:00,Atelier Sud,42.8
2026-08-01T11:00:00,Siège Est,81.8
2026-08-01T11:00:00,Usine Nord,493.3
2026-08-01T11:15:00,Atelier Sud,32.0
2026-08-01T11:15:00,Siège Est,69.7
2026-08-01T11:15:00,Usine Nord,498.1
2026-08-01T11:30:00,Atelier Sud,67.3
2026-08-01T11:30:00,Siège Est,67.7
2026-08-01T11:30:00,Usine Nord,534.7
2026-08-01T11:45:00,Atelier Sud,49.1
2026-08-01T11:45:00,Siège Est,74.0
2026-08-01T11:45:00,Usine Nord,453.0
2026-08-01T12:00:00,Atelier Sud,15.0
2026-08-01T12:00:00,Siège Est,77.9
2026-08-01T12:00:00,Usine Nord,547.8
2026-08-01T12:15:00,Atelier Sud,54.7
2026-08-01T12:15:00,Siège Est,64.5
2026-08-01T12:15:00,Usine Nord,499.6
2026-08-01T12:30:00,Atelier Sud,15.0
2026-08-01T12:30:00,Siège Est,76.9
2026-08-01T12:30:00,Usine Nord,511.7
2026-08-01T12:45:00,Atelier Sud,40.9
2026-08-01T12:45:00,Siège Est,78.9
2026-08-01T12:45:00,Usine Nord,518.6
2026-08-01T13:00:00,Atelier Sud,15.0
2026-08-01T13:00:00,Siège Est,78.0
2026-08-01T13:00:00,Usine Nord,513.6
2026-08-01T13:15:00,Atelier Sud,15.0
2026-08-01T13:15:00,Siège Est,76.3
2026-08-01T13:15:00,Usine Nord,516.8
2026-08-01T13:30:00,Atelier Sud,15.0
2026-08-01T13:30:00,Siège Est,75.7
2026-08-01T13:30:00,Usine Nord,505.5
2026-08-01T13:45:00,Atelier Sud,15.0
2026-08-01T13:45:00,Siège Est,75.7
2026-08-01T13:45:00,Usine Nord,525.3
2026-08-01T14:00:00,Atelier Sud,15.0
2026-08-01T14:00:00,Siège Est,79.3
2026-08-01T14:00:00,Usine Nord,498.5
2026-08-01T14:15:00,Atelier Sud,36.2
2026-08-01T14:15:00,Siège Est,83.8
2026-08-01T14:15:00,Usine Nord,520.4
2026-08-01T14:30:00,Atelier Sud,18.5
2026-08-01T14:30:00,Siège Est,76.4
2026-08-01T14:30:00,Usine Nord,522.5
2026-08-01T14:45:00,Atelier Sud,57.2
2026-08-01T14:45:00,Siège Est,71.5
2026-08-01T14:45:00,Usine Nord,516.7
2026-08-01T15:00:00,Atelier Sud,17.1
2026-08-01T15:00:00,Siège Est,78.4
2026-08-01T15:00:00,Usine Nord,548.9
2026-08-01T15:15:00,Atelier Sud,19.3
2026-08-01T15:15:00,Siège Est,94.8
2026-08-01T15:15:00,Usine Nord,518.7
2026-08-01T15:30:00,Atelier Sud,23.5
2026-08-01T15:30:00,Siège Est,68.5
2026-08-01T15:30:00,Usine Nord,510.2
2026-08-01T15:45:00,Atelier Sud,15.0
2026-08-01T15:45:00,Siège Est,85.2
2026-08-01T15:45:00,Usine Nord,569.9
2026-08-01T16:00:00,Atelier Sud,61.0
2026-08-01T16:00:00,Siège Est,86.1
2026-08-01T16:00:00,Usine Nord,554.4
2026-08-01T16:15:00,Atelier Sud,60.6
2026-08-01T16:15:00,Siège Est,79.5
2026-08-01T16:15:00,Usine Nord,535.4
2026-08-01T16:30:00,Atelier Sud,75.6
2026-08-01T16:30:00,Siège Est,97.1
2026-08-01T16:30:00,Usine Nord,516.5
2026-08-01T16:45:00,Atelier Sud,59.4
2026-08-01T16:45:00,Siège Est,72.4
2026-08-01T16:45:00,Usine Nord,556.4
2026-08-01T17:00:00,Atelier Sud,47.3
2026-08-01T17:00:00,Siège Est,81.9
2026-08-01T17:00:00,Usine Nord,530.1
2026-08-01T17:15:00,Atelier Sud,54.4
2026-08-01T17:15:00,Siège Est,75.8
2026-08-01T17:15:00,Usine Nord,519.5
2026-08-01T17:30:00,Atelier Sud,51.6
2026-08-01T17:30:00,Siège Est,76.1
2026-08-01T17:30:00,Usine Nord,519.7
2026-08-01T17:45:00,Atelier Sud,32.8
2026-08-01T17:45:00,Siège Est,68.5
2026-08-01T17:45:00,Usine Nord,543.3
2026-08-01T18:00:00,Atelier Sud,57.2
2026-08-01T18:00:00,Siège Est,82.4
2026-08-01T18:00:00,Usine Nord,529.3
2026-08-01T18:15:00,Atelier Sud,87.2
2026-08-01T18:15:00,Siège Est,76.5
2026-08-01T18:15:00,Usine Nord,509.5
2026-08-01T18:30:00,Atelier Sud,49.1
2026-08-01T18:30:00,Siège Est,93.1
2026-08-01T18:30:00,Usine Nord,475.4
2026-08-01T18:45:00,Atelier Sud,76.2
2026-08-01T18:45:00,Siège Est,70.6
2026-08-01T18:45:00,Usine Nord,539.4
2026-08-01T19:00:00,Atelier Sud,60.0
2026-08-01T19:00:00,Siège Est,66.1
2026-08-01T19:00:00,Usine Nord,524.3
2026-08-01T19:15:00,Atelier Sud,77.7
2026-08-01T19:15:00,Siège Est,74.7
2026-08-01T19:15:00,Usine Nord,541.2
2026-08-01T19:30:00,Atelier Sud,71.7
2026-08-01T19:30:00,Siège Est,78.9
2026-08-01T19:30:00,Usine Nord,528.0
2026-08-01T19:45:00,Atelier Sud,65.2
2026-08-01T19:45:00,Siège Est,81.5
2026-08-01T19:45:00,Usine Nord,544.5
2026-08-01T20:00:00,Atelier Sud,47.0
2026-08-01T20:00:00,Siège Est,69.3
2026-08-01T20:00:00,Usine Nord,534.1
2026-08-01T20:15:00,Atelier Sud,53.0
2026-08-01T20:15:00,Siège Est,57.2
2026-08-01T20:15:00,Usine Nord,522.1
2026-08-01T20:30:00,Atelier Sud,59.8
2026-08-01T20:30:00,Siège Est,69.6
2026-08-01T20:30:00,Usine Nord,518.9
2026-08-01T20:45:00,Atelier Sud,96.1
2026-08-01T20:45:00,Siège Est,64.8
2026-08-01T20:45:00,Usine Nord,480.9
2026-08-01T21:00:00,Atelier Sud,92.4
2026-08-01T21:00:00,Siège Est,73.1
2026-08-01T21:00:00,Usine Nord,488.8
2026-08-01T21:15:00,Atelier Sud,49.0
2026-08-01T21:15:00,Siège Est,66.5
2026-08-01T21:15:00,Usine Nord,568.2
2026-08-01T21:30:00,Atelier Sud,70.7
2026-08-01T21:30:00,Siège Est,88.3
2026-08-01T21:30:00,Usine Nord,503.4
2026-08-01T21:45:00,Atelier Sud,48.4
2026-08-01T21:45:00,Siège Est,65.9
2026-08-01T21:45:00,Usine Nord,507.5
2026-08-01T22:00:00,Atelier Sud,64.3
2026-08-01T22:00:00,Siège Est,75.8
2026-08-01T22:00:00,Usine Nord,401.9
2026-08-01T22:15:00,Atelier Sud,91.1
2026-08-01T22:15:00,Siège Est,78.0
2026-08-01T22:15:00,Usine Nord,362.8
2026-08-01T22:30:00,Atelier Sud,83.0
2026-08-01T22:30:00,Siège Est,69.5
2026-08-01T22:30:00,Usine Nord,312.7
2026-08-01T22:45:00,Atelier Sud,74.6
2026-08-01T22:45:00,Siège Est,70.7
2026-08-01T22:45:00,Usine Nord,300.3
2026-08-01T23:00:00,Atelier Sud,44.5
2026-08-01T23:00:00,Siège Est,61.7
2026-08-01T23:00:00,Usine Nord,318.7
2026-08-01T23:15:00,Atelier Sud,57.6
2026-08-01T23:15:00,Siège Est,61.8
2026-08-01T23:15:00,Usine Nord,347.1
2026-08-01T23:30:00,Atelier Sud,54.4
2026-08-01T23:30:00,Siège Est,86.9
2026-08-01T23:30:00,Usine Nord,374.7
2026-08-01T23:45:00,Atelier Sud,100.5
2026-08-01T23:45:00,Siège Est,77.7
2026-08-01T23:45:00,Usine Nord,366.0
2026-08-02T00:00:00,Atelier Sud,68.4
2026-08-02T00:00:00,Siège Est,70.5
2026-08-02T00:00:00,Usine Nord,344.6
2026-08-02T00:15:00,Atelier Sud,87.2
2026-08-02T00:15:00,Siège Est,79.2
2026-08-02T00:15:00,Usine Nord,374.7
2026-08-02T00:30:00,Atelier Sud,74.9
2026-08-02T00:30:00,Siège Est,69.6
2026-08-02T00:30:00,Usine Nord,325.0
2026-08-02T00:45:00,Atelier Sud,67.7
2026-08-02T00:45:00,Siège Est,71.8
2026-08-02T00:45:00,Usine Nord,348.3
2026-08-02T01:00:00,Atelier Sud,61.1
2026-08-02T01:00:00,Siège Est,92.1
2026-08-02T01:00:00,Usine Nord,380.9
2026-08-02T01:15:00,Atelier Sud,90.6
2026-08-02T01:15:00,Siège Est,79.1
2026-08-02T01:15:00,Usine Nord,417.3
2026-08-02T01:30:00,Atelier Sud,68.2
2026-08-02T01:30:00,Siège Est,76.8
2026-08-02T01:30:00,Usine Nord,341.3
2026-08-02T01:45:00,Atelier Sud,76.2
2026-08-02T01:45:00,Siège Est,73.4
2026-08-02T01:45:00,Usine Nord,333.2
2026-08-02T02:00:00,Atelier Sud,71.1
2026-08-02T02:00:00,Siège Est,73.9
2026-08-02T02:00:00,Usine Nord,361.2
2026-08-02T02:15:00,Atelier Sud,59.0
2026-08-02T02:15:00,Siège Est,76.1
2026-08-02T02:15:00,Usine Nord,362.0
2026-08-02T02:30:00,Atelier Sud,79.4
2026-08-02T02:30:00,Siège Est,84.7
2026-08-02T02:30:00,Usine Nord,373.5
2026-08-02T02:45:00,Atelier Sud,57.5
2026-08-02T02:45:00,Siège Est,85.8
2026-08-02T02:45:00,Usine Nord,369.2
2026-08-02T03:00:00,Atelier Sud,72.1
2026-08-02T03:00:00,Siège Est,90.5
2026-08-02T03:00:00,Usine Nord,392.9
2026-08-02T03:15:00,Atelier Sud,56.0
2026-08-02T03:15:00,Siège Est,60.2
2026-08-02T03:15:00,Usine Nord,399.2
2026-08-02T03:30:00,Atelier Sud,42.8
2026-08-02T03:30:00,Siège Est,64.6
2026-08-02T03:30:00,Usine Nord,372.1
2026-08-02T03:45:00,Atelier Sud,84.9
2026-08-02T03:45:00,Siège Est,71.6
2026-08-02T03:45:00,Usine Nord,335.3
2026-08-02T04:00:00,Atelier Sud,82.3
2026-08-02T04:00:00,Siège Est,58.9
2026-08-02T04:00:00,Usine Nord,351.3
2026-08-02T04:15:00,Atelier Sud,71.5
2026-08-02T04:15:00,Siège Est,78.0
2026-08-02T04:15:00,Usine Nord,361.1
2026-08-02T04:30:00,Atelier Sud,46.4
2026-08-02T04:30:00,Siège Est,74.8
2026-08-02T04:30:00,Usine Nord,352.4
2026-08-02T04:45:00,Atelier Sud,53.0
2026-08-02T04:45:00,Siège Est,75.9
2026-08-02T04:45:00,Usine Nord,383.9
2026-08-02T05:00:00,Atelier Sud,74.4
2026-08-02T05:00:00,Siège Est,71.7
2026-08-02T05:00:00,Usine Nord,372.3
2026-08-02T05:15:00,Atelier Sud,49.4
2026-08-02T05:15:00,Siège Est,85.1
2026-08-02T05:15:00,Usine Nord,363.5
2026-08-02T05:30:00,Atelier Sud,111.3
2026-08-02T05:30:00,Siège Est,69.4
2026-08-02T05:30:00,Usine Nord,358.1
2026-08-02T05:45:00,Atelier Sud,55.3
2026-08-02T05:45:00,Siège Est,82.4
2026-08-02T05:45:00,Usine Nord,378.5
2026-08-02T06:00:00,Atelier Sud,62.9
2026-08-02T06:00:00,Siège Est,71.6
2026-08-02T06:00:00,Usine Nord,506.6
2026-08-02T06:15:00,Atelier Sud,90.2
2026-08-02T06:15:00,Siège Est,69.7
2026-08-02T06:15:00,Usine Nord,496.6
2026-08-02T06:30:00,Atelier Sud,88.2
2026-08-02T06:30:00,Siège Est,71.7
2026-08-02T06:30:00,Usine Nord,513.4
2026-08-02T06:45:00,Atelier Sud,86.3
2026-08-02T06:45:00,Siège Est,72.8
2026-08-02T06:45:00,Usine Nord,500.6
2026-08-02T07:00:00,Atelier Sud,91.6
2026-08-02T07:00:00,Siège Est,76.8
2026-08-02T07:00:00,Usine Nord,511.6
2026-08-02T07:15:00,Atelier Sud,88.7
2026-08-02T07:15:00,Siège Est,80.6
2026-08-02T07:15:00,Usine Nord,468.7
2026-08-02T07:30:00,Atelier Sud,69.6
2026-08-02T07:30:00,Siège Est,79.6
2026-08-02T07:30:00,Usine Nord,521.4
2026-08-02T07:45:00,Atelier Sud,67.0
2026-08-02T07:45:00,Siège Est,64.3
2026-08-02T07:45:00,Usine Nord,507.8
2026-08-02T08:00:00,Atelier Sud,49.0
2026-08-02T08:00:00,Siège Est,72.2
2026-08-02T08:00:00,Usine Nord,539.3
2026-08-02T08:15:00,Atelier Sud,73.9
2026-08-02T08:15:00,Siège Est,75.9
2026-08-02T08:15:00,Usine Nord,544.6
2026-08-02T08:30:00,Atelier Sud,70.4
2026-08-02T08:30:00,Siège Est,69.8
2026-08-02T08:30:00,Usine Nord,536.1
2026-08-02T08:45:00,Atelier Sud,85.5
2026-08-02T08:45:00,Siège Est,80.3
2026-08-02T08:45:00,Usine Nord,487.9
2026-08-02T09:00:00,Atelier Sud,60.5
2026-08-02T09:00:00,Siège Est,63.4
2026-08-02T09:00:00,Usine Nord,527.3
2026-08-02T09:15:00,Atelier Sud,43.4
2026-08-02T09:15:00,Siège Est,71.1
2026-08-02T09:15:00,Usine Nord,529.4
2026-08-02T09:30:00,Atelier Sud,54.9
2026-08-02T09:30:00,Siège Est,64.8
2026-08-02T09:30:00,Usine Nord,498.4
2026-08-02T09:45:00,Atelier Sud,15.0
2026-08-02T09:45:00,Siège Est,80.4
2026-08-02T09:45:00,Usine Nord,533.5
2026-08-02T10:00:00,Atelier Sud,20.2
2026-08-02T10:00:00,Siège Est,68.1
2026-08-02T10:00:00,Usine Nord,504.4
2026-08-02T10:15:00,Atelier Sud,18.3
2026-08-02T10:15:00,Siège Est,69.9
2026-08-02T10:15:00,Usine Nord,489.3
2026-08-02T10:30:00,Atelier Sud,15.0
2026-08-02T10:30:00,Siège Est,77.6
2026-08-02T10:30:00,Usine Nord,532.2
2026-08-02T10:45:00,Atelier Sud,34.0
2026-08-02T10:45:00,Siège Est,80.1
2026-08-02T10:45:00,Usine Nord,511.6
2026-08-02T11:00:00,Atelier Sud,32.4
2026-08-02T11:00:00,Siège Est,74.8
2026-08-02T11:00:00,Usine Nord,569.6
2026-08-02T11:15:00,Atelier Sud,16.8
2026-08-02T11:15:00,Siège Est,76.2
2026-08-02T11:15:00,Usine Nord,527.6
2026-08-02T11:30:00,Atelier Sud,15.0
2026-08-02T11:30:00,Siège Est,65.5
2026-08-02T11:30:00,Usine Nord,511.3
2026-08-02T11:45:00,Atelier Sud,21.0
2026-08-02T11:45:00,Siège Est,69.1
2026-08-02T11:45:00,Usine Nord,687.4
2026-08-02T12:00:00,Atelier Sud,38.3
2026-08-02T12:00:00,Siège Est,65.2
2026-08-02T12:00:00,Usine Nord,523.1
2026-08-02T12:15:00,Atelier Sud,22.0
2026-08-02T12:15:00,Siège Est,80.7
2026-08-02T12:15:00,Usine Nord,519.6
2026-08-02T12:30:00,Atelier Sud,15.0
2026-08-02T12:30:00,Siège Est,72.7
2026-08-02T12:30:00,Usine Nord,502.8
2026-08-02T12:45:00,Atelier Sud,30.7
2026-08-02T12:45:00,Siège Est,77.7
2026-08-02T12:45:00,Usine Nord,505.4
2026-08-02T13:00:00,Atelier Sud,39.3
2026-08-02T13:00:00,Siège Est,56.6
2026-08-02T13:00:00,Usine Nord,557.1
2026-08-02T13:15:00,Atelier Sud,15.0
2026-08-02T13:15:00,Siège Est,66.9
2026-08-02T13:15:00,Usine Nord,505.2
2026-08-02T13:30:00,Atelier Sud,15.0
2026-08-02T13:30:00,Siège Est,77.1
2026-08-02T13:30:00,Usine Nord,559.2
2026-08-02T13:45:00,Atelier Sud,15.0
2026-08-02T13:45:00,Siège Est,81.9
2026-08-02T13:45:00,Usine Nord,505.2
2026-08-02T14:00:00,Atelier Sud,16.9
2026-08-02T14:00:00,Siège Est,61.9
2026-08-02T14:00:00,Usine Nord,540.9
2026-08-02T14:15:00,Atelier Sud,15.0
2026-08-02T14:15:00,Siège Est,83.2
2026-08-02T14:15:00,Usine Nord,522.9
2026-08-02T14:30:00,Atelier Sud,25.4
2026-08-02T14:30:00,Siège Est,66.5
2026-08-02T14:30:00,Usine Nord,553.6
2026-08-02T14:45:00,Atelier Sud,53.5
2026-08-02T14:45:00,Siège Est,70.9
2026-08-02T14:45:00,Usine Nord,525.5
2026-08-02T15:00:00,Atelier Sud,15.0
2026-08-02T15:00:00,Siège Est,75.8
2026-08-02T15:00:00,Usine Nord,524.0
2026-08-02T15:15:00,Atelier Sud,57.4
2026-08-02T15:15:00,Siège Est,87.8
2026-08-02T15:15:00,Usine Nord,511.6
2026-08-02T15:30:00,Atelier Sud,15.0
2026-08-02T15:30:00,Siège Est,71.8
2026-08-02T15:30:00,Usine Nord,528.3
2026-08-02T15:45:00,Atelier Sud,20.6
2026-08-02T15:45:00,Siège Est,68.9
2026-08-02T15:45:00,Usine Nord,536.5
2026-08-02T16:00:00,Atelier Sud,42.8
2026-08-02T16:00:00,Siège Est,89.0
2026-08-02T16:00:00,Usine Nord,542.8
2026-08-02T16:15:00,Atelier Sud,35.3
2026-08-02T16:15:00,Siège Est,92.1
2026-08-02T16:15:00,Usine Nord,518.8
2026-08-02T16:30:00,Atelier Sud,50.6
2026-08-02T16:30:00,Siège Est,73.0
2026-08-02T16:30:00,Usine Nord,522.3
2026-08-02T16:45:00,Atelier Sud,63.5
2026-08-02T16:45:00,Siège Est,84.3
2026-08-02T16:45:00,Usine Nord,519.8
2026-08-02T17:00:00,Atelier Sud,51.2
2026-08-02T17:00:00,Siège Est,80.1
2026-08-02T17:00:00,Usine Nord,477.3
2026-08-02T17:15:00,Atelier Sud,63.8
2026-08-02T17:15:00,Siège Est,78.3
2026-08-02T17:15:00,Usine Nord,527.8
2026-08-02T17:30:00,Atelier Sud,78.8
2026-08-02T17:30:00,Siège Est,73.5
2026-08-02T17:30:00,Usine Nord,496.1
2026-08-02T17:45:00,Atelier Sud,62.1
2026-08-02T17:45:00,Siège Est,73.0
2026-08-02T17:45:00,Usine Nord,523.5
2026-08-02T18:00:00,Atelier Sud,82.1
2026-08-02T18:00:00,Siège Est,63.6
2026-08-02T18:00:00,Usine Nord,510.2
2026-08-02T18:15:00,Atelier Sud,89.6
2026-08-02T18:15:00,Siège Est,71.6
2026-08-02T18:15:00,Usine Nord,511.7
2026-08-02T18:30:00,Atelier Sud,84.6
2026-08-02T18:30:00,Siège Est,61.8
2026-08-02T18:30:00,Usine Nord,521.2
2026-08-02T18:45:00,Atelier Sud,78.0
2026-08-02T18:45:00,Siège Est,71.4
2026-08-02T18:45:00,Usine Nord,495.1
2026-08-02T19:00:00,Atelier Sud,77.6
2026-08-02T19:00:00,Siège Est,71.1
2026-08-02T19:00:00,Usine Nord,523.0
2026-08-02T19:15:00,Atelier Sud,88.3
2026-08-02T19:15:00,Siège Est,76.5
2026-08-02T19:15:00,Usine Nord,557.6
2026-08-02T19:30:00,Atelier Sud,89.2
2026-08-02T19:30:00,Siège Est,70.4
2026-08-02T19:30:00,Usine Nord,558.0
2026-08-02T19:45:00,Atelier Sud,62.9
2026-08-02T19:45:00,Siège Est,79.1
2026-08-02T19:45:00,Usine Nord,562.7
2026-08-02T20:00:00,Atelier Sud,69.2
2026-08-02T20:00:00,Siège Est,71.0
2026-08-02T20:00:00,Usine Nord,548.9
2026-08-02T20:15:00,Atelier Sud,91.8
2026-08-02T20:15:00,Siège Est,93.8
2026-08-02T20:15:00,Usine Nord,533.0
2026-08-02T20:30:00,Atelier Sud,76.7
2026-08-02T20:30:00,Siège Est,63.7
2026-08-02T20:30:00,Usine Nord,566.2
2026-08-02T20:45:00,Atelier Sud,54.2
2026-08-02T20:45:00,Siège Est,70.0
2026-08-02T20:45:00,Usine Nord,522.8
2026-08-02T21:00:00,Atelier Sud,72.9
2026-08-02T21:00:00,Siège Est,60.9
2026-08-02T21:00:00,Usine Nord,543.6
2026-08-02T21:15:00,Atelier Sud,81.6
2026-08-02T21:15:00,Siège Est,70.2
2026-08-02T21:15:00,Usine Nord,536.3
2026-08-02T21:30:00,Atelier Sud,78.0
2026-08-02T21:30:00,Siège Est,61.5
2026-08-02T21:30:00,Usine Nord,527.8
2026-08-02T21:45:00,Atelier Sud,71.9
2026-08-02T21:45:00,Siège Est,68.2
2026-08-02T21:45:00,Usine Nord,504.9
2026-08-02T22:00:00,Atelier Sud,68.6
2026-08-02T22:00:00,Siège Est,78.7
2026-08-02T22:00:00,Usine Nord,364.6
2026-08-02T22:15:00,Atelier Sud,66.6
2026-08-02T22:15:00,Siège Est,78.4
2026-08-02T22:15:00,Usine Nord,399.1
2026-08-02T22:30:00,Atelier Sud,54.8
2026-08-02T22:30:00,Siège Est,68.2
2026-08-02T22:30:00,Usine Nord,365.5
2026-08-02T22:45:00,Atelier Sud,77.8
2026-08-02T22:45:00,Siège Est,67.0
2026-08-02T22:45:00,Usine Nord,350.9
2026-08-02T23:00:00,Atelier Sud,75.8
2026-08-02T23:00:00,Siège Est,87.7
2026-08-02T23:00:00,Usine Nord,362.7
2026-08-02T23:15:00,Atelier Sud,60.6
2026-08-02T23:15:00,Siège Est,63.6
2026-08-02T23:15:00,Usine Nord,349.9
2026-08-02T23:30:00,Atelier Sud,60.1
2026-08-02T23:30:00,Siège Est,88.2
2026-08-02T23:30:00,Usine Nord,356.4
2026-08-02T23:45:00,Atelier Sud,60.8
2026-08-02T23:45:00,Siège Est,73.2
2026-08-02T23:45:00,Usine Nord,339.9
2026-08-03T00:00:00,Atelier Sud,66.0
2026-08-03T00:00:00,Siège Est,77.0
2026-08-03T00:00:00,Usine Nord,208.8
2026-08-03T00:15:00,Atelier Sud,95.5
2026-08-03T00:15:00,Siège Est,66.4
2026-08-03T00:15:00,Usine Nord,169.7
2026-08-03T00:30:00,Atelier Sud,72.6
2026-08-03T00:30:00,Siège Est,77.9
2026-08-03T00:30:00,Usine Nord,188.3
2026-08-03T00:45:00,Atelier Sud,78.2
2026-08-03T00:45:00,Siège Est,76.8
2026-08-03T00:45:00,Usine Nord,196.2
2026-08-03T01:00:00,Atelier Sud,71.5
2026-08-03T01:00:00,Siège Est,73.3
2026-08-03T01:00:00,Usine Nord,147.9
2026-08-03T01:15:00,Atelier Sud,72.6
2026-08-03T01:15:00,Siège Est,65.4
2026-08-03T01:15:00,Usine Nord,226.8
2026-08-03T01:30:00,Atelier Sud,69.1
2026-08-03T01:30:00,Siège Est,84.1
2026-08-03T01:30:00,Usine Nord,223.7
2026-08-03T01:45:00,Atelier Sud,46.9
2026-08-03T01:45:00,Siège Est,76.4
2026-08-03T01:45:00,Usine Nord,146.8
2026-08-03T02:00:00,Atelier Sud,86.0
2026-08-03T02:00:00,Siège Est,76.9
2026-08-03T02:00:00,Usine Nord,233.1
2026-08-03T02:15:00,Atelier Sud,79.9
2026-08-03T02:15:00,Siège Est,88.2
2026-08-03T02:15:00,Usine Nord,178.9
2026-08-03T02:30:00,Atelier Sud,78.9
2026-08-03T02:30:00,Siège Est,67.3
2026-08-03T02:30:00,Usine Nord,178.8
2026-08-03T02:45:00,Atelier Sud,78.2
2026-08-03T02:45:00,Siège Est,75.4
2026-08-03T02:45:00,Usine Nord,178.3
2026-08-03T03:00:00,Atelier Sud,85.7
2026-08-03T03:00:00,Siège Est,84.4
2026-08-03T03:00:00,Usine Nord,186.6
2026-08-03T03:15:00,Atelier Sud,65.0
2026-08-03T03:15:00,Siège Est,82.4
2026-08-03T03:15:00,Usine Nord,158.6
2026-08-03T03:30:00,Atelier Sud,81.3
2026-08-03T03:30:00,Siège Est,71.2
2026-08-03T03:30:00,Usine Nord,190.7
2026-08-03T03:45:00,Atelier Sud,107.1
2026-08-03T03:45:00,Siège Est,74.5
2026-08-03T03:45:00,Usine Nord,154.5
2026-08-03T04:00:00,Atelier Sud,92.5
2026-08-03T04:00:00,Siège Est,58.2
2026-08-03T04:00:00,Usine Nord,210.4
2026-08-03T04:15:00,Atelier Sud,75.7
2026-08-03T04:15:00,Siège Est,80.9
2026-08-03T04:15:00,Usine Nord,177.5
2026-08-03T04:30:00,Atelier Sud,49.6
2026-08-03T04:30:00,Siège Est,77.3
2026-08-03T04:30:00,Usine Nord,151.2
2026-08-03T04:45:00,Atelier Sud,36.0
2026-08-03T04:45:00,Siège Est,60.4
2026-08-03T04:45:00,Usine Nord,183.8
2026-08-03T05:00:00,Atelier Sud,64.4
2026-08-03T05:00:00,Siège Est,71.9
2026-08-03T05:00:00,Usine Nord,155.1
2026-08-03T05:15:00,Atelier Sud,79.5
2026-08-03T05:15:00,Siège Est,77.6
2026-08-03T05:15:00,Usine Nord,203.7
2026-08-03T05:30:00,Atelier Sud,65.6
2026-08-03T05:30:00,Siège Est,91.2
2026-08-03T05:30:00,Usine Nord,234.3
2026-08-03T05:45:00,Atelier Sud,76.7
2026-08-03T05:45:00,Siège Est,71.6
2026-08-03T05:45:00,Usine Nord,126.6
2026-08-03T06:00:00,Atelier Sud,79.3
2026-08-03T06:00:00,Siège Est,76.2
2026-08-03T06:00:00,Usine Nord,168.4
2026-08-03T06:15:00,Atelier Sud,108.2
2026-08-03T06:15:00,Siège Est,81.3
2026-08-03T06:15:00,Usine Nord,159.2
2026-08-03T06:30:00,Atelier Sud,137.3
2026-08-03T06:30:00,Siège Est,71.3
2026-08-03T06:30:00,Usine Nord,168.8
2026-08-03T06:45:00,Atelier Sud,147.4
2026-08-03T06:45:00,Siège Est,59.1
2026-08-03T06:45:00,Usine Nord,148.4
2026-08-03T07:00:00,Atelier Sud,159.7
2026-08-03T07:00:00,Siège Est,65.5
2026-08-03T07:00:00,Usine Nord,183.3
2026-08-03T07:15:00,Atelier Sud,178.4
2026-08-03T07:15:00,Siège Est,89.8
2026-08-03T07:15:00,Usine Nord,159.8
2026-08-03T07:30:00,Atelier Sud,186.7
2026-08-03T07:30:00,Siège Est,86.3
2026-08-03T07:30:00,Usine Nord,193.3
2026-08-03T07:45:00,Atelier Sud,246.0
2026-08-03T07:45:00,Siège Est,85.7
2026-08-03T07:45:00,Usine Nord,207.9
2026-08-03T08:00:00,Atelier Sud,246.9
2026-08-03T08:00:00,Siège Est,254.4
2026-08-03T08:00:00,Usine Nord,155.0
2026-08-03T08:15:00,Atelier Sud,246.6
2026-08-03T08:15:00,Siège Est,249.2
2026-08-03T08:15:00,Usine Nord,167.4
2026-08-03T08:30:00,Atelier Sud,247.3
2026-08-03T08:30:00,Siège Est,264.0
2026-08-03T08:30:00,Usine Nord,177.0
2026-08-03T08:45:00,Atelier Sud,247.1
2026-08-03T08:45:00,Siège Est,247.2
2026-08-03T08:45:00,Usine Nord,114.7
2026-08-03T09:00:00,Atelier Sud,285.2
2026-08-03T09:00:00,Siège Est,260.9
2026-08-03T09:00:00,Usine Nord,159.1
2026-08-03T09:15:00,Atelier Sud,308.4
2026-08-03T09:15:00,Siège Est,254.2
2026-08-03T09:15:00,Usine Nord,222.3
2026-08-03T09:30:00,Atelier Sud,322.3
2026-08-03T09:30:00,Siège Est,252.7
2026-08-03T09:30:00,Usine Nord,170.3
2026-08-03T09:45:00,Atelier Sud,314.8
2026-08-03T09:45:00,Siège Est,249.1
2026-08-03T09:45:00,Usine Nord,210.7
2026-08-03T10:00:00,Atelier Sud,336.2
2026-08-03T10:00:00,Siège Est,254.0
2026-08-03T10:00:00,Usine Nord,170.0
2026-08-03T10:15:00,Atelier Sud,346.8
2026-08-03T10:15:00,Siège Est,239.7
2026-08-03T10:15:00,Usine Nord,205.4
2026-08-03T10:30:00,Atelier Sud,348.9
2026-08-03T10:30:00,Siège Est,252.1
2026-08-03T10:30:00,Usine Nord,223.9
2026-08-03T10:45:00,Atelier Sud,332.3
2026-08-03T10:45:00,Siège Est,236.1
2026-08-03T10:45:00,Usine Nord,167.9
2026-08-03T11:00:00,Atelier Sud,308.6
2026-08-03T11:00:00,Siège Est,245.8
2026-08-03T11:00:00,Usine Nord,223.6
2026-08-03T11:15:00,Atelier Sud,392.2
2026-08-03T11:15:00,Siège Est,241.5
2026-08-03T11:15:00,Usine Nord,199.6
2026-08-03T11:30:00,Atelier Sud,309.6
2026-08-03T11:30:00,Siège Est,242.3
2026-08-03T11:30:00,Usine Nord,179.5
2026-08-03T11:45:00,Atelier Sud,409.1
2026-08-03T11:45:00,Siège Est,253.3
2026-08-03T11:45:00,Usine Nord,211.0
2026-08-03T12:00:00,Atelier Sud,295.7
2026-08-03T12:00:00,Siège Est,233.4
2026-08-03T12:00:00,Usine Nord,139.3
2026-08-03T12:15:00,Atelier Sud,321.5
2026-08-03T12:15:00,Siège Est,255.1
2026-08-03T12:15:00,Usine Nord,232.1
2026-08-03T12:30:00,Atelier Sud,302.3
2026-08-03T12:30:00,Siège Est,252.2
2026-08-03T12:30:00,Usine Nord,175.1
2026-08-03T12:45:00,Atelier Sud,299.2
2026-08-03T12:45:00,Siège Est,254.5
2026-08-03T12:45:00,Usine Nord,160.6
2026-08-03T13:00:00,Atelier Sud,389.7
2026-08-03T13:00:00,Siège Est,264.1
2026-08-03T13:00:00,Usine Nord,152.3
2026-08-03T13:15:00,Atelier Sud,344.8
2026-08-03T13:15:00,Siège Est,251.7
2026-08-03T13:15:00,Usine Nord,160.7
2026-08-03T13:30:00,Atelier Sud,263.8
2026-08-03T13:30:00,Siège Est,270.6
2026-08-03T13:30:00,Usine Nord,214.2
2026-08-03T13:45:00,Atelier Sud,338.9
2026-08-03T13:45:00,Siège Est,256.6
2026-08-03T13:45:00,Usine Nord,180.8
2026-08-03T14:00:00,Atelier Sud,278.4
2026-08-03T14:00:00,Siège Est,248.8
2026-08-03T14:00:00,Usine Nord,205.3
2026-08-03T14:15:00,Atelier Sud,309.8
2026-08-03T14:15:00,Siège Est,253.2
2026-08-03T14:15:00,Usine Nord,190.5
2026-08-03T14:30:00,Atelier Sud,237.8
2026-08-03T14:30:00,Siège Est,260.1
2026-08-03T14:30:00,Usine Nord,208.4
2026-08-03T14:45:00,Atelier Sud,292.4
2026-08-03T14:45:00,Siège Est,240.9
2026-08-03T14:45:00,Usine Nord,161.1
2026-08-03T15:00:00,Atelier Sud,238.4
2026-08-03T15:00:00,Siège Est,255.6
2026-08-03T15:00:00,Usine Nord,161.8
2026-08-03T15:15:00,Atelier Sud,252.8
2026-08-03T15:15:00,Siège Est,249.1
2026-08-03T15:15:00,Usine Nord,119.3
2026-08-03T15:30:00,Atelier Sud,205.7
2026-08-03T15:30:00,Siège Est,254.4
2026-08-03T15:30:00,Usine Nord,199.2
2026-08-03T15:45:00,Atelier Sud,226.1
2026-08-03T15:45:00,Siège Est,247.6
2026-08-03T15:45:00,Usine Nord,224.6
2026-08-03T16:00:00,Atelier Sud,178.9
2026-08-03T16:00:00,Siège Est,259.9
2026-08-03T16:00:00,Usine Nord,147.8
2026-08-03T16:15:00,Atelier Sud,146.5
2026-08-03T16:15:00,Siège Est,262.2
2026-08-03T16:15:00,Usine Nord,150.7
2026-08-03T16:30:00,Atelier Sud,153.0
2026-08-03T16:30:00,Siège Est,251.6
2026-08-03T16:30:00,Usine Nord,187.2
2026-08-03T16:45:00,Atelier Sud,152.1
2026-08-03T16:45:00,Siège Est,254.1
2026-08-03T16:45:00,Usine Nord,163.9
2026-08-03T17:00:00,Atelier Sud,115.2
2026-08-03T17:00:00,Siège Est,258.3
2026-08-03T17:00:00,Usine Nord,186.8
2026-08-03T17:15:00,Atelier Sud,110.7
2026-08-03T17:15:00,Siège Est,259.2
2026-08-03T17:15:00,Usine Nord,223.2
2026-08-03T17:30:00,Atelier Sud,79.7
2026-08-03T17:30:00,Siège Est,249.8
2026-08-03T17:30:00,Usine Nord,171.1
2026-08-03T17:45:00,Atelier Sud,70.7
2026-08-03T17:45:00,Siège Est,260.5
2026-08-03T17:45:00,Usine Nord,178.5
2026-08-03T18:00:00,Atelier Sud,94.6
2026-08-03T18:00:00,Siège Est,246.3
2026-08-03T18:00:00,Usine Nord,185.9
2026-08-03T18:15:00,Atelier Sud,53.4
2026-08-03T18:15:00,Siège Est,249.2
2026-08-03T18:15:00,Usine Nord,141.8
2026-08-03T18:30:00,Atelier Sud,78.8
2026-08-03T18:30:00,Siège Est,252.9
2026-08-03T18:30:00,Usine Nord,151.7
2026-08-03T18:45:00,Atelier Sud,110.9
2026-08-03T18:45:00,Siège Est,244.8
2026-08-03T18:45:00,Usine Nord,160.5
2026-08-03T19:00:00,Atelier Sud,88.5
2026-08-03T19:00:00,Siège Est,65.1
2026-08-03T19:00:00,Usine Nord,202.0
2026-08-03T19:15:00,Atelier Sud,79.5
2026-08-03T19:15:00,Siège Est,77.4
2026-08-03T19:15:00,Usine Nord,206.5
2026-08-03T19:30:00,Atelier Sud,67.0
2026-08-03T19:30:00,Siège Est,78.3
2026-08-03T19:30:00,Usine Nord,151.7
2026-08-03T19:45:00,Atelier Sud,101.2
2026-08-03T19:45:00,Siège Est,79.6
2026-08-03T19:45:00,Usine Nord,177.2
2026-08-03T20:00:00,Atelier Sud,70.2
2026-08-03T20:00:00,Siège Est,61.4
2026-08-03T20:00:00,Usine Nord,213.7
2026-08-03T20:15:00,Atelier Sud,72.9
2026-08-03T20:15:00,Siège Est,81.7
2026-08-03T20:15:00,Usine Nord,224.7
2026-08-03T20:30:00,Atelier Sud,47.7
2026-08-03T20:30:00,Siège Est,61.2
2026-08-03T20:30:00,Usine Nord,204.1
2026-08-03T20:45:00,Atelier Sud,74.7
2026-08-03T20:45:00,Siège Est,81.6
2026-08-03T20:45:00,Usine Nord,214.3
2026-08-03T21:00:00,Atelier Sud,78.3
2026-08-03T21:00:00,Siège Est,87.1
2026-08-03T21:00:00,Usine Nord,130.3
2026-08-03T21:15:00,Atelier Sud,46.7
2026-08-03T21:15:00,Siège Est,70.3
2026-08-03T21:15:00,Usine Nord,172.8
2026-08-03T21:30:00,Atelier Sud,74.6
2026-08-03T21:30:00,Siège Est,84.7
2026-08-03T21:30:00,Usine Nord,191.4
2026-08-03T21:45:00,Atelier Sud,77.5
2026-08-03T21:45:00,Siège Est,62.1
2026-08-03T21:45:00,Usine Nord,180.1
2026-08-03T22:00:00,Atelier Sud,75.8
2026-08-03T22:00:00,Siège Est,79.7
2026-08-03T22:00:00,Usine Nord,202.4
2026-08-03T22:15:00,Atelier Sud,53.4
2026-08-03T22:15:00,Siège Est,58.8
2026-08-03T22:15:00,Usine Nord,213.5
2026-08-03T22:30:00,Atelier Sud,65.3
2026-08-03T22:30:00,Siège Est,74.2
2026-08-03T22:30:00,Usine Nord,203.0
2026-08-03T22:45:00,Atelier Sud,89.2
2026-08-03T22:45:00,Siège Est,69.5
2026-08-03T22:45:00,Usine Nord,151.9
2026-08-03T23:00:00,Atelier Sud,80.4
2026-08-03T23:00:00,Siège Est,69.7
2026-08-03T23:00:00,Usine Nord,149.8
2026-08-03T23:15:00,Atelier Sud,52.5
2026-08-03T23:15:00,Siège Est,71.7
2026-08-03T23:15:00,Usine Nord,151.0
2026-08-03T23:30:00,Atelier Sud,74.8
2026-08-03T23:30:00,Siège Est,71.9
2026-08-03T23:30:00,Usine Nord,209.0
2026-08-03T23:45:00,Atelier Sud,45.1
2026-08-03T23:45:00,Siège Est,70.8
2026-08-03T23:45:00,Usine Nord,160.3
2026-08-04T00:00:00,Atelier Sud,78.9
2026-08-04T00:00:00,Siège Est,77.6
2026-08-04T00:00:00,Usine Nord,204.2
2026-08-04T00:15:00,Atelier Sud,88.8
2026-08-04T00:15:00,Siège Est,73.6
2026-08-04T00:15:00,Usine Nord,190.4
2026-08-04T00:30:00,Atelier Sud,102.9
2026-08-04T00:30:00,Siège Est,72.0
2026-08-04T00:30:00,Usine Nord,151.3
2026-08-04T00:45:00,Atelier Sud,64.0
2026-08-04T00:45:00,Siège Est,67.8
2026-08-04T00:45:00,Usine Nord,165.1
2026-08-04T01:00:00,Atelier Sud,70.2
2026-08-04T01:00:00,Siège Est,54.5
2026-08-04T01:00:00,Usine Nord,180.3
2026-08-04T01:15:00,Atelier Sud,69.0
2026-08-04T01:15:00,Siège Est,66.0
2026-08-04T01:15:00,Usine Nord,165.8
2026-08-04T01:30:00,Atelier Sud,58.4
2026-08-04T01:30:00,Siège Est,86.5
2026-08-04T01:30:00,Usine Nord,142.0
2026-08-04T01:45:00,Atelier Sud,57.9
2026-08-04T01:45:00,Siège Est,55.9
2026-08-04T01:45:00,Usine Nord,217.8
2026-08-04T02:00:00,Atelier Sud,77.9
2026-08-04T02:00:00,Siège Est,68.3
2026-08-04T02:00:00,Usine Nord,189.8
2026-08-04T02:15:00,Atelier Sud,62.3
2026-08-04T02:15:00,Siège Est,69.0
2026-08-04T02:15:00,Usine Nord,143.5
2026-08-04T02:30:00,Atelier Sud,69.2
2026-08-04T02:30:00,Siège Est,75.6
2026-08-04T02:30:00,Usine Nord,199.4
2026-08-04T02:45:00,Atelier Sud,63.2
2026-08-04T02:45:00,Siège Est,72.1
2026-08-04T02:45:00,Usine Nord,168.9
2026-08-04T03:00:00,Atelier Sud,62.3
2026-08-04T03:00:00,Siège Est,84.4
2026-08-04T03:00:00,Usine Nord,173.9
2026-08-04T03:15:00,Atelier Sud,56.1
2026-08-04T03:15:00,Siège Est,79.9
2026-08-04T03:15:00,Usine Nord,160.9
2026-08-04T03:30:00,Atelier Sud,64.3
2026-08-04T03:30:00,Siège Est,68.2
2026-08-04T03:30:00,Usine Nord,169.0
2026-08-04T03:45:00,Atelier Sud,84.2
2026-08-04T03:45:00,Siège Est,61.6
2026-08-04T03:45:00,Usine Nord,182.2
2026-08-04T04:00:00,Atelier Sud,89.6
2026-08-04T04:00:00,Siège Est,79.8
2026-08-04T04:00:00,Usine Nord,172.1
2026-08-04T04:15:00,Atelier Sud,98.4
2026-08-04T04:15:00,Siège Est,81.4
2026-08-04T04:15:00,Usine Nord,233.7
2026-08-04T04:30:00,Atelier Sud,47.9
2026-08-04T04:30:00,Siège Est,85.9
2026-08-04T04:30:00,Usine Nord,163.7
2026-08-04T04:45:00,Atelier Sud,53.1
2026-08-04T04:45:00,Siège Est,84.1
2026-08-04T04:45:00,Usine Nord,115.9
2026-08-04T05:00:00,Atelier Sud,82.3
2026-08-04T05:00:00,Siège Est,75.0
2026-08-04T05:00:00,Usine Nord,179.6
2026-08-04T05:15:00,Atelier Sud,78.9
2026-08-04T05:15:00,Siège Est,77.2
2026-08-04T05:15:00,Usine Nord,182.0
2026-08-04T05:30:00,Atelier Sud,60.9
2026-08-04T05:30:00,Siège Est,68.0
2026-08-04T05:30:00,Usine Nord,199.1
2026-08-04T05:45:00,Atelier Sud,79.9
2026-08-04T05:45:00,Siège Est,72.7
2026-08-04T05:45:00,Usine Nord,192.0
2026-08-04T06:00:00,Atelier Sud,71.4
2026-08-04T06:00:00,Siège Est,90.0
2026-08-04T06:00:00,Usine Nord,200.6
2026-08-04T06:15:00,Atelier Sud,73.0
2026-08-04T06:15:00,Siège Est,73.7
2026-08-04T06:15:00,Usine Nord,220.2
2026-08-04T06:30:00,Atelier Sud,124.2
2026-08-04T06:30:00,Siège Est,62.2
2026-08-04T06:30:00,Usine Nord,170.7
2026-08-04T06:45:00,Atelier Sud,144.2
2026-08-04T06:45:00,Siège Est,71.8
2026-08-04T06:45:00,Usine Nord,205.4
2026-08-04T07:00:00,Atelier Sud,164.4
2026-08-04T07:00:00,Siège Est,73.6
2026-08-04T07:00:00,Usine Nord,176.3
2026-08-04T07:15:00,Atelier Sud,180.7
2026-08-04T07:15:00,Siège Est,67.9
2026-08-04T07:15:00,Usine Nord,169.8
2026-08-04T07:30:00,Atelier Sud,177.1
2026-08-04T07:30:00,Siège Est,63.8
2026-08-04T07:30:00,Usine Nord,221.9
2026-08-04T07:45:00,Atelier Sud,214.9
2026-08-04T07:45:00,Siège Est,84.1
2026-08-04T07:45:00,Usine Nord,212.8
2026-08-04T08:00:00,Atelier Sud,225.8
2026-08-04T08:00:00,Siège Est,247.0
2026-08-04T08:00:00,Usine Nord,132.8
2026-08-04T08:15:00,Atelier Sud,254.7
2026-08-04T08:15:00,Siège Est,250.3
2026-08-04T08:15:00,Usine Nord,194.1
2026-08-04T08:30:00,Atelier Sud,248.4
2026-08-04T08:30:00,Siège Est,259.6
2026-08-04T08:30:00,Usine Nord,192.0
2026-08-04T08:45:00,Atelier Sud,277.9
2026-08-04T08:45:00,Siège Est,256.0
2026-08-04T08:45:00,Usine Nord,153.2
2026-08-04T09:00:00,Atelier Sud,272.7
2026-08-04T09:00:00,Siège Est,241.3
2026-08-04T09:00:00,Usine Nord,167.2
2026-08-04T09:15:00,Atelier Sud,249.8
2026-08-04T09:15:00,Siège Est,241.8
2026-08-04T09:15:00,Usine Nord,177.4
2026-08-04T09:30:00,Atelier Sud,319.0
2026-08-04T09:30:00,Siège Est,260.3
2026-08-04T09:30:00,Usine Nord,169.3
2026-08-04T09:45:00,Atelier Sud,302.6
2026-08-04T09:45:00,Siège Est,248.0
2026-08-04T09:45:00,Usine Nord,204.2
2026-08-04T10:00:00,Atelier Sud,321.8
2026-08-04T10:00:00,Siège Est,263.6
2026-08-04T10:00:00,Usine Nord,191.3
2026-08-04T10:15:00,Atelier Sud,279.3
2026-08-04T10:15:00,Siège Est,277.5
2026-08-04T10:15:00,Usine Nord,117.3
2026-08-04T10:30:00,Atelier Sud,297.8
2026-08-04T10:30:00,Siège Est,242.6
2026-08-04T10:30:00,Usine Nord,120.8
2026-08-04T10:45:00,Atelier Sud,371.6
2026-08-04T10:45:00,Siège Est,251.5
2026-08-04T10:45:00,Usine Nord,142.8
2026-08-04T11:00:00,Atelier Sud,341.0
2026-08-04T11:00:00,Siège Est,243.1
2026-08-04T11:00:00,Usine Nord,178.1
2026-08-04T11:15:00,Atelier Sud,347.9
2026-08-04T11:15:00,Siège Est,262.4
2026-08-04T11:15:00,Usine Nord,174.2
2026-08-04T11:30:00,Atelier Sud,354.6
2026-08-04T11:30:00,Siège Est,250.9
2026-08-04T11:30:00,Usine Nord,219.5
2026-08-04T11:45:00,Atelier Sud,375.8
2026-08-04T11:45:00,Siège Est,280.0
2026-08-04T11:45:00,Usine Nord,195.7
2026-08-04T12:00:00,Atelier Sud,322.7
2026-08-04T12:00:00,Siège Est,259.8
2026-08-04T12:00:00,Usine Nord,210.9
2026-08-04T12:15:00,Atelier Sud,366.8
2026-08-04T12:15:00,Siège Est,254.0
2026-08-04T12:15:00,Usine Nord,151.4
2026-08-04T12:30:00,Atelier Sud,302.6
2026-08-04T12:30:00,Siège Est,241.0
2026-08-04T12:30:00,Usine Nord,197.4
2026-08-04T12:45:00,Atelier Sud,305.4
2026-08-04T12:45:00,Siège Est,255.2
2026-08-04T12:45:00,Usine Nord,142.5
2026-08-04T13:00:00,Atelier Sud,347.1
2026-08-04T13:00:00,Siège Est,254.6
2026-08-04T13:00:00,Usine Nord,224.2
2026-08-04T13:15:00,Atelier Sud,273.9
2026-08-04T13:15:00,Siège Est,239.6
2026-08-04T13:15:00,Usine Nord,208.3
2026-08-04T13:30:00,Atelier Sud,366.7
2026-08-04T13:30:00,Siège Est,245.4
2026-08-04T13:30:00,Usine Nord,203.8
2026-08-04T13:45:00,Atelier Sud,265.7
2026-08-04T13:45:00,Siège Est,264.8
2026-08-04T13:45:00,Usine Nord,220.7
2026-08-04T14:00:00,Atelier Sud,273.7
2026-08-04T14:00:00,Siège Est,259.4
2026-08-04T14:00:00,Usine Nord,198.4
2026-08-04T14:15:00,Atelier Sud,237.4
2026-08-04T14:15:00,Siège Est,241.8
2026-08-04T14:15:00,Usine Nord,182.0
2026-08-04T14:30:00,Atelier Sud,248.3
2026-08-04T14:30:00,Siège Est,253.2
2026-08-04T14:30:00,Usine Nord,150.6
2026-08-04T14:45:00,Atelier Sud,254.0
2026-08-04T14:45:00,Siège Est,256.1
2026-08-04T14:45:00,Usine Nord,202.9
2026-08-04T15:00:00,Atelier Sud,276.9
2026-08-04T15:00:00,Siège Est,250.2
2026-08-04T15:00:00,Usine Nord,190.6
2026-08-04T15:15:00,Atelier Sud,216.1
2026-08-04T15:15:00,Siège Est,266.2
2026-08-04T15:15:00,Usine Nord,184.6
2026-08-04T15:30:00,Atelier Sud,220.4
2026-08-04T15:30:00,Siège Est,249.3
2026-08-04T15:30:00,Usine Nord,199.7
2026-08-04T15:45:00,Atelier Sud,188.8
2026-08-04T15:45:00,Siège Est,235.9
2026-08-04T15:45:00,Usine Nord,181.1
2026-08-04T16:00:00,Atelier Sud,222.7
2026-08-04T16:00:00,Siège Est,261.4
2026-08-04T16:00:00,Usine Nord,171.3
2026-08-04T16:15:00,Atelier Sud,195.7
2026-08-04T16:15:00,Siège Est,250.1
2026-08-04T16:15:00,Usine Nord,158.0
2026-08-04T16:30:00,Atelier Sud,156.8
2026-08-04T16:30:00,Siège Est,235.1
2026-08-04T16:30:00,Usine Nord,207.9
2026-08-04T16:45:00,Atelier Sud,128.1
2026-08-04T16:45:00,Siège Est,251.5
2026-08-04T16:45:00,Usine Nord,164.7
2026-08-04T17:00:00,Atelier Sud,128.9
2026-08-04T17:00:00,Siège Est,264.8
2026-08-04T17:00:00,Usine Nord,165.3
2026-08-04T17:15:00,Atelier Sud,139.3
2026-08-04T17:15:00,Siège Est,255.3
2026-08-04T17:15:00,Usine Nord,166.2
2026-08-04T17:30:00,Atelier Sud,95.7
2026-08-04T17:30:00,Siège Est,261.3
2026-08-04T17:30:00,Usine Nord,203.1
2026-08-04T17:45:00,Atelier Sud,90.9
2026-08-04T17:45:00,Siège Est,243.9
2026-08-04T17:45:00,Usine Nord,188.8
2026-08-04T18:00:00,Atelier Sud,66.6
2026-08-04T18:00:00,Siège Est,257.0
2026-08-04T18:00:00,Usine Nord,166.7
2026-08-04T18:15:00,Atelier Sud,64.0
2026-08-04T18:15:00,Siège Est,252.3
2026-08-04T18:15:00,Usine Nord,152.5
2026-08-04T18:30:00,Atelier Sud,70.0
2026-08-04T18:30:00,Siège Est,254.6
2026-08-04T18:30:00,Usine Nord,170.7
2026-08-04T18:45:00,Atelier Sud,41.3
2026-08-04T18:45:00,Siège Est,248.7
2026-08-04T18:45:00,Usine Nord,165.8
2026-08-04T19:00:00,Atelier Sud,73.3
2026-08-04T19:00:00,Siège Est,80.0
2026-08-04T19:00:00,Usine Nord,153.7
2026-08-04T19:15:00,Atelier Sud,74.5
2026-08-04T19:15:00,Siège Est,86.5
2026-08-04T19:15:00,Usine Nord,166.3
2026-08-04T19:30:00,Atelier Sud,52.1
2026-08-04T19:30:00,Siège Est,92.0
2026-08-04T19:30:00,Usine Nord,179.2
2026-08-04T19:45:00,Atelier Sud,67.1
2026-08-04T19:45:00,Siège Est,70.7
2026-08-04T19:45:00,Usine Nord,154.9
2026-08-04T20:00:00,Atelier Sud,71.7
2026-08-04T20:00:00,Siège Est,77.0
2026-08-04T20:00:00,Usine Nord,175.0
2026-08-04T20:15:00,Atelier Sud,54.4
2026-08-04T20:15:00,Siège Est,70.0
2026-08-04T20:15:00,Usine Nord,149.1
2026-08-04T20:30:00,Atelier Sud,70.4
2026-08-04T20:30:00,Siège Est,77.1
2026-08-04T20:30:00,Usine Nord,173.5
2026-08-04T20:45:00,Atelier Sud,80.6
2026-08-04T20:45:00,Siège Est,65.4
2026-08-04T20:45:00,Usine Nord,205.0
2026-08-04T21:00:00,Atelier Sud,80.1
2026-08-04T21:00:00,Siège Est,81.1
2026-08-04T21:00:00,Usine Nord,223.1
2026-08-04T21:15:00,Atelier Sud,71.2
2026-08-04T21:15:00,Siège Est,89.3
2026-08-04T21:15:00,Usine Nord,167.0
2026-08-04T21:30:00,Atelier Sud,93.0
2026-08-04T21:30:00,Siège Est,70.8
2026-08-04T21:30:00,Usine Nord,190.8
2026-08-04T21:45:00,Atelier Sud,83.3
2026-08-04T21:45:00,Siège Est,81.7
2026-08-04T21:45:00,Usine Nord,187.3
2026-08-04T22:00:00,Atelier Sud,61.6
2026-08-04T22:00:00,Siège Est,79.7
2026-08-04T22:00:00,Usine Nord,173.9
2026-08-04T22:15:00,Atelier Sud,71.6
2026-08-04T22:15:00,Siège Est,76.9
2026-08-04T22:15:00,Usine Nord,128.1
2026-08-04T22:30:00,Atelier Sud,92.4
2026-08-04T22:30:00,Siège Est,79.7
2026-08-04T22:30:00,Usine Nord,138.2
2026-08-04T22:45:00,Atelier Sud,78.3
2026-08-04T22:45:00,Siège Est,71.8
2026-08-04T22:45:00,Usine Nord,149.0
2026-08-04T23:00:00,Atelier Sud,68.2
2026-08-04T23:00:00,Siège Est,77.9
2026-08-04T23:00:00,Usine Nord,147.6
2026-08-04T23:15:00,Atelier Sud,82.3
2026-08-04T23:15:00,Siège Est,81.0
2026-08-04T23:15:00,Usine Nord,165.4
2026-08-04T23:30:00,Atelier Sud,72.5
2026-08-04T23:30:00,Siège Est,71.3
2026-08-04T23:30:00,Usine Nord,157.7
2026-08-04T23:45:00,Atelier Sud,61.6
2026-08-04T23:45:00,Siège Est,85.2
2026-08-04T23:45:00,Usine Nord,167.5
2026-08-05T00:00:00,Atelier Sud,61.8
2026-08-05T00:00:00,Siège Est,79.8
2026-08-05T00:00:00,Usine Nord,205.4
2026-08-05T00:15:00,Atelier Sud,65.2
2026-08-05T00:15:00,Siège Est,74.4
2026-08-05T00:15:00,Usine Nord,154.8
2026-08-05T00:30:00,Atelier Sud,43.2
2026-08-05T00:30:00,Siège Est,77.9
2026-08-05T00:30:00,Usine Nord,245.4
2026-08-05T00:45:00,Atelier Sud,64.8
2026-08-05T00:45:00,Siège Est,82.2
2026-08-05T00:45:00,Usine Nord,174.7
2026-08-05T01:00:00,Atelier Sud,57.6
2026-08-05T01:00:00,Siège Est,83.1
2026-08-05T01:00:00,Usine Nord,181.3
2026-08-05T01:15:00,Atelier Sud,64.9
2026-08-05T01:15:00,Siège Est,57.4
2026-08-05T01:15:00,Usine Nord,179.8
2026-08-05T01:30:00,Atelier Sud,64.4
2026-08-05T01:30:00,Siège Est,80.0
2026-08-05T01:30:00,Usine Nord,165.4
2026-08-05T01:45:00,Atelier Sud,75.0
2026-08-05T01:45:00,Siège Est,81.0
2026-08-05T01:45:00,Usine Nord,176.7
2026-08-05T02:00:00,Atelier Sud,68.4
2026-08-05T02:00:00,Siège Est,66.9
2026-08-05T02:00:00,Usine Nord,132.8
2026-08-05T02:15:00,Atelier Sud,66.0
2026-08-05T02:15:00,Siège Est,87.8
2026-08-05T02:15:00,Usine Nord,142.7
2026-08-05T02:30:00,Atelier Sud,71.1
2026-08-05T02:30:00,Siège Est,85.2
2026-08-05T02:30:00,Usine Nord,193.8
2026-08-05T02:45:00,Atelier Sud,73.7
2026-08-05T02:45:00,Siège Est,89.6
2026-08-05T02:45:00,Usine Nord,188.5
2026-08-05T03:00:00,Atelier Sud,61.8
2026-08-05T03:00:00,Siège Est,86.2
2026-08-05T03:00:00,Usine Nord,215.1
2026-08-05T03:15:00,Atelier Sud,62.2
2026-08-05T03:15:00,Siège Est,91.8
2026-08-05T03:15:00,Usine Nord,131.5
2026-08-05T03:30:00,Atelier Sud,68.6
2026-08-05T03:30:00,Siège Est,69.5
2026-08-05T03:30:00,Usine Nord,203.0
2026-08-05T03:45:00,Atelier Sud,73.9
2026-08-05T03:45:00,Siège Est,73.2
2026-08-05T03:45:00,Usine Nord,191.9
2026-08-05T04:00:00,Atelier Sud,75.3
2026-08-05T04:00:00,Siège Est,68.5
2026-08-05T04:00:00,Usine Nord,164.8
2026-08-05T04:15:00,Atelier Sud,47.0
2026-08-05T04:15:00,Siège Est,69.4
2026-08-05T04:15:00,Usine Nord,185.5
2026-08-05T04:30:00,Atelier Sud,60.0
2026-08-05T04:30:00,Siège Est,72.5
2026-08-05T04:30:00,Usine Nord,180.9
2026-08-05T04:45:00,Atelier Sud,63.8
2026-08-05T04:45:00,Siège Est,70.0
2026-08-05T04:45:00,Usine Nord,210.5
2026-08-05T05:00:00,Atelier Sud,47.0
2026-08-05T05:00:00,Siège Est,71.7
2026-08-05T05:00:00,Usine Nord,129.1
2026-08-05T05:15:00,Atelier Sud,68.6
2026-08-05T05:15:00,Siège Est,78.1
2026-08-05T05:15:00,Usine Nord,147.9
2026-08-05T05:30:00,Atelier Sud,81.1
2026-08-05T05:30:00,Siège Est,70.4
2026-08-05T05:30:00,Usine Nord,203.2
2026-08-05T05:45:00,Atelier Sud,56.4
2026-08-05T05:45:00,Siège Est,64.0
2026-08-05T05:45:00,Usine Nord,187.1
2026-08-05T06:00:00,Atelier Sud,60.5
2026-08-05T06:00:00,Siège Est,88.2
2026-08-05T06:00:00,Usine Nord,154.8
2026-08-05T06:15:00,Atelier Sud,107.9
2026-08-05T06:15:00,Siège Est,65.2
2026-08-05T06:15:00,Usine Nord,171.9
2026-08-05T06:30:00,Atelier Sud,108.9
2026-08-05T06:30:00,Siège Est,50.0
2026-08-05T06:30:00,Usine Nord,191.5
2026-08-05T06:45:00,Atelier Sud,135.1
2026-08-05T06:45:00,Siège Est,72.7
2026-08-05T06:45:00,Usine Nord,166.7
2026-08-05T07:00:00,Atelier Sud,163.7
2026-08-05T07:00:00,Siège Est,70.2
2026-08-05T07:00:00,Usine Nord,165.8
2026-08-05T07:15:00,Atelier Sud,173.5
2026-08-05T07:15:00,Siège Est,74.1
2026-08-05T07:15:00,Usine Nord,122.6
2026-08-05T07:30:00,Atelier Sud,197.6
2026-08-05T07:30:00,Siège Est,65.7
2026-08-05T07:30:00,Usine Nord,159.0
2026-08-05T07:45:00,Atelier Sud,218.8
2026-08-05T07:45:00,Siège Est,76.3
2026-08-05T07:45:00,Usine Nord,170.0
2026-08-05T08:00:00,Atelier Sud,199.2
2026-08-05T08:00:00,Siège Est,244.1
2026-08-05T08:00:00,Usine Nord,204.5
2026-08-05T08:15:00,Atelier Sud,258.0
2026-08-05T08:15:00,Siège Est,231.3
2026-08-05T08:15:00,Usine Nord,208.3
2026-08-05T08:30:00,Atelier Sud,257.8
2026-08-05T08:30:00,Siège Est,237.8
2026-08-05T08:30:00,Usine Nord,168.4
2026-08-05T08:45:00,Atelier Sud,259.9
2026-08-05T08:45:00,Siège Est,241.2
2026-08-05T08:45:00,Usine Nord,123.1
2026-08-05T09:00:00,Atelier Sud,279.4
2026-08-05T09:00:00,Siège Est,245.7
2026-08-05T09:00:00,Usine Nord,157.9
2026-08-05T09:15:00,Atelier Sud,284.1
2026-08-05T09:15:00,Siège Est,241.6
2026-08-05T09:15:00,Usine Nord,183.5
2026-08-05T09:30:00,Atelier Sud,307.8
2026-08-05T09:30:00,Siège Est,258.9
2026-08-05T09:30:00,Usine Nord,174.3
2026-08-05T09:45:00,Atelier Sud,317.6
2026-08-05T09:45:00,Siège Est,246.7
2026-08-05T09:45:00,Usine Nord,216.3
2026-08-05T10:00:00,Atelier Sud,301.2
2026-08-05T10:00:00,Siège Est,239.7
2026-08-05T10:00:00,Usine Nord,199.5
2026-08-05T10:15:00,Atelier Sud,296.9
2026-08-05T10:15:00,Siège Est,257.3
2026-08-05T10:15:00,Usine Nord,198.9
2026-08-05T10:30:00,Atelier Sud,314.8
2026-08-05T10:30:00,Siège Est,257.3
2026-08-05T10:30:00,Usine Nord,170.9
2026-08-05T10:45:00,Atelier Sud,315.5
2026-08-05T10:45:00,Siège Est,254.7
2026-08-05T10:45:00,Usine Nord,187.0
2026-08-05T11:00:00,Atelier Sud,293.1
2026-08-05T11:00:00,Siège Est,267.0
2026-08-05T11:00:00,Usine Nord,154.3
2026-08-05T11:15:00,Atelier Sud,282.3
2026-08-05T11:15:00,Siège Est,247.3
2026-08-05T11:15:00,Usine Nord,195.2
2026-08-05T11:30:00,Atelier Sud,352.7
2026-08-05T11:30:00,Siège Est,245.6
2026-08-05T11:30:00,Usine Nord,149.4
2026-08-05T11:45:00,Atelier Sud,335.9
2026-08-05T11:45:00,Siège Est,258.2
2026-08-05T11:45:00,Usine Nord,191.2
2026-08-05T12:00:00,Atelier Sud,309.3
2026-08-05T12:00:00,Siège Est,247.9
2026-08-05T12:00:00,Usine Nord,181.2
2026-08-05T12:15:00,Atelier Sud,388.9
2026-08-05T12:15:00,Siège Est,243.2
2026-08-05T12:15:00,Usine Nord,182.0
2026-08-05T12:30:00,Atelier Sud,293.3
2026-08-05T12:30:00,Siège Est,240.9
2026-08-05T12:30:00,Usine Nord,143.5
2026-08-05T12:45:00,Atelier Sud,340.2
2026-08-05T12:45:00,Siège Est,260.9
2026-08-05T12:45:00,Usine Nord,200.5
2026-08-05T13:00:00,Atelier Sud,264.5
2026-08-05T13:00:00,Siège Est,251.2
2026-08-05T13:00:00,Usine Nord,125.5
2026-08-05T13:15:00,Atelier Sud,247.9
2026-08-05T13:15:00,Siège Est,253.1
2026-08-05T13:15:00,Usine Nord,159.1
2026-08-05T13:30:00,Atelier Sud,338.2
2026-08-05T13:30:00,Siège Est,263.9
2026-08-05T13:30:00,Usine Nord,181.6
2026-08-05T13:45:00,Atelier Sud,293.5
2026-08-05T13:45:00,Siège Est,260.2
2026-08-05T13:45:00,Usine Nord,155.3
2026-08-05T14:00:00,Atelier Sud,275.8
2026-08-05T14:00:00,Siège Est,254.2
2026-08-05T14:00:00,Usine Nord,162.4
2026-08-05T14:15:00,Atelier Sud,259.7
2026-08-05T14:15:00,Siège Est,234.5
2026-08-05T14:15:00,Usine Nord,172.4
2026-08-05T14:30:00,Atelier Sud,248.9
2026-08-05T14:30:00,Siège Est,230.3
2026-08-05T14:30:00,Usine Nord,164.2
2026-08-05T14:45:00,Atelier Sud,212.3
2026-08-05T14:45:00,Siège Est,243.3
2026-08-05T14:45:00,Usine Nord,208.4
2026-08-05T15:00:00,Atelier Sud,267.4
2026-08-05T15:00:00,Siège Est,247.3
2026-08-05T15:00:00,Usine Nord,185.3
2026-08-05T15:15:00,Atelier Sud,279.0
2026-08-05T15:15:00,Siège Est,248.6
2026-08-05T15:15:00,Usine Nord,154.0
2026-08-05T15:30:00,Atelier Sud,220.9
2026-08-05T15:30:00,Siège Est,244.1
2026-08-05T15:30:00,Usine Nord,166.0
2026-08-05T15:45:00,Atelier Sud,193.0
2026-08-05T15:45:00,Siège Est,253.3
2026-08-05T15:45:00,Usine Nord,154.1
2026-08-05T16:00:00,Atelier Sud,174.1
2026-08-05T16:00:00,Siège Est,258.7
2026-08-05T16:00:00,Usine Nord,214.2
2026-08-05T16:15:00,Atelier Sud,158.6
2026-08-05T16:15:00,Siège Est,238.2
2026-08-05T16:15:00,Usine Nord,202.5
2026-08-05T16:30:00,Atelier Sud,165.0
2026-08-05T16:30:00,Siège Est,248.6
2026-08-05T16:30:00,Usine Nord,214.2
2026-08-05T16:45:00,Atelier Sud,162.8
2026-08-05T16:45:00,Siège Est,257.0
2026-08-05T16:45:00,Usine Nord,161.2
2026-08-05T17:00:00,Atelier Sud,107.9
2026-08-05T17:00:00,Siège Est,241.9
2026-08-05T17:00:00,Usine Nord,223.2
2026-08-05T17:15:00,Atelier Sud,138.3
2026-08-05T17:15:00,Siège Est,253.1
2026-08-05T17:15:00,Usine Nord,139.6
2026-08-05T17:30:00,Atelier Sud,119.9
2026-08-05T17:30:00,Siège Est,246.2
2026-08-05T17:30:00,Usine Nord,132.7
2026-08-05T17:45:00,Atelier Sud,78.6
2026-08-05T17:45:00,Siège Est,255.0
2026-08-05T17:45:00,Usine Nord,199.7
2026-08-05T18:00:00,Atelier Sud,78.0
2026-08-05T18:00:00,Siège Est,247.5
2026-08-05T18:00:00,Usine Nord,168.8
2026-08-05T18:15:00,Atelier Sud,58.4
2026-08-05T18:15:00,Siège Est,247.2
2026-08-05T18:15:00,Usine Nord,175.4
2026-08-05T18:30:00,Atelier Sud,77.8
2026-08-05T18:30:00,Siège Est,241.1
2026-08-05T18:30:00,Usine Nord,162.3
2026-08-05T18:45:00,Atelier Sud,72.3
2026-08-05T18:45:00,Siège Est,234.7
2026-08-05T18:45:00,Usine Nord,186.7
2026-08-05T19:00:00,Atelier Sud,67.9
2026-08-05T19:00:00,Siège Est,70.7
2026-08-05T19:00:00,Usine Nord,192.5
2026-08-05T19:15:00,Atelier Sud,81.6
2026-08-05T19:15:00,Siège Est,63.9
2026-08-05T19:15:00,Usine Nord,143.8
2026-08-05T19:30:00,Atelier Sud,82.1
2026-08-05T19:30:00,Siège Est,86.8
2026-08-05T19:30:00,Usine Nord,155.7
2026-08-05T19:45:00,Atelier Sud,72.5
2026-08-05T19:45:00,Siège Est,74.3
2026-08-05T19:45:00,Usine Nord,169.2
2026-08-05T20:00:00,Atelier Sud,67.7
2026-08-05T20:00:00,Siège Est,90.3
2026-08-05T20:00:00,Usine Nord,166.2
2026-08-05T20:15:00,Atelier Sud,81.9
2026-08-05T20:15:00,Siège Est,65.3
2026-08-05T20:15:00,Usine Nord,193.4
2026-08-05T20:30:00,Atelier Sud,69.1
2026-08-05T20:30:00,Siège Est,82.4
2026-08-05T20:30:00,Usine Nord,165.9
2026-08-05T20:45:00,Atelier Sud,102.5
2026-08-05T20:45:00,Siège Est,72.9
2026-08-05T20:45:00,Usine Nord,202.3
2026-08-05T21:00:00,Atelier Sud,35.4
2026-08-05T21:00:00,Siège Est,64.2
2026-08-05T21:00:00,Usine Nord,174.3
2026-08-05T21:15:00,Atelier Sud,83.8
2026-08-05T21:15:00,Siège Est,73.3
2026-08-05T21:15:00,Usine Nord,166.4
2026-08-05T21:30:00,Atelier Sud,88.6
2026-08-05T21:30:00,Siège Est,59.9
2026-08-05T21:30:00,Usine Nord,148.0
2026-08-05T21:45:00,Atelier Sud,70.2
2026-08-05T21:45:00,Siège Est,73.4
2026-08-05T21:45:00,Usine Nord,213.2
2026-08-05T22:00:00,Atelier Sud,44.9
2026-08-05T22:00:00,Siège Est,83.1
2026-08-05T22:00:00,Usine Nord,170.0
2026-08-05T22:15:00,Atelier Sud,78.7
2026-08-05T22:15:00,Siège Est,77.2
2026-08-05T22:15:00,Usine Nord,201.5
2026-08-05T22:30:00,Atelier Sud,70.0
2026-08-05T22:30:00,Siège Est,83.3
2026-08-05T22:30:00,Usine Nord,180.5
2026-08-05T22:45:00,Atelier Sud,78.7
2026-08-05T22:45:00,Siège Est,86.4
2026-08-05T22:45:00,Usine Nord,140.1
2026-08-05T23:00:00,Atelier Sud,88.7
2026-08-05T23:00:00,Siège Est,67.8
2026-08-05T23:00:00,Usine Nord,210.5
2026-08-05T23:15:00,Atelier Sud,69.3
2026-08-05T23:15:00,Siège Est,77.0
2026-08-05T23:15:00,Usine Nord,169.4
2026-08-05T23:30:00,Atelier Sud,66.5
2026-08-05T23:30:00,Siège Est,77.0
2026-08-05T23:30:00,Usine Nord,163.8
2026-08-05T23:45:00,Atelier Sud,79.4
2026-08-05T23:45:00,Siège Est,73.5
2026-08-05T23:45:00,Usine Nord,135.0
2026-08-06T00:00:00,Atelier Sud,63.0
2026-08-06T00:00:00,Siège Est,53.7
2026-08-06T00:00:00,Usine Nord,148.7
2026-08-06T00:15:00,Atelier Sud,62.6
2026-08-06T00:15:00,Siège Est,74.3
2026-08-06T00:15:00,Usine Nord,168.5
2026-08-06T00:30:00,Atelier Sud,72.5
2026-08-06T00:30:00,Siège Est,72.2
2026-08-06T00:30:00,Usine Nord,153.6
2026-08-06T00:45:00,Atelier Sud,72.8
2026-08-06T00:45:00,Siège Est,72.5
2026-08-06T00:45:00,Usine Nord,175.8
2026-08-06T01:00:00,Atelier Sud,82.6
2026-08-06T01:00:00,Siège Est,72.2
2026-08-06T01:00:00,Usine Nord,215.6
2026-08-06T01:15:00,Atelier Sud,87.4
2026-08-06T01:15:00,Siège Est,83.8
2026-08-06T01:15:00,Usine Nord,158.7
2026-08-06T01:30:00,Atelier Sud,72.6
2026-08-06T01:30:00,Siège Est,88.0
2026-08-06T01:30:00,Usine Nord,166.7
2026-08-06T01:45:00,Atelier Sud,60.0
2026-08-06T01:45:00,Siège Est,67.4
2026-08-06T01:45:00,Usine Nord,193.4
2026-08-06T02:00:00,Atelier Sud,98.7
2026-08-06T02:00:00,Siège Est,83.0
2026-08-06T02:00:00,Usine Nord,201.6
2026-08-06T02:15:00,Atelier Sud,101.5
2026-08-06T02:15:00,Siège Est,69.1
2026-08-06T02:15:00,Usine Nord,144.7
2026-08-06T02:30:00,Atelier Sud,84.1
2026-08-06T02:30:00,Siège Est,72.8
2026-08-06T02:30:00,Usine Nord,171.7
2026-08-06T02:45:00,Atelier Sud,49.7
2026-08-06T02:45:00,Siège Est,72.9
2026-08-06T02:45:00,Usine Nord,203.5
2026-08-06T03:00:00,Atelier Sud,47.8
2026-08-06T03:00:00,Siège Est,68.2
2026-08-06T03:00:00,Usine Nord,132.0
2026-08-06T03:15:00,Atelier Sud,72.9
2026-08-06T03:15:00,Siège Est,77.9
2026-08-06T03:15:00,Usine Nord,167.8
2026-08-06T03:30:00,Atelier Sud,49.8
2026-08-06T03:30:00,Siège Est,83.6
2026-08-06T03:30:00,Usine Nord,205.1
2026-08-06T03:45:00,Atelier Sud,80.3
2026-08-06T03:45:00,Siège Est,80.9
2026-08-06T03:45:00,Usine Nord,168.2
2026-08-06T04:00:00,Atelier Sud,74.9
2026-08-06T04:00:00,Siège Est,68.6
2026-08-06T04:00:00,Usine Nord,173.6
2026-08-06T04:15:00,Atelier Sud,80.2
2026-08-06T04:15:00,Siège Est,74.0
2026-08-06T04:15:00,Usine Nord,193.7
2026-08-06T04:30:00,Atelier Sud,71.8
2026-08-06T04:30:00,Siège Est,72.5
2026-08-06T04:30:00,Usine Nord,188.4
2026-08-06T04:45:00,Atelier Sud,66.7
2026-08-06T04:45:00,Siège Est,82.7
2026-08-06T04:45:00,Usine Nord,145.8
2026-08-06T05:00:00,Atelier Sud,54.1
2026-08-06T05:00:00,Siège Est,78.9
2026-08-06T05:00:00,Usine Nord,178.0
2026-08-06T05:15:00,Atelier Sud,45.0
2026-08-06T05:15:00,Siège Est,75.6
2026-08-06T05:15:00,Usine Nord,149.3
2026-08-06T05:30:00,Atelier Sud,92.3
2026-08-06T05:30:00,Siège Est,77.6
2026-08-06T05:30:00,Usine Nord,180.4
2026-08-06T05:45:00,Atelier Sud,81.8
2026-08-06T05:45:00,Siège Est,72.9
2026-08-06T05:45:00,Usine Nord,199.1
2026-08-06T06:00:00,Atelier Sud,44.4
2026-08-06T06:00:00,Siège Est,72.4
2026-08-06T06:00:00,Usine Nord,191.0
2026-08-06T06:15:00,Atelier Sud,97.3
2026-08-06T06:15:00,Siège Est,86.0
2026-08-06T06:15:00,Usine Nord,180.5
2026-08-06T06:30:00,Atelier Sud,111.5
2026-08-06T06:30:00,Siège Est,83.3
2026-08-06T06:30:00,Usine Nord,169.7
2026-08-06T06:45:00,Atelier Sud,149.0
2026-08-06T06:45:00,Siège Est,66.3
2026-08-06T06:45:00,Usine Nord,215.0
2026-08-06T07:00:00,Atelier Sud,169.9
2026-08-06T07:00:00,Siège Est,72.1
2026-08-06T07:00:00,Usine Nord,150.8
2026-08-06T07:15:00,Atelier Sud,207.2
2026-08-06T07:15:00,Siège Est,80.1
2026-08-06T07:15:00,Usine Nord,152.3
2026-08-06T07:30:00,Atelier Sud,171.2
2026-08-06T07:30:00,Siège Est,67.4
2026-08-06T07:30:00,Usine Nord,198.7
2026-08-06T07:45:00,Atelier Sud,210.0
2026-08-06T07:45:00,Siège Est,88.1
2026-08-06T07:45:00,Usine Nord,232.0
2026-08-06T08:00:00,Atelier Sud,251.0
2026-08-06T08:00:00,Siège Est,250.8
2026-08-06T08:00:00,Usine Nord,190.7
2026-08-06T08:15:00,Atelier Sud,224.0
2026-08-06T08:15:00,Siège Est,247.5
2026-08-06T08:15:00,Usine Nord,189.4
2026-08-06T08:30:00,Atelier Sud,250.1
2026-08-06T08:30:00,Siège Est,258.8
2026-08-06T08:30:00,Usine Nord,158.9
2026-08-06T08:45:00,Atelier Sud,267.2
2026-08-06T08:45:00,Siège Est,253.9
2026-08-06T08:45:00,Usine Nord,221.6
2026-08-06T09:00:00,Atelier Sud,274.6
2026-08-06T09:00:00,Siège Est,240.8
2026-08-06T09:00:00,Usine Nord,182.9
2026-08-06T09:15:00,Atelier Sud,269.0
2026-08-06T09:15:00,Siège Est,263.0
2026-08-06T09:15:00,Usine Nord,190.7
2026-08-06T09:30:00,Atelier Sud,302.7
2026-08-06T09:30:00,Siège Est,245.8
2026-08-06T09:30:00,Usine Nord,173.8
2026-08-06T09:45:00,Atelier Sud,276.0
2026-08-06T09:45:00,Siège Est,266.4
2026-08-06T09:45:00,Usine Nord,167.8
2026-08-06T10:00:00,Atelier Sud,265.4
2026-08-06T10:00:00,Siège Est,256.8
2026-08-06T10:00:00,Usine Nord,144.9
2026-08-06T10:15:00,Atelier Sud,319.1
2026-08-06T10:15:00,Siège Est,262.0
2026-08-06T10:15:00,Usine Nord,193.2
2026-08-06T10:30:00,Atelier Sud,282.9
2026-08-06T10:30:00,Siège Est,258.5
2026-08-06T10:30:00,Usine Nord,136.6
2026-08-06T10:45:00,Atelier Sud,344.1
2026-08-06T10:45:00,Siège Est,246.6
2026-08-06T10:45:00,Usine Nord,200.3
2026-08-06T11:00:00,Atelier Sud,333.8
2026-08-06T11:00:00,Siège Est,243.2
2026-08-06T11:00:00,Usine Nord,188.6
2026-08-06T11:15:00,Atelier Sud,330.7
2026-08-06T11:15:00,Siège Est,254.5
2026-08-06T11:15:00,Usine Nord,154.8
2026-08-06T11:30:00,Atelier Sud,347.0
2026-08-06T11:30:00,Siège Est,259.7
2026-08-06T11:30:00,Usine Nord,164.3
2026-08-06T11:45:00,Atelier Sud,335.9
2026-08-06T11:45:00,Siège Est,231.1
2026-08-06T11:45:00,Usine Nord,170.1
2026-08-06T12:00:00,Atelier Sud,345.8
2026-08-06T12:00:00,Siège Est,265.8
2026-08-06T12:00:00,Usine Nord,225.5
2026-08-06T12:15:00,Atelier Sud,352.0
2026-08-06T12:15:00,Siège Est,229.5
2026-08-06T12:15:00,Usine Nord,174.0
2026-08-06T12:30:00,Atelier Sud,286.4
2026-08-06T12:30:00,Siège Est,244.8
2026-08-06T12:30:00,Usine Nord,173.5
2026-08-06T12:45:00,Atelier Sud,309.1
2026-08-06T12:45:00,Siège Est,267.9
2026-08-06T12:45:00,Usine Nord,137.4
2026-08-06T13:00:00,Atelier Sud,370.8
2026-08-06T13:00:00,Siège Est,253.2
2026-08-06T13:00:00,Usine Nord,200.1
2026-08-06T13:15:00,Atelier Sud,347.3
2026-08-06T13:15:00,Siège Est,248.2
2026-08-06T13:15:00,Usine Nord,181.3
2026-08-06T13:30:00,Atelier Sud,317.1
2026-08-06T13:30:00,Siège Est,253.8
2026-08-06T13:30:00,Usine Nord,200.6
2026-08-06T13:45:00,Atelier Sud,302.9
2026-08-06T13:45:00,Siège Est,270.7
2026-08-06T13:45:00,Usine Nord,171.6
2026-08-06T14:00:00,Atelier Sud,307.7
2026-08-06T14:00:00,Siège Est,249.1
2026-08-06T14:00:00,Usine Nord,152.8
2026-08-06T14:15:00,Atelier Sud,289.9
2026-08-06T14:15:00,Siège Est,253.9
2026-08-06T14:15:00,Usine Nord,177.6
2026-08-06T14:30:00,Atelier Sud,262.2
2026-08-06T14:30:00,Siège Est,250.3
2026-08-06T14:30:00,Usine Nord,147.6
2026-08-06T14:45:00,Atelier Sud,290.9
2026-08-06T14:45:00,Siège Est,264.6
2026-08-06T14:45:00,Usine Nord,134.9
2026-08-06T15:00:00,Atelier Sud,235.6
2026-08-06T15:00:00,Siège Est,254.6
2026-08-06T15:00:00,Usine Nord,191.4
2026-08-06T15:15:00,Atelier Sud,219.8
2026-08-06T15:15:00,Siège Est,245.8
2026-08-06T15:15:00,Usine Nord,141.6
2026-08-06T15:30:00,Atelier Sud,221.8
2026-08-06T15:30:00,Siège Est,235.1
2026-08-06T15:30:00,Usine Nord,186.5
2026-08-06T15:45:00,Atelier Sud,190.1
2026-08-06T15:45:00,Siège Est,268.8
2026-08-06T15:45:00,Usine Nord,199.0
2026-08-06T16:00:00,Atelier Sud,228.6
2026-08-06T16:00:00,Siège Est,246.7
2026-08-06T16:00:00,Usine Nord,213.4
2026-08-06T16:15:00,Atelier Sud,161.6
2026-08-06T16:15:00,Siège Est,258.0
2026-08-06T16:15:00,Usine Nord,191.1
2026-08-06T16:30:00,Atelier Sud,136.5
2026-08-06T16:30:00,Siège Est,245.6
2026-08-06T16:30:00,Usine Nord,199.3
2026-08-06T16:45:00,Atelier Sud,119.9
2026-08-06T16:45:00,Siège Est,246.1
2026-08-06T16:45:00,Usine Nord,180.7
2026-08-06T17:00:00,Atelier Sud,161.1
2026-08-06T17:00:00,Siège Est,250.7
2026-08-06T17:00:00,Usine Nord,184.2
2026-08-06T17:15:00,Atelier Sud,135.6
2026-08-06T17:15:00,Siège Est,250.8
2026-08-06T17:15:00,Usine Nord,207.8
2026-08-06T17:30:00,Atelier Sud,102.1
2026-08-06T17:30:00,Siège Est,242.5
2026-08-06T17:30:00,Usine Nord,144.7
2026-08-06T17:45:00,Atelier Sud,97.6
2026-08-06T17:45:00,Siège Est,259.8
2026-08-06T17:45:00,Usine Nord,162.3
2026-08-06T18:00:00,Atelier Sud,59.8
2026-08-06T18:00:00,Siège Est,256.6
2026-08-06T18:00:00,Usine Nord,162.1
2026-08-06T18:15:00,Atelier Sud,76.5
2026-08-06T18:15:00,Siège Est,245.3
2026-08-06T18:15:00,Usine Nord,152.5
2026-08-06T18:30:00,Atelier Sud,72.7
2026-08-06T18:30:00,Siège Est,244.5
2026-08-06T18:30:00,Usine Nord,189.9
2026-08-06T18:45:00,Atelier Sud,60.9
2026-08-06T18:45:00,Siège Est,251.2
2026-08-06T18:45:00,Usine Nord,214.5
2026-08-06T19:00:00,Atelier Sud,60.9
2026-08-06T19:00:00,Siège Est,68.2
2026-08-06T19:00:00,Usine Nord,173.1
2026-08-06T19:15:00,Atelier Sud,71.5
2026-08-06T19:15:00,Siège Est,69.0
2026-08-06T19:15:00,Usine Nord,158.1
2026-08-06T19:30:00,Atelier Sud,49.4
2026-08-06T19:30:00,Siège Est,67.7
2026-08-06T19:30:00,Usine Nord,162.8
2026-08-06T19:45:00,Atelier Sud,83.6
2026-08-06T19:45:00,Siège Est,52.7
2026-08-06T19:45:00,Usine Nord,175.2
2026-08-06T20:00:00,Atelier Sud,74.5
2026-08-06T20:00:00,Siège Est,59.1
2026-08-06T20:00:00,Usine Nord,207.9
2026-08-06T20:15:00,Atelier Sud,45.7
2026-08-06T20:15:00,Siège Est,79.3
2026-08-06T20:15:00,Usine Nord,161.6
2026-08-06T20:30:00,Atelier Sud,49.1
2026-08-06T20:30:00,Siège Est,60.5
2026-08-06T20:30:00,Usine Nord,188.2
2026-08-06T20:45:00,Atelier Sud,40.4
2026-08-06T20:45:00,Siège Est,61.9
2026-08-06T20:45:00,Usine Nord,189.5
2026-08-06T21:00:00,Atelier Sud,53.4
2026-08-06T21:00:00,Siège Est,58.2
2026-08-06T21:00:00,Usine Nord,141.1
2026-08-06T21:15:00,Atelier Sud,70.3
2026-08-06T21:15:00,Siège Est,66.1
2026-08-06T21:15:00,Usine Nord,217.5
2026-08-06T21:30:00,Atelier Sud,44.4
2026-08-06T21:30:00,Siège Est,65.0
2026-08-06T21:30:00,Usine Nord,192.9
2026-08-06T21:45:00,Atelier Sud,53.9
2026-08-06T21:45:00,Siège Est,83.9
2026-08-06T21:45:00,Usine Nord,190.9
2026-08-06T22:00:00,Atelier Sud,64.2
2026-08-06T22:00:00,Siège Est,76.9
2026-08-06T22:00:00,Usine Nord,170.0
2026-08-06T22:15:00,Atelier Sud,64.2
2026-08-06T22:15:00,Siège Est,73.6
2026-08-06T22:15:00,Usine Nord,223.5
2026-08-06T22:30:00,Atelier Sud,65.0
2026-08-06T22:30:00,Siège Est,74.5
2026-08-06T22:30:00,Usine Nord,194.8
2026-08-06T22:45:00,Atelier Sud,59.3
2026-08-06T22:45:00,Siège Est,67.4
2026-08-06T22:45:00,Usine Nord,178.6
2026-08-06T23:00:00,Atelier Sud,90.6
2026-08-06T23:00:00,Siège Est,56.6
2026-08-06T23:00:00,Usine Nord,198.8
2026-08-06T23:15:00,Atelier Sud,58.8
2026-08-06T23:15:00,Siège Est,70.3
2026-08-06T23:15:00,Usine Nord,212.3
2026-08-06T23:30:00,Atelier Sud,78.7
2026-08-06T23:30:00,Siège Est,69.1
2026-08-06T23:30:00,Usine Nord,152.3
2026-08-06T23:45:00,Atelier Sud,51.7
2026-08-06T23:45:00,Siège Est,90.3
2026-08-06T23:45:00,Usine Nord,193.1
2026-08-07T00:00:00,Atelier Sud,74.8
2026-08-07T00:00:00,Siège Est,72.0
2026-08-07T00:00:00,Usine Nord,177.2
2026-08-07T00:15:00,Atelier Sud,92.7
2026-08-07T00:15:00,Siège Est,63.9
2026-08-07T00:15:00,Usine Nord,205.6
2026-08-07T00:30:00,Atelier Sud,75.9
2026-08-07T00:30:00,Siège Est,74.9
2026-08-07T00:30:00,Usine Nord,196.6
2026-08-07T00:45:00,Atelier Sud,38.3
2026-08-07T00:45:00,Siège Est,76.1
2026-08-07T00:45:00,Usine Nord,180.3
2026-08-07T01:00:00,Atelier Sud,80.2
2026-08-07T01:00:00,Siège Est,77.0
2026-08-07T01:00:00,Usine Nord,186.5
2026-08-07T01:15:00,Atelier Sud,76.3
2026-08-07T01:15:00,Siège Est,71.9
2026-08-07T01:15:00,Usine Nord,163.7
2026-08-07T01:30:00,Atelier Sud,59.9
2026-08-07T01:30:00,Siège Est,78.2
2026-08-07T01:30:00,Usine Nord,215.9
2026-08-07T01:45:00,Atelier Sud,80.8
2026-08-07T01:45:00,Siège Est,99.0
2026-08-07T01:45:00,Usine Nord,204.6
2026-08-07T02:00:00,Atelier Sud,81.1
2026-08-07T02:00:00,Siège Est,81.9
2026-08-07T02:00:00,Usine Nord,186.5
2026-08-07T02:15:00,Atelier Sud,62.1
2026-08-07T02:15:00,Siège Est,64.6
2026-08-07T02:15:00,Usine Nord,181.4
2026-08-07T02:30:00,Atelier Sud,77.2
2026-08-07T02:30:00,Siège Est,92.5
2026-08-07T02:30:00,Usine Nord,164.2
2026-08-07T02:45:00,Atelier Sud,71.0
2026-08-07T02:45:00,Siège Est,78.2
2026-08-07T02:45:00,Usine Nord,148.7
2026-08-07T03:00:00,Atelier Sud,77.4
2026-08-07T03:00:00,Siège Est,69.8
2026-08-07T03:00:00,Usine Nord,197.3
2026-08-07T03:15:00,Atelier Sud,71.1
2026-08-07T03:15:00,Siège Est,72.2
2026-08-07T03:15:00,Usine Nord,216.4
2026-08-07T03:30:00,Atelier Sud,43.7
2026-08-07T03:30:00,Siège Est,74.5
2026-08-07T03:30:00,Usine Nord,134.3
2026-08-07T03:45:00,Atelier Sud,72.6
2026-08-07T03:45:00,Siège Est,80.0
2026-08-07T03:45:00,Usine Nord,162.9
2026-08-07T04:00:00,Atelier Sud,52.3
2026-08-07T04:00:00,Siège Est,56.8
2026-08-07T04:00:00,Usine Nord,219.8
2026-08-07T04:15:00,Atelier Sud,52.2
2026-08-07T04:15:00,Siège Est,66.5
2026-08-07T04:15:00,Usine Nord,200.2
2026-08-07T04:30:00,Atelier Sud,87.7
2026-08-07T04:30:00,Siège Est,64.1
2026-08-07T04:30:00,Usine Nord,154.9
2026-08-07T04:45:00,Atelier Sud,68.2
2026-08-07T04:45:00,Siège Est,87.6
2026-08-07T04:45:00,Usine Nord,141.2
2026-08-07T05:00:00,Atelier Sud,65.6
2026-08-07T05:00:00,Siège Est,66.9
2026-08-07T05:00:00,Usine Nord,161.7
2026-08-07T05:15:00,Atelier Sud,29.6
2026-08-07T05:15:00,Siège Est,64.1
2026-08-07T05:15:00,Usine Nord,205.4
2026-08-07T05:30:00,Atelier Sud,62.3
2026-08-07T05:30:00,Siège Est,84.0
2026-08-07T05:30:00,Usine Nord,177.2
2026-08-07T05:45:00,Atelier Sud,73.4
2026-08-07T05:45:00,Siège Est,93.0
2026-08-07T05:45:00,Usine Nord,156.8
2026-08-07T06:00:00,Atelier Sud,61.2
2026-08-07T06:00:00,Siège Est,87.6
2026-08-07T06:00:00,Usine Nord,158.7
2026-08-07T06:15:00,Atelier Sud,81.6
2026-08-07T06:15:00,Siège Est,81.1
2026-08-07T06:15:00,Usine Nord,207.2
2026-08-07T06:30:00,Atelier Sud,118.7
2026-08-07T06:30:00,Siège Est,78.6
2026-08-07T06:30:00,Usine Nord,165.6
2026-08-07T06:45:00,Atelier Sud,130.8
2026-08-07T06:45:00,Siège Est,62.7
2026-08-07T06:45:00,Usine Nord,204.3
2026-08-07T07:00:00,Atelier Sud,148.7
2026-08-07T07:00:00,Siège Est,71.5
2026-08-07T07:00:00,Usine Nord,182.2
2026-08-07T07:15:00,Atelier Sud,156.5
2026-08-07T07:15:00,Siège Est,65.1
2026-08-07T07:15:00,Usine Nord,182.7
2026-08-07T07:30:00,Atelier Sud,181.0
2026-08-07T07:30:00,Siège Est,71.8
2026-08-07T07:30:00,Usine Nord,191.4
2026-08-07T07:45:00,Atelier Sud,207.4
2026-08-07T07:45:00,Siège Est,68.7
2026-08-07T07:45:00,Usine Nord,189.3
2026-08-07T08:00:00,Atelier Sud,232.5
2026-08-07T08:00:00,Siège Est,235.0
2026-08-07T08:00:00,Usine Nord,163.2
2026-08-07T08:15:00,Atelier Sud,222.1
2026-08-07T08:15:00,Siège Est,249.3
2026-08-07T08:15:00,Usine Nord,207.2
2026-08-07T08:30:00,Atelier Sud,240.6
2026-08-07T08:30:00,Siège Est,245.3
2026-08-07T08:30:00,Usine Nord,210.2
2026-08-07T08:45:00,Atelier Sud,243.8
2026-08-07T08:45:00,Siège Est,239.5
2026-08-07T08:45:00,Usine Nord,156.5
2026-08-07T09:00:00,Atelier Sud,247.7
2026-08-07T09:00:00,Siège Est,236.3
2026-08-07T09:00:00,Usine Nord,213.4
2026-08-07T09:15:00,Atelier Sud,273.0
2026-08-07T09:15:00,Siège Est,243.8
2026-08-07T09:15:00,Usine Nord,153.3
2026-08-07T09:30:00,Atelier Sud,258.8
2026-08-07T09:30:00,Siège Est,234.5
2026-08-07T09:30:00,Usine Nord,194.4
2026-08-07T09:45:00,Atelier Sud,290.4
2026-08-07T09:45:00,Siège Est,230.8
2026-08-07T09:45:00,Usine Nord,183.7
2026-08-07T10:00:00,Atelier Sud,298.8
2026-08-07T10:00:00,Siège Est,250.2
2026-08-07T10:00:00,Usine Nord,171.6
2026-08-07T10:15:00,Atelier Sud,282.9
2026-08-07T10:15:00,Siège Est,248.1
2026-08-07T10:15:00,Usine Nord,162.7
2026-08-07T10:30:00,Atelier Sud,325.7
2026-08-07T10:30:00,Siège Est,250.7
2026-08-07T10:30:00,Usine Nord,172.5
2026-08-07T10:45:00,Atelier Sud,329.5
2026-08-07T10:45:00,Siège Est,265.9
2026-08-07T10:45:00,Usine Nord,215.1
2026-08-07T11:00:00,Atelier Sud,357.7
2026-08-07T11:00:00,Siège Est,249.7
2026-08-07T11:00:00,Usine Nord,152.5
2026-08-07T11:15:00,Atelier Sud,296.2
2026-08-07T11:15:00,Siège Est,259.9
2026-08-07T11:15:00,Usine Nord,192.7
2026-08-07T11:30:00,Atelier Sud,365.4
2026-08-07T11:30:00,Siège Est,229.9
2026-08-07T11:30:00,Usine Nord,193.1
2026-08-07T11:45:00,Atelier Sud,310.7
2026-08-07T11:45:00,Siège Est,272.8
2026-08-07T11:45:00,Usine Nord,164.8
2026-08-07T12:00:00,Atelier Sud,297.8
2026-08-07T12:00:00,Siège Est,246.0
2026-08-07T12:00:00,Usine Nord,161.7
2026-08-07T12:15:00,Atelier Sud,329.7
2026-08-07T12:15:00,Siège Est,268.8
2026-08-07T12:15:00,Usine Nord,161.5
2026-08-07T12:30:00,Atelier Sud,323.7
2026-08-07T12:30:00,Siège Est,257.7
2026-08-07T12:30:00,Usine Nord,191.7
2026-08-07T12:45:00,Atelier Sud,308.4
2026-08-07T12:45:00,Siège Est,245.2
2026-08-07T12:45:00,Usine Nord,189.5
2026-08-07T13:00:00,Atelier Sud,297.3
2026-08-07T13:00:00,Siège Est,245.2
2026-08-07T13:00:00,Usine Nord,184.0
2026-08-07T13:15:00,Atelier Sud,317.8
2026-08-07T13:15:00,Siège Est,264.8
2026-08-07T13:15:00,Usine Nord,171.6
2026-08-07T13:30:00,Atelier Sud,332.6
2026-08-07T13:30:00,Siège Est,231.1
2026-08-07T13:30:00,Usine Nord,214.8
2026-08-07T13:45:00,Atelier Sud,323.0
2026-08-07T13:45:00,Siège Est,254.1
2026-08-07T13:45:00,Usine Nord,223.6
2026-08-07T14:00:00,Atelier Sud,293.1
2026-08-07T14:00:00,Siège Est,239.5
2026-08-07T14:00:00,Usine Nord,208.0
2026-08-07T14:15:00,Atelier Sud,302.0
2026-08-07T14:15:00,Siège Est,255.0
2026-08-07T14:15:00,Usine Nord,176.9
2026-08-07T14:30:00,Atelier Sud,268.3
2026-08-07T14:30:00,Siège Est,257.3
2026-08-07T14:30:00,Usine Nord,188.7
2026-08-07T14:45:00,Atelier Sud,277.2
2026-08-07T14:45:00,Siège Est,244.4
2026-08-07T14:45:00,Usine Nord,204.2
2026-08-07T15:00:00,Atelier Sud,292.9
2026-08-07T15:00:00,Siège Est,240.7
2026-08-07T15:00:00,Usine Nord,169.1
2026-08-07T15:15:00,Atelier Sud,249.9
2026-08-07T15:15:00,Siège Est,261.5
2026-08-07T15:15:00,Usine Nord,211.1
2026-08-07T15:30:00,Atelier Sud,215.7
2026-08-07T15:30:00,Siège Est,246.7
2026-08-07T15:30:00,Usine Nord,184.0
2026-08-07T15:45:00,Atelier Sud,189.4
2026-08-07T15:45:00,Siège Est,254.0
2026-08-07T15:45:00,Usine Nord,203.6
2026-08-07T16:00:00,Atelier Sud,187.7
2026-08-07T16:00:00,Siège Est,243.5
2026-08-07T16:00:00,Usine Nord,153.7
2026-08-07T16:15:00,Atelier Sud,183.2
2026-08-07T16:15:00,Siège Est,233.8
2026-08-07T16:15:00,Usine Nord,177.7
2026-08-07T16:30:00,Atelier Sud,160.0
2026-08-07T16:30:00,Siège Est,256.0
2026-08-07T16:30:00,Usine Nord,212.7
2026-08-07T16:45:00,Atelier Sud,164.7
2026-08-07T16:45:00,Siège Est,240.7
2026-08-07T16:45:00,Usine Nord,204.2
2026-08-07T17:00:00,Atelier Sud,177.0
2026-08-07T17:00:00,Siège Est,241.8
2026-08-07T17:00:00,Usine Nord,182.0
2026-08-07T17:15:00,Atelier Sud,106.7
2026-08-07T17:15:00,Siège Est,262.1
2026-08-07T17:15:00,Usine Nord,150.3
2026-08-07T17:30:00,Atelier Sud,122.8
2026-08-07T17:30:00,Siège Est,256.0
2026-08-07T17:30:00,Usine Nord,196.5
2026-08-07T17:45:00,Atelier Sud,74.7
2026-08-07T17:45:00,Siège Est,247.4
2026-08-07T17:45:00,Usine Nord,157.9
2026-08-07T18:00:00,Atelier Sud,87.3
2026-08-07T18:00:00,Siège Est,254.4
2026-08-07T18:00:00,Usine Nord,194.3
2026-08-07T18:15:00,Atelier Sud,60.1
2026-08-07T18:15:00,Siège Est,246.4
2026-08-07T18:15:00,Usine Nord,212.7
2026-08-07T18:30:00,Atelier Sud,81.7
2026-08-07T18:30:00,Siège Est,229.5
2026-08-07T18:30:00,Usine Nord,197.7
2026-08-07T18:45:00,Atelier Sud,72.9
2026-08-07T18:45:00,Siège Est,238.5
2026-08-07T18:45:00,Usine Nord,183.6
2026-08-07T19:00:00,Atelier Sud,79.8
2026-08-07T19:00:00,Siège Est,72.2
2026-08-07T19:00:00,Usine Nord,206.7
2026-08-07T19:15:00,Atelier Sud,69.5
2026-08-07T19:15:00,Siège Est,75.1
2026-08-07T19:15:00,Usine Nord,133.7
2026-08-07T19:30:00,Atelier Sud,49.1
2026-08-07T19:30:00,Siège Est,77.1
2026-08-07T19:30:00,Usine Nord,156.7
2026-08-07T19:45:00,Atelier Sud,57.1
2026-08-07T19:45:00,Siège Est,84.1
2026-08-07T19:45:00,Usine Nord,251.3
2026-08-07T20:00:00,Atelier Sud,70.0
2026-08-07T20:00:00,Siège Est,77.6
2026-08-07T20:00:00,Usine Nord,197.6
2026-08-07T20:15:00,Atelier Sud,80.4
2026-08-07T20:15:00,Siège Est,89.9
2026-08-07T20:15:00,Usine Nord,234.0
2026-08-07T20:30:00,Atelier Sud,62.7
2026-08-07T20:30:00,Siège Est,81.9
2026-08-07T20:30:00,Usine Nord,152.3
2026-08-07T20:45:00,Atelier Sud,65.2
2026-08-07T20:45:00,Siège Est,81.0
2026-08-07T20:45:00,Usine Nord,217.6
2026-08-07T21:00:00,Atelier Sud,79.5
2026-08-07T21:00:00,Siège Est,70.9
2026-08-07T21:00:00,Usine Nord,139.5
2026-08-07T21:15:00,Atelier Sud,57.4
2026-08-07T21:15:00,Siège Est,65.0
2026-08-07T21:15:00,Usine Nord,209.0
2026-08-07T21:30:00,Atelier Sud,71.6
2026-08-07T21:30:00,Siège Est,68.8
2026-08-07T21:30:00,Usine Nord,172.4
2026-08-07T21:45:00,Atelier Sud,69.4
2026-08-07T21:45:00,Siège Est,61.5
2026-08-07T21:45:00,Usine Nord,168.9
2026-08-07T22:00:00,Atelier Sud,79.7
2026-08-07T22:00:00,Siège Est,68.0
2026-08-07T22:00:00,Usine Nord,209.7
2026-08-07T22:15:00,Atelier Sud,45.0
2026-08-07T22:15:00,Siège Est,67.2
2026-08-07T22:15:00,Usine Nord,110.6
2026-08-07T22:30:00,Atelier Sud,64.7
2026-08-07T22:30:00,Siège Est,81.2
2026-08-07T22:30:00,Usine Nord,205.7
2026-08-07T22:45:00,Atelier Sud,90.8
2026-08-07T22:45:00,Siège Est,74.4
2026-08-07T22:45:00,Usine Nord,153.9
2026-08-07T23:00:00,Atelier Sud,45.8
2026-08-07T23:00:00,Siège Est,85.3
2026-08-07T23:00:00,Usine Nord,160.6
2026-08-07T23:15:00,Atelier Sud,65.9
2026-08-07T23:15:00,Siège Est,83.3
2026-08-07T23:15:00,Usine Nord,127.8
2026-08-07T23:30:00,Atelier Sud,65.4
2026-08-07T23:30:00,Siège Est,65.6
2026-08-07T23:30:00,Usine Nord,152.3
2026-08-07T23:45:00,Atelier Sud,58.6
2026-08-07T23:45:00,Siège Est,82.8
2026-08-07T23:45:00,Usine Nord,154.2
2026-08-08T00:00:00,Atelier Sud,59.0
2026-08-08T00:00:00,Siège Est,67.4
2026-08-08T00:00:00,Usine Nord,147.1
2026-08-08T00:15:00,Atelier Sud,56.4
2026-08-08T00:15:00,Siège Est,97.4
2026-08-08T00:15:00,Usine Nord,190.0
2026-08-08T00:30:00,Atelier Sud,95.3
2026-08-08T00:30:00,Siège Est,77.7
2026-08-08T00:30:00,Usine Nord,150.4
2026-08-08T00:45:00,Atelier Sud,71.1
2026-08-08T00:45:00,Siège Est,62.9
2026-08-08T00:45:00,Usine Nord,156.9
2026-08-08T01:00:00,Atelier Sud,77.3
2026-08-08T01:00:00,Siège Est,54.6
2026-08-08T01:00:00,Usine Nord,133.3
2026-08-08T01:15:00,Atelier Sud,60.9
2026-08-08T01:15:00,Siège Est,71.3
2026-08-08T01:15:00,Usine Nord,371.3
2026-08-08T01:30:00,Atelier Sud,48.2
2026-08-08T01:30:00,Siège Est,64.1
2026-08-08T01:30:00,Usine Nord,187.4
2026-08-08T01:45:00,Atelier Sud,82.3
2026-08-08T01:45:00,Siège Est,71.1
2026-08-08T01:45:00,Usine Nord,146.3
2026-08-08T02:00:00,Atelier Sud,80.4
2026-08-08T02:00:00,Siège Est,80.3
2026-08-08T02:00:00,Usine Nord,185.1
2026-08-08T02:15:00,Atelier Sud,56.8
2026-08-08T02:15:00,Siège Est,77.1
2026-08-08T02:15:00,Usine Nord,242.9
2026-08-08T02:30:00,Atelier Sud,53.5
2026-08-08T02:30:00,Siège Est,74.0
2026-08-08T02:30:00,Usine Nord,178.8
2026-08-08T02:45:00,Atelier Sud,90.8
2026-08-08T02:45:00,Siège Est,78.6
2026-08-08T02:45:00,Usine Nord,199.4
2026-08-08T03:00:00,Atelier Sud,78.1
2026-08-08T03:00:00,Siège Est,73.9
2026-08-08T03:00:00,Usine Nord,196.1
2026-08-08T03:15:00,Atelier Sud,68.0
2026-08-08T03:15:00,Siège Est,71.3
2026-08-08T03:15:00,Usine Nord,218.5
2026-08-08T03:30:00,Atelier Sud,79.2
2026-08-08T03:30:00,Siège Est,75.9
2026-08-08T03:30:00,Usine Nord,206.3
2026-08-08T03:45:00,Atelier Sud,94.1
2026-08-08T03:45:00,Siège Est,60.3
2026-08-08T03:45:00,Usine Nord,179.6
2026-08-08T04:00:00,Atelier Sud,81.8
2026-08-08T04:00:00,Siège Est,65.8
2026-08-08T04:00:00,Usine Nord,149.6
2026-08-08T04:15:00,Atelier Sud,85.4
2026-08-08T04:15:00,Siège Est,71.0
2026-08-08T04:15:00,Usine Nord,174.3
2026-08-08T04:30:00,Atelier Sud,81.1
2026-08-08T04:30:00,Siège Est,73.4
2026-08-08T04:30:00,Usine Nord,149.7
2026-08-08T04:45:00,Atelier Sud,68.4
2026-08-08T04:45:00,Siège Est,58.0
2026-08-08T04:45:00,Usine Nord,141.7
2026-08-08T05:00:00,Atelier Sud,59.7
2026-08-08T05:00:00,Siège Est,77.6
2026-08-08T05:00:00,Usine Nord,179.4
2026-08-08T05:15:00,Atelier Sud,95.7
2026-08-08T05:15:00,Siège Est,66.6
2026-08-08T05:15:00,Usine Nord,180.0
2026-08-08T05:30:00,Atelier Sud,37.5
2026-08-08T05:30:00,Siège Est,62.6
2026-08-08T05:30:00,Usine Nord,174.7
2026-08-08T05:45:00,Atelier Sud,60.9
2026-08-08T05:45:00,Siège Est,60.4
2026-08-08T05:45:00,Usine Nord,183.8
2026-08-08T06:00:00,Atelier Sud,73.9
2026-08-08T06:00:00,Siège Est,77.7
2026-08-08T06:00:00,Usine Nord,193.1
2026-08-08T06:15:00,Atelier Sud,63.3
2026-08-08T06:15:00,Siège Est,67.9
2026-08-08T06:15:00,Usine Nord,164.1
2026-08-08T06:30:00,Atelier Sud,73.9
2026-08-08T06:30:00,Siège Est,75.2
2026-08-08T06:30:00,Usine Nord,205.7
2026-08-08T06:45:00,Atelier Sud,77.8
2026-08-08T06:45:00,Siège Est,77.5
2026-08-08T06:45:00,Usine Nord,164.4
2026-08-08T07:00:00,Atelier Sud,83.3
2026-08-08T07:00:00,Siège Est,75.3
2026-08-08T07:00:00,Usine Nord,192.1
2026-08-08T07:15:00,Atelier Sud,85.4
2026-08-08T07:15:00,Siège Est,78.8
2026-08-08T07:15:00,Usine Nord,145.3
2026-08-08T07:30:00,Atelier Sud,89.9
2026-08-08T07:30:00,Siège Est,65.3
2026-08-08T07:30:00,Usine Nord,174.3
2026-08-08T07:45:00,Atelier Sud,90.2
2026-08-08T07:45:00,Siège Est,73.5
2026-08-08T07:45:00,Usine Nord,165.3
2026-08-08T08:00:00,Atelier Sud,80.7
2026-08-08T08:00:00,Siège Est,60.8
2026-08-08T08:00:00,Usine Nord,192.3
2026-08-08T08:15:00,Atelier Sud,56.4
2026-08-08T08:15:00,Siège Est,92.6
2026-08-08T08:15:00,Usine Nord,203.5
2026-08-08T08:30:00,Atelier Sud,41.3
2026-08-08T08:30:00,Siège Est,77.3
2026-08-08T08:30:00,Usine Nord,174.2
2026-08-08T08:45:00,Atelier Sud,54.9
2026-08-08T08:45:00,Siège Est,77.2
2026-08-08T08:45:00,Usine Nord,212.1
2026-08-08T09:00:00,Atelier Sud,21.1
2026-08-08T09:00:00,Siège Est,77.4
2026-08-08T09:00:00,Usine Nord,162.4
2026-08-08T09:15:00,Atelier Sud,38.5
2026-08-08T09:15:00,Siège Est,65.8
2026-08-08T09:15:00,Usine Nord,191.0
2026-08-08T09:30:00,Atelier Sud,66.6
2026-08-08T09:30:00,Siège Est,77.3
2026-08-08T09:30:00,Usine Nord,131.2
2026-08-08T09:45:00,Atelier Sud,36.7
2026-08-08T09:45:00,Siège Est,71.2
2026-08-08T09:45:00,Usine Nord,109.5
2026-08-08T10:00:00,Atelier Sud,15.0
2026-08-08T10:00:00,Siège Est,83.8
2026-08-08T10:00:00,Usine Nord,154.2
2026-08-08T10:15:00,Atelier Sud,41.4
2026-08-08T10:15:00,Siège Est,81.6
2026-08-08T10:15:00,Usine Nord,194.6
2026-08-08T10:30:00,Atelier Sud,15.0
2026-08-08T10:30:00,Siège Est,65.6
2026-08-08T10:30:00,Usine Nord,167.1
2026-08-08T10:45:00,Atelier Sud,36.9
2026-08-08T10:45:00,Siège Est,69.8
2026-08-08T10:45:00,Usine Nord,180.8
2026-08-08T11:00:00,Atelier Sud,15.0
2026-08-08T11:00:00,Siège Est,63.5
2026-08-08T11:00:00,Usine Nord,165.8
2026-08-08T11:15:00,Atelier Sud,65.8
2026-08-08T11:15:00,Siège Est,64.8
2026-08-08T11:15:00,Usine Nord,166.2
2026-08-08T11:30:00,Atelier Sud,15.0
2026-08-08T11:30:00,Siège Est,69.7
2026-08-08T11:30:00,Usine Nord,160.6
2026-08-08T11:45:00,Atelier Sud,15.0
2026-08-08T11:45:00,Siège Est,75.3
2026-08-08T11:45:00,Usine Nord,166.6
2026-08-08T12:00:00,Atelier Sud,32.1
2026-08-08T12:00:00,Siège Est,77.7
2026-08-08T12:00:00,Usine Nord,180.0
2026-08-08T12:15:00,Atelier Sud,60.2
2026-08-08T12:15:00,Siège Est,64.3
2026-08-08T12:15:00,Usine Nord,176.0
2026-08-08T12:30:00,Atelier Sud,15.0
2026-08-08T12:30:00,Siège Est,94.3
2026-08-08T12:30:00,Usine Nord,177.6
2026-08-08T12:45:00,Atelier Sud,25.6
2026-08-08T12:45:00,Siège Est,48.7
2026-08-08T12:45:00,Usine Nord,149.7
2026-08-08T13:00:00,Atelier Sud,25.8
2026-08-08T13:00:00,Siège Est,48.3
2026-08-08T13:00:00,Usine Nord,178.6
2026-08-08T13:15:00,Atelier Sud,15.0
2026-08-08T13:15:00,Siège Est,65.1
2026-08-08T13:15:00,Usine Nord,178.4
2026-08-08T13:30:00,Atelier Sud,35.8
2026-08-08T13:30:00,Siège Est,76.4
2026-08-08T13:30:00,Usine Nord,177.2
2026-08-08T13:45:00,Atelier Sud,15.0
2026-08-08T13:45:00,Siège Est,72.3
2026-08-08T13:45:00,Usine Nord,209.0
2026-08-08T14:00:00,Atelier Sud,15.0
2026-08-08T14:00:00,Siège Est,70.1
2026-08-08T14:00:00,Usine Nord,223.6
2026-08-08T14:15:00,Atelier Sud,56.9
2026-08-08T14:15:00,Siège Est,70.8
2026-08-08T14:15:00,Usine Nord,158.9
2026-08-08T14:30:00,Atelier Sud,15.0
2026-08-08T14:30:00,Siège Est,77.0
2026-08-08T14:30:00,Usine Nord,156.5
2026-08-08T14:45:00,Atelier Sud,45.3
2026-08-08T14:45:00,Siège Est,78.2
2026-08-08T14:45:00,Usine Nord,182.7
2026-08-08T15:00:00,Atelier Sud,56.4
2026-08-08T15:00:00,Siège Est,78.4
2026-08-08T15:00:00,Usine Nord,153.6
2026-08-08T15:15:00,Atelier Sud,30.1
2026-08-08T15:15:00,Siège Est,94.0
2026-08-08T15:15:00,Usine Nord,175.9
2026-08-08T15:30:00,Atelier Sud,52.4
2026-08-08T15:30:00,Siège Est,67.1
2026-08-08T15:30:00,Usine Nord,155.0
2026-08-08T15:45:00,Atelier Sud,63.7
2026-08-08T15:45:00,Siège Est,71.6
2026-08-08T15:45:00,Usine Nord,208.2
2026-08-08T16:00:00,Atelier Sud,28.0
2026-08-08T16:00:00,Siège Est,58.3
2026-08-08T16:00:00,Usine Nord,191.5
2026-08-08T16:15:00,Atelier Sud,36.3
2026-08-08T16:15:00,Siège Est,85.4
2026-08-08T16:15:00,Usine Nord,234.5
2026-08-08T16:30:00,Atelier Sud,63.4
2026-08-08T16:30:00,Siège Est,60.2
2026-08-08T16:30:00,Usine Nord,175.6
2026-08-08T16:45:00,Atelier Sud,32.6
2026-08-08T16:45:00,Siège Est,59.2
2026-08-08T16:45:00,Usine Nord,206.2
2026-08-08T17:00:00,Atelier Sud,69.2
2026-08-08T17:00:00,Siège Est,61.3
2026-08-08T17:00:00,Usine Nord,209.0
2026-08-08T17:15:00,Atelier Sud,51.5
2026-08-08T17:15:00,Siège Est,85.8
2026-08-08T17:15:00,Usine Nord,159.4
2026-08-08T17:30:00,Atelier Sud,77.5
2026-08-08T17:30:00,Siège Est,74.3
2026-08-08T17:30:00,Usine Nord,238.2
2026-08-08T17:45:00,Atelier Sud,48.0
2026-08-08T17:45:00,Siège Est,68.5
2026-08-08T17:45:00,Usine Nord,195.9
2026-08-08T18:00:00,Atelier Sud,68.1
2026-08-08T18:00:00,Siège Est,70.4
2026-08-08T18:00:00,Usine Nord,181.5
2026-08-08T18:15:00,Atelier Sud,73.3
2026-08-08T18:15:00,Siège Est,64.8
2026-08-08T18:15:00,Usine Nord,127.2
2026-08-08T18:30:00,Atelier Sud,50.7
2026-08-08T18:30:00,Siège Est,77.1
2026-08-08T18:30:00,Usine Nord,169.0
2026-08-08T18:45:00,Atelier Sud,73.6
2026-08-08T18:45:00,Siège Est,55.1
2026-08-08T18:45:00,Usine Nord,212.2
2026-08-08T19:00:00,Atelier Sud,73.3
2026-08-08T19:00:00,Siège Est,62.6
2026-08-08T19:00:00,Usine Nord,197.9
2026-08-08T19:15:00,Atelier Sud,79.6
2026-08-08T19:15:00,Siège Est,81.0
2026-08-08T19:15:00,Usine Nord,176.4
2026-08-08T19:30:00,Atelier Sud,49.5
2026-08-08T19:30:00,Siège Est,80.1
2026-08-08T19:30:00,Usine Nord,198.0
2026-08-08T19:45:00,Atelier Sud,88.9
2026-08-08T19:45:00,Siège Est,61.1
2026-08-08T19:45:00,Usine Nord,187.5
2026-08-08T20:00:00,Atelier Sud,58.5
2026-08-08T20:00:00,Siège Est,66.3
2026-08-08T20:00:00,Usine Nord,164.6
2026-08-08T20:15:00,Atelier Sud,59.2
2026-08-08T20:15:00,Siège Est,88.7
2026-08-08T20:15:00,Usine Nord,190.9
2026-08-08T20:30:00,Atelier Sud,62.8
2026-08-08T20:30:00,Siège Est,82.4
2026-08-08T20:30:00,Usine Nord,196.3
2026-08-08T20:45:00,Atelier Sud,79.0
2026-08-08T20:45:00,Siège Est,69.8
2026-08-08T20:45:00,Usine Nord,202.5
2026-08-08T21:00:00,Atelier Sud,66.2
2026-08-08T21:00:00,Siège Est,66.5
2026-08-08T21:00:00,Usine Nord,160.5
2026-08-08T21:15:00,Atelier Sud,66.6
2026-08-08T21:15:00,Siège Est,74.6
2026-08-08T21:15:00,Usine Nord,176.4
2026-08-08T21:30:00,Atelier Sud,77.0
2026-08-08T21:30:00,Siège Est,66.2
2026-08-08T21:30:00,Usine Nord,198.9
2026-08-08T21:45:00,Atelier Sud,66.7
2026-08-08T21:45:00,Siège Est,84.9
2026-08-08T21:45:00,Usine Nord,195.2
2026-08-08T22:00:00,Atelier Sud,62.0
2026-08-08T22:00:00,Siège Est,62.5
2026-08-08T22:00:00,Usine Nord,169.6
2026-08-08T22:15:00,Atelier Sud,60.5
2026-08-08T22:15:00,Siège Est,65.4
2026-08-08T22:15:00,Usine Nord,221.1
2026-08-08T22:30:00,Atelier Sud,65.5
2026-08-08T22:30:00,Siège Est,74.4
2026-08-08T22:30:00,Usine Nord,168.1
2026-08-08T22:45:00,Atelier Sud,72.4
2026-08-08T22:45:00,Siège Est,71.6
2026-08-08T22:45:00,Usine Nord,143.3
2026-08-08T23:00:00,Atelier Sud,86.7
2026-08-08T23:00:00,Siège Est,71.3
2026-08-08T23:00:00,Usine Nord,173.1
2026-08-08T23:15:00,Atelier Sud,71.1
2026-08-08T23:15:00,Siège Est,77.2
2026-08-08T23:15:00,Usine Nord,195.8
2026-08-08T23:30:00,Atelier Sud,84.8
2026-08-08T23:30:00,Siège Est,69.5
2026-08-08T23:30:00,Usine Nord,160.2
2026-08-08T23:45:00,Atelier Sud,80.8
2026-08-08T23:45:00,Siège Est,74.9
2026-08-08T23:45:00,Usine Nord,223.0
2026-08-09T00:00:00,Atelier Sud,90.6
2026-08-09T00:00:00,Siège Est,72.2
2026-08-09T00:00:00,Usine Nord,181.2
2026-08-09T00:15:00,Atelier Sud,73.5
2026-08-09T00:15:00,Siège Est,72.3
2026-08-09T00:15:00,Usine Nord,212.5
2026-08-09T00:30:00,Atelier Sud,65.2
2026-08-09T00:30:00,Siège Est,77.9
2026-08-09T00:30:00,Usine Nord,188.6
2026-08-09T00:45:00,Atelier Sud,41.0
2026-08-09T00:45:00,Siège Est,59.8
2026-08-09T00:45:00,Usine Nord,136.5
2026-08-09T01:00:00,Atelier Sud,67.2
2026-08-09T01:00:00,Siège Est,63.3
2026-08-09T01:00:00,Usine Nord,187.6
2026-08-09T01:15:00,Atelier Sud,76.4
2026-08-09T01:15:00,Siège Est,85.9
2026-08-09T01:15:00,Usine Nord,200.6
2026-08-09T01:30:00,Atelier Sud,78.9
2026-08-09T01:30:00,Siège Est,70.5
2026-08-09T01:30:00,Usine Nord,167.0
2026-08-09T01:45:00,Atelier Sud,48.4
2026-08-09T01:45:00,Siège Est,79.2
2026-08-09T01:45:00,Usine Nord,185.6
2026-08-09T02:00:00,Atelier Sud,59.4
2026-08-09T02:00:00,Siège Est,61.9
2026-08-09T02:00:00,Usine Nord,166.5
2026-08-09T02:15:00,Atelier Sud,58.1
2026-08-09T02:15:00,Siège Est,75.1
2026-08-09T02:15:00,Usine Nord,178.8
2026-08-09T02:30:00,Atelier Sud,63.3
2026-08-09T02:30:00,Siège Est,72.0
2026-08-09T02:30:00,Usine Nord,162.7
2026-08-09T02:45:00,Atelier Sud,80.8
2026-08-09T02:45:00,Siège Est,74.6
2026-08-09T02:45:00,Usine Nord,172.4
2026-08-09T03:00:00,Atelier Sud,77.9
2026-08-09T03:00:00,Siège Est,65.0
2026-08-09T03:00:00,Usine Nord,127.7
2026-08-09T03:15:00,Atelier Sud,86.8
2026-08-09T03:15:00,Siège Est,77.0
2026-08-09T03:15:00,Usine Nord,192.0
2026-08-09T03:30:00,Atelier Sud,49.5
2026-08-09T03:30:00,Siège Est,78.6
2026-08-09T03:30:00,Usine Nord,121.1
2026-08-09T03:45:00,Atelier Sud,47.6
2026-08-09T03:45:00,Siège Est,86.6
2026-08-09T03:45:00,Usine Nord,211.7
2026-08-09T04:00:00,Atelier Sud,69.6
2026-08-09T04:00:00,Siège Est,66.0
2026-08-09T04:00:00,Usine Nord,187.5
2026-08-09T04:15:00,Atelier Sud,60.0
2026-08-09T04:15:00,Siège Est,71.7
2026-08-09T04:15:00,Usine Nord,158.4
2026-08-09T04:30:00,Atelier Sud,69.8
2026-08-09T04:30:00,Siège Est,67.3
2026-08-09T04:30:00,Usine Nord,145.8
2026-08-09T04:45:00,Atelier Sud,70.0
2026-08-09T04:45:00,Siège Est,50.1
2026-08-09T04:45:00,Usine Nord,192.4
2026-08-09T05:00:00,Atelier Sud,81.2
2026-08-09T05:00:00,Siège Est,70.2
2026-08-09T05:00:00,Usine Nord,216.0
2026-08-09T05:15:00,Atelier Sud,85.0
2026-08-09T05:15:00,Siège Est,71.4
2026-08-09T05:15:00,Usine Nord,178.9
2026-08-09T05:30:00,Atelier Sud,62.4
2026-08-09T05:30:00,Siège Est,75.0
2026-08-09T05:30:00,Usine Nord,196.1
2026-08-09T05:45:00,Atelier Sud,75.0
2026-08-09T05:45:00,Siège Est,72.8
2026-08-09T05:45:00,Usine Nord,198.3
2026-08-09T06:00:00,Atelier Sud,77.3
2026-08-09T06:00:00,Siège Est,58.5
2026-08-09T06:00:00,Usine Nord,222.1
2026-08-09T06:15:00,Atelier Sud,92.4
2026-08-09T06:15:00,Siège Est,70.2
2026-08-09T06:15:00,Usine Nord,207.6
2026-08-09T06:30:00,Atelier Sud,79.7
2026-08-09T06:30:00,Siège Est,80.0
2026-08-09T06:30:00,Usine Nord,145.4
2026-08-09T06:45:00,Atelier Sud,54.7
2026-08-09T06:45:00,Siège Est,68.5
2026-08-09T06:45:00,Usine Nord,221.5
2026-08-09T07:00:00,Atelier Sud,85.6
2026-08-09T07:00:00,Siège Est,68.7
2026-08-09T07:00:00,Usine Nord,206.0
2026-08-09T07:15:00,Atelier Sud,73.5
2026-08-09T07:15:00,Siège Est,55.7
2026-08-09T07:15:00,Usine Nord,168.0
2026-08-09T07:30:00,Atelier Sud,55.0
2026-08-09T07:30:00,Siège Est,63.6
2026-08-09T07:30:00,Usine Nord,175.6
2026-08-09T07:45:00,Atelier Sud,81.5
2026-08-09T07:45:00,Siège Est,75.9
2026-08-09T07:45:00,Usine Nord,206.3
2026-08-09T08:00:00,Atelier Sud,67.6
2026-08-09T08:00:00,Siège Est,72.7
2026-08-09T08:00:00,Usine Nord,187.4
2026-08-09T08:15:00,Atelier Sud,68.1
2026-08-09T08:15:00,Siège Est,85.0
2026-08-09T08:15:00,Usine Nord,176.4
2026-08-09T08:30:00,Atelier Sud,39.3
2026-08-09T08:30:00,Siège Est,77.5
2026-08-09T08:30:00,Usine Nord,220.2
2026-08-09T08:45:00,Atelier Sud,31.0
2026-08-09T08:45:00,Siège Est,76.6
2026-08-09T08:45:00,Usine Nord,169.0
2026-08-09T09:00:00,Atelier Sud,47.7
2026-08-09T09:00:00,Siège Est,86.2
2026-08-09T09:00:00,Usine Nord,177.4
2026-08-09T09:15:00,Atelier Sud,50.2
2026-08-09T09:15:00,Siège Est,69.1
2026-08-09T09:15:00,Usine Nord,124.2
2026-08-09T09:30:00,Atelier Sud,67.2
2026-08-09T09:30:00,Siège Est,84.8
2026-08-09T09:30:00,Usine Nord,173.3
2026-08-09T09:45:00,Atelier Sud,37.7
2026-08-09T09:45:00,Siège Est,68.8
2026-08-09T09:45:00,Usine Nord,253.6
2026-08-09T10:00:00,Atelier Sud,57.2
2026-08-09T10:00:00,Siège Est,77.0
2026-08-09T10:00:00,Usine Nord,154.0
2026-08-09T10:15:00,Atelier Sud,25.8
2026-08-09T10:15:00,Siège Est,68.8
2026-08-09T10:15:00,Usine Nord,156.4
2026-08-09T10:30:00,Atelier Sud,58.2
2026-08-09T10:30:00,Siège Est,63.8
2026-08-09T10:30:00,Usine Nord,195.6
2026-08-09T10:45:00,Atelier Sud,54.9
2026-08-09T10:45:00,Siège Est,57.5
2026-08-09T10:45:00,Usine Nord,151.4
2026-08-09T11:00:00,Atelier Sud,66.2
2026-08-09T11:00:00,Siège Est,65.1
2026-08-09T11:00:00,Usine Nord,199.6
2026-08-09T11:15:00,Atelier Sud,15.0
2026-08-09T11:15:00,Siège Est,77.6
2026-08-09T11:15:00,Usine Nord,201.8
2026-08-09T11:30:00,Atelier Sud,53.6
2026-08-09T11:30:00,Siège Est,71.4
2026-08-09T11:30:00,Usine Nord,158.0
2026-08-09T11:45:00,Atelier Sud,39.8
2026-08-09T11:45:00,Siège Est,77.1
2026-08-09T11:45:00,Usine Nord,178.6
2026-08-09T12:00:00,Atelier Sud,41.4
2026-08-09T12:00:00,Siège Est,79.4
2026-08-09T12:00:00,Usine Nord,193.4
2026-08-09T12:15:00,Atelier Sud,15.0
2026-08-09T12:15:00,Siège Est,81.6
2026-08-09T12:15:00,Usine Nord,214.4
2026-08-09T12:30:00,Atelier Sud,15.0
2026-08-09T12:30:00,Siège Est,76.6
2026-08-09T12:30:00,Usine Nord,196.9
2026-08-09T12:45:00,Atelier Sud,45.1
2026-08-09T12:45:00,Siège Est,71.3
2026-08-09T12:45:00,Usine Nord,181.2
2026-08-09T13:00:00,Atelier Sud,27.4
2026-08-09T13:00:00,Siège Est,81.0
2026-08-09T13:00:00,Usine Nord,176.8
2026-08-09T13:15:00,Atelier Sud,61.7
2026-08-09T13:15:00,Siège Est,56.3
2026-08-09T13:15:00,Usine Nord,168.3
2026-08-09T13:30:00,Atelier Sud,42.2
2026-08-09T13:30:00,Siège Est,73.4
2026-08-09T13:30:00,Usine Nord,143.0
2026-08-09T13:45:00,Atelier Sud,15.0
2026-08-09T13:45:00,Siège Est,69.2
2026-08-09T13:45:00,Usine Nord,157.9
2026-08-09T14:00:00,Atelier Sud,40.1
2026-08-09T14:00:00,Siège Est,60.5
2026-08-09T14:00:00,Usine Nord,156.7
2026-08-09T14:15:00,Atelier Sud,15.0
2026-08-09T14:15:00,Siège Est,67.7
2026-08-09T14:15:00,Usine Nord,210.6
2026-08-09T14:30:00,Atelier Sud,31.6
2026-08-09T14:30:00,Siège Est,68.5
2026-08-09T14:30:00,Usine Nord,206.5
2026-08-09T14:45:00,Atelier Sud,15.0
2026-08-09T14:45:00,Siège Est,69.4
2026-08-09T14:45:00,Usine Nord,200.6
2026-08-09T15:00:00,Atelier Sud,81.6
2026-08-09T15:00:00,Siège Est,77.1
2026-08-09T15:00:00,Usine Nord,170.6
2026-08-09T15:15:00,Atelier Sud,33.5
2026-08-09T15:15:00,Siège Est,72.5
2026-08-09T15:15:00,Usine Nord,187.3
2026-08-09T15:30:00,Atelier Sud,15.0
2026-08-09T15:30:00,Siège Est,78.1
2026-08-09T15:30:00,Usine Nord,208.9
2026-08-09T15:45:00,Atelier Sud,69.2
2026-08-09T15:45:00,Siège Est,76.8
2026-08-09T15:45:00,Usine Nord,179.5
2026-08-09T16:00:00,Atelier Sud,25.3
2026-08-09T16:00:00,Siège Est,79.2
2026-08-09T16:00:00,Usine Nord,168.5
2026-08-09T16:15:00,Atelier Sud,40.0
2026-08-09T16:15:00,Siège Est,76.0
2026-08-09T16:15:00,Usine Nord,151.2
2026-08-09T16:30:00,Atelier Sud,54.3
2026-08-09T16:30:00,Siège Est,58.6
2026-08-09T16:30:00,Usine Nord,131.1
2026-08-09T16:45:00,Atelier Sud,61.0
2026-08-09T16:45:00,Siège Est,56.3
2026-08-09T16:45:00,Usine Nord,147.6
2026-08-09T17:00:00,Atelier Sud,23.4
2026-08-09T17:00:00,Siège Est,71.9
2026-08-09T17:00:00,Usine Nord,157.8
2026-08-09T17:15:00,Atelier Sud,64.7
2026-08-09T17:15:00,Siège Est,83.3
2026-08-09T17:15:00,Usine Nord,137.5
2026-08-09T17:30:00,Atelier Sud,50.8
2026-08-09T17:30:00,Siège Est,70.8
2026-08-09T17:30:00,Usine Nord,186.6
2026-08-09T17:45:00,Atelier Sud,48.0
2026-08-09T17:45:00,Siège Est,72.3
2026-08-09T17:45:00,Usine Nord,183.5
2026-08-09T18:00:00,Atelier Sud,67.6
2026-08-09T18:00:00,Siège Est,67.5
2026-08-09T18:00:00,Usine Nord,212.3
2026-08-09T18:15:00,Atelier Sud,71.7
2026-08-09T18:15:00,Siège Est,63.9
2026-08-09T18:15:00,Usine Nord,205.4
2026-08-09T18:30:00,Atelier Sud,63.3
2026-08-09T18:30:00,Siège Est,71.6
2026-08-09T18:30:00,Usine Nord,154.6
2026-08-09T18:45:00,Atelier Sud,55.9
2026-08-09T18:45:00,Siège Est,68.6
2026-08-09T18:45:00,Usine Nord,164.6
2026-08-09T19:00:00,Atelier Sud,69.2
2026-08-09T19:00:00,Siège Est,54.9
2026-08-09T19:00:00,Usine Nord,202.5
2026-08-09T19:15:00,Atelier Sud,88.1
2026-08-09T19:15:00,Siège Est,72.3
2026-08-09T19:15:00,Usine Nord,202.9
2026-08-09T19:30:00,Atelier Sud,65.2
2026-08-09T19:30:00,Siège Est,59.0
2026-08-09T19:30:00,Usine Nord,203.5
2026-08-09T19:45:00,Atelier Sud,87.7
2026-08-09T19:45:00,Siège Est,61.6
2026-08-09T19:45:00,Usine Nord,187.1
2026-08-09T20:00:00,Atelier Sud,62.6
2026-08-09T20:00:00,Siège Est,81.2
2026-08-09T20:00:00,Usine Nord,140.4
2026-08-09T20:15:00,Atelier Sud,73.1
2026-08-09T20:15:00,Siège Est,81.0
2026-08-09T20:15:00,Usine Nord,184.7
2026-08-09T20:30:00,Atelier Sud,72.7
2026-08-09T20:30:00,Siège Est,81.9
2026-08-09T20:30:00,Usine Nord,190.5
2026-08-09T20:45:00,Atelier Sud,57.1
2026-08-09T20:45:00,Siège Est,80.4
2026-08-09T20:45:00,Usine Nord,173.8
2026-08-09T21:00:00,Atelier Sud,93.2
2026-08-09T21:00:00,Siège Est,76.0
2026-08-09T21:00:00,Usine Nord,144.9
2026-08-09T21:15:00,Atelier Sud,76.7
2026-08-09T21:15:00,Siège Est,71.8
2026-08-09T21:15:00,Usine Nord,163.9
2026-08-09T21:30:00,Atelier Sud,73.6
2026-08-09T21:30:00,Siège Est,63.4
2026-08-09T21:30:00,Usine Nord,203.7
2026-08-09T21:45:00,Atelier Sud,71.9
2026-08-09T21:45:00,Siège Est,81.4
2026-08-09T21:45:00,Usine Nord,206.7
2026-08-09T22:00:00,Atelier Sud,74.3
2026-08-09T22:00:00,Siège Est,79.5
2026-08-09T22:00:00,Usine Nord,180.5
2026-08-09T22:15:00,Atelier Sud,82.1
2026-08-09T22:15:00,Siège Est,58.2
2026-08-09T22:15:00,Usine Nord,185.2
2026-08-09T22:30:00,Atelier Sud,89.8
2026-08-09T22:30:00,Siège Est,78.1
2026-08-09T22:30:00,Usine Nord,216.7
2026-08-09T22:45:00,Atelier Sud,74.6
2026-08-09T22:45:00,Siège Est,82.1
2026-08-09T22:45:00,Usine Nord,132.1
2026-08-09T23:00:00,Atelier Sud,74.7
2026-08-09T23:00:00,Siège Est,75.6
2026-08-09T23:00:00,Usine Nord,155.9
2026-08-09T23:15:00,Atelier Sud,66.4
2026-08-09T23:15:00,Siège Est,69.0
2026-08-09T23:15:00,Usine Nord,178.3
2026-08-09T23:30:00,Atelier Sud,56.0
2026-08-09T23:30:00,Siège Est,71.9
2026-08-09T23:30:00,Usine Nord,168.4
2026-08-09T23:45:00,Atelier Sud,77.8
2026-08-09T23:45:00,Siège Est,67.6
2026-08-09T23:45:00,Usine Nord,145.8
2026-08-10T00:00:00,Atelier Sud,51.2
2026-08-10T00:00:00,Siège Est,72.5
2026-08-10T00:00:00,Usine Nord,181.1
2026-08-10T00:15:00,Atelier Sud,84.4
2026-08-10T00:15:00,Siège Est,88.1
2026-08-10T00:15:00,Usine Nord,136.8
2026-08-10T00:30:00,Atelier Sud,71.9
2026-08-10T00:30:00,Siège Est,70.0
2026-08-10T00:30:00,Usine Nord,207.0
2026-08-10T00:45:00,Atelier Sud,55.7
2026-08-10T00:45:00,Siège Est,72.8
2026-08-10T00:45:00,Usine Nord,169.4
2026-08-10T01:00:00,Atelier Sud,72.7
2026-08-10T01:00:00,Siège Est,85.6
2026-08-10T01:00:00,Usine Nord,158.2
2026-08-10T01:15:00,Atelier Sud,50.4
2026-08-10T01:15:00,Siège Est,88.3
2026-08-10T01:15:00,Usine Nord,190.3
2026-08-10T01:30:00,Atelier Sud,59.2
2026-08-10T01:30:00,Siège Est,67.6
2026-08-10T01:30:00,Usine Nord,180.7
2026-08-10T01:45:00,Atelier Sud,42.4
2026-08-10T01:45:00,Siège Est,69.3
2026-08-10T01:45:00,Usine Nord,191.1
2026-08-10T02:00:00,Atelier Sud,92.1
2026-08-10T02:00:00,Siège Est,70.1
2026-08-10T02:00:00,Usine Nord,174.2
2026-08-10T02:15:00,Atelier Sud,66.1
2026-08-10T02:15:00,Siège Est,73.5
2026-08-10T02:15:00,Usine Nord,172.9
2026-08-10T02:30:00,Atelier Sud,52.9
2026-08-10T02:30:00,Siège Est,62.3
2026-08-10T02:30:00,Usine Nord,182.9
2026-08-10T02:45:00,Atelier Sud,77.1
2026-08-10T02:45:00,Siège Est,72.2
2026-08-10T02:45:00,Usine Nord,219.7
2026-08-10T03:00:00,Atelier Sud,58.1
2026-08-10T03:00:00,Siège Est,68.3
2026-08-10T03:00:00,Usine Nord,143.1
2026-08-10T03:15:00,Atelier Sud,59.5
2026-08-10T03:15:00,Siège Est,76.7
2026-08-10T03:15:00,Usine Nord,165.6
2026-08-10T03:30:00,Atelier Sud,71.8
2026-08-10T03:30:00,Siège Est,68.4
2026-08-10T03:30:00,Usine Nord,214.7
2026-08-10T03:45:00,Atelier Sud,85.0
2026-08-10T03:45:00,Siège Est,67.6
2026-08-10T03:45:00,Usine Nord,215.2
2026-08-10T04:00:00,Atelier Sud,84.0
2026-08-10T04:00:00,Siège Est,73.3
2026-08-10T04:00:00,Usine Nord,137.4
2026-08-10T04:15:00,Atelier Sud,73.0
2026-08-10T04:15:00,Siège Est,82.5
2026-08-10T04:15:00,Usine Nord,180.9
2026-08-10T04:30:00,Atelier Sud,61.0
2026-08-10T04:30:00,Siège Est,84.6
2026-08-10T04:30:00,Usine Nord,215.3
2026-08-10T04:45:00,Atelier Sud,63.7
2026-08-10T04:45:00,Siège Est,71.6
2026-08-10T04:45:00,Usine Nord,181.8
2026-08-10T05:00:00,Atelier Sud,62.5
2026-08-10T05:00:00,Siège Est,78.7
2026-08-10T05:00:00,Usine Nord,190.5
2026-08-10T05:15:00,Atelier Sud,72.9
2026-08-10T05:15:00,Siège Est,57.7
2026-08-10T05:15:00,Usine Nord,181.6
2026-08-10T05:30:00,Atelier Sud,63.8
2026-08-10T05:30:00,Siège Est,74.7
2026-08-10T05:30:00,Usine Nord,134.4
2026-08-10T05:45:00,Atelier Sud,56.1
2026-08-10T05:45:00,Siège Est,74.3
2026-08-10T05:45:00,Usine Nord,375.8
2026-08-10T06:00:00,Atelier Sud,78.4
2026-08-10T06:00:00,Siège Est,66.4
2026-08-10T06:00:00,Usine Nord,146.8
2026-08-10T06:15:00,Atelier Sud,84.1
2026-08-10T06:15:00,Siège Est,92.7
2026-08-10T06:15:00,Usine Nord,139.5
2026-08-10T06:30:00,Atelier Sud,97.3
2026-08-10T06:30:00,Siège Est,80.6
2026-08-10T06:30:00,Usine Nord,198.5
2026-08-10T06:45:00,Atelier Sud,157.7
2026-08-10T06:45:00,Siège Est,67.7
2026-08-10T06:45:00,Usine Nord,209.5
2026-08-10T07:00:00,Atelier Sud,177.5
2026-08-10T07:00:00,Siège Est,88.7
2026-08-10T07:00:00,Usine Nord,191.0
2026-08-10T07:15:00,Atelier Sud,156.4
2026-08-10T07:15:00,Siège Est,73.7
2026-08-10T07:15:00,Usine Nord,196.2
2026-08-10T07:30:00,Atelier Sud,186.7
2026-08-10T07:30:00,Siège Est,68.3
2026-08-10T07:30:00,Usine Nord,160.4
2026-08-10T07:45:00,Atelier Sud,192.2
2026-08-10T07:45:00,Siège Est,80.1
2026-08-10T07:45:00,Usine Nord,178.5
2026-08-10T08:00:00,Atelier Sud,228.4
2026-08-10T08:00:00,Siège Est,258.8
2026-08-10T08:00:00,Usine Nord,161.6
2026-08-10T08:15:00,Atelier Sud,218.0
2026-08-10T08:15:00,Siège Est,252.3
2026-08-10T08:15:00,Usine Nord,180.2
2026-08-10T08:30:00,Atelier Sud,264.0
2026-08-10T08:30:00,Siège Est,248.5
2026-08-10T08:30:00,Usine Nord,181.6
2026-08-10T08:45:00,Atelier Sud,245.5
2026-08-10T08:45:00,Siège Est,248.1
2026-08-10T08:45:00,Usine Nord,164.6
2026-08-10T09:00:00,Atelier Sud,288.7
2026-08-10T09:00:00,Siège Est,251.8
2026-08-10T09:00:00,Usine Nord,177.6
2026-08-10T09:15:00,Atelier Sud,296.5
2026-08-10T09:15:00,Siège Est,230.1
2026-08-10T09:15:00,Usine Nord,420.5
2026-08-10T09:30:00,Atelier Sud,309.8
2026-08-10T09:30:00,Siège Est,259.1
2026-08-10T09:30:00,Usine Nord,150.7
2026-08-10T09:45:00,Atelier Sud,339.0
2026-08-10T09:45:00,Siège Est,249.7
2026-08-10T09:45:00,Usine Nord,199.8
2026-08-10T10:00:00,Atelier Sud,302.1
2026-08-10T10:00:00,Siège Est,227.7
2026-08-10T10:00:00,Usine Nord,194.0
2026-08-10T10:15:00,Atelier Sud,300.9
2026-08-10T10:15:00,Siège Est,264.9
2026-08-10T10:15:00,Usine Nord,136.6
2026-08-10T10:30:00,Atelier Sud,357.4
2026-08-10T10:30:00,Siège Est,241.3
2026-08-10T10:30:00,Usine Nord,187.8
2026-08-10T10:45:00,Atelier Sud,354.6
2026-08-10T10:45:00,Siège Est,245.2
2026-08-10T10:45:00,Usine Nord,231.7
2026-08-10T11:00:00,Atelier Sud,327.4
2026-08-10T11:00:00,Siège Est,244.9
2026-08-10T11:00:00,Usine Nord,198.2
2026-08-10T11:15:00,Atelier Sud,297.9
2026-08-10T11:15:00,Siège Est,253.4
2026-08-10T11:15:00,Usine Nord,147.4
2026-08-10T11:30:00,Atelier Sud,323.8
2026-08-10T11:30:00,Siège Est,246.2
2026-08-10T11:30:00,Usine Nord,192.3
2026-08-10T11:45:00,Atelier Sud,338.4
2026-08-10T11:45:00,Siège Est,246.0
2026-08-10T11:45:00,Usine Nord,185.4
2026-08-10T12:00:00,Atelier Sud,320.6
2026-08-10T12:00:00,Siège Est,243.9
2026-08-10T12:00:00,Usine Nord,179.8
2026-08-10T12:15:00,Atelier Sud,382.7
2026-08-10T12:15:00,Siège Est,253.3
2026-08-10T12:15:00,Usine Nord,154.6
2026-08-10T12:30:00,Atelier Sud,359.9
2026-08-10T12:30:00,Siège Est,235.2
2026-08-10T12:30:00,Usine Nord,150.7
2026-08-10T12:45:00,Atelier Sud,334.1
2026-08-10T12:45:00,Siège Est,232.9
2026-08-10T12:45:00,Usine Nord,239.1
2026-08-10T13:00:00,Atelier Sud,299.4
2026-08-10T13:00:00,Siège Est,253.1
2026-08-10T13:00:00,Usine Nord,171.0
2026-08-10T13:15:00,Atelier Sud,301.1
2026-08-10T13:15:00,Siège Est,242.7
2026-08-10T13:15:00,Usine Nord,190.2
2026-08-10T13:30:00,Atelier Sud,301.1
2026-08-10T13:30:00,Siège Est,244.2
2026-08-10T13:30:00,Usine Nord,142.0
2026-08-10T13:45:00,Atelier Sud,327.7
2026-08-10T13:45:00,Siège Est,248.9
2026-08-10T13:45:00,Usine Nord,157.7
2026-08-10T14:00:00,Atelier Sud,256.5
2026-08-10T14:00:00,Siège Est,235.9
2026-08-10T14:00:00,Usine Nord,223.2
2026-08-10T14:15:00,Atelier Sud,288.2
2026-08-10T14:15:00,Siège Est,236.0
2026-08-10T14:15:00,Usine Nord,197.3
2026-08-10T14:30:00,Atelier Sud,298.4
2026-08-10T14:30:00,Siège Est,224.5
2026-08-10T14:30:00,Usine Nord,157.5
2026-08-10T14:45:00,Atelier Sud,302.1
2026-08-10T14:45:00,Siège Est,256.8
2026-08-10T14:45:00,Usine Nord,144.5
2026-08-10T15:00:00,Atelier Sud,271.3
2026-08-10T15:00:00,Siège Est,244.4
2026-08-10T15:00:00,Usine Nord,204.5
2026-08-10T15:15:00,Atelier Sud,212.6
2026-08-10T15:15:00,Siège Est,244.3
2026-08-10T15:15:00,Usine Nord,180.8
2026-08-10T15:30:00,Atelier Sud,242.8
2026-08-10T15:30:00,Siège Est,241.8
2026-08-10T15:30:00,Usine Nord,207.0
2026-08-10T15:45:00,Atelier Sud,221.3
2026-08-10T15:45:00,Siège Est,252.9
2026-08-10T15:45:00,Usine Nord,172.1
2026-08-10T16:00:00,Atelier Sud,230.8
2026-08-10T16:00:00,Siège Est,251.1
2026-08-10T16:00:00,Usine Nord,184.8
2026-08-10T16:15:00,Atelier Sud,234.6
2026-08-10T16:15:00,Siège Est,233.7
2026-08-10T16:15:00,Usine Nord,158.4
2026-08-10T16:30:00,Atelier Sud,152.2
2026-08-10T16:30:00,Siège Est,238.0
2026-08-10T16:30:00,Usine Nord,138.0
2026-08-10T16:45:00,Atelier Sud,173.6
2026-08-10T16:45:00,Siège Est,248.3
2026-08-10T16:45:00,Usine Nord,132.6
2026-08-10T17:00:00,Atelier Sud,118.6
2026-08-10T17:00:00,Siège Est,231.9
2026-08-10T17:00:00,Usine Nord,178.6
2026-08-10T17:15:00,Atelier Sud,108.2
2026-08-10T17:15:00,Siège Est,241.4
2026-08-10T17:15:00,Usine Nord,169.9
2026-08-10T17:30:00,Atelier Sud,93.5
2026-08-10T17:30:00,Siège Est,237.1
2026-08-10T17:30:00,Usine Nord,158.4
2026-08-10T17:45:00,Atelier Sud,78.7
2026-08-10T17:45:00,Siège Est,245.1
2026-08-10T17:45:00,Usine Nord,143.0
2026-08-10T18:00:00,Atelier Sud,45.9
2026-08-10T18:00:00,Siège Est,251.6
2026-08-10T18:00:00,Usine Nord,214.5
2026-08-10T18:15:00,Atelier Sud,95.6
2026-08-10T18:15:00,Siège Est,245.8
2026-08-10T18:15:00,Usine Nord,152.9
2026-08-10T18:30:00,Atelier Sud,77.9
2026-08-10T18:30:00,Siège Est,250.1
2026-08-10T18:30:00,Usine Nord,148.3
2026-08-10T18:45:00,Atelier Sud,70.0
2026-08-10T18:45:00,Siège Est,251.1
2026-08-10T18:45:00,Usine Nord,171.2
2026-08-10T19:00:00,Atelier Sud,67.6
2026-08-10T19:00:00,Siège Est,60.8
2026-08-10T19:00:00,Usine Nord,180.2
2026-08-10T19:15:00,Atelier Sud,63.0
2026-08-10T19:15:00,Siège Est,62.2
2026-08-10T19:15:00,Usine Nord,183.2
2026-08-10T19:30:00,Atelier Sud,92.0
2026-08-10T19:30:00,Siège Est,52.3
2026-08-10T19:30:00,Usine Nord,203.0
2026-08-10T19:45:00,Atelier Sud,75.3
2026-08-10T19:45:00,Siège Est,87.6
2026-08-10T19:45:00,Usine Nord,191.5
2026-08-10T20:00:00,Atelier Sud,63.4
2026-08-10T20:00:00,Siège Est,63.2
2026-08-10T20:00:00,Usine Nord,161.8
2026-08-10T20:15:00,Atelier Sud,89.8
2026-08-10T20:15:00,Siège Est,67.4
2026-08-10T20:15:00,Usine Nord,189.4
2026-08-10T20:30:00,Atelier Sud,87.2
2026-08-10T20:30:00,Siège Est,68.8
2026-08-10T20:30:00,Usine Nord,177.1
2026-08-10T20:45:00,Atelier Sud,88.3
2026-08-10T20:45:00,Siège Est,83.3
2026-08-10T20:45:00,Usine Nord,217.8
2026-08-10T21:00:00,Atelier Sud,66.8
2026-08-10T21:00:00,Siège Est,78.5
2026-08-10T21:00:00,Usine Nord,166.6
2026-08-10T21:15:00,Atelier Sud,74.6
2026-08-10T21:15:00,Siège Est,70.3
2026-08-10T21:15:00,Usine Nord,158.8
2026-08-10T21:30:00,Atelier Sud,69.5
2026-08-10T21:30:00,Siège Est,65.2
2026-08-10T21:30:00,Usine Nord,150.5
2026-08-10T21:45:00,Atelier Sud,96.6
2026-08-10T21:45:00,Siège Est,62.7
2026-08-10T21:45:00,Usine Nord,158.6
2026-08-10T22:00:00,Atelier Sud,92.8
2026-08-10T22:00:00,Siège Est,70.4
2026-08-10T22:00:00,Usine Nord,166.0
2026-08-10T22:15:00,Atelier Sud,97.2
2026-08-10T22:15:00,Siège Est,59.3
2026-08-10T22:15:00,Usine Nord,211.4
2026-08-10T22:30:00,Atelier Sud,78.2
2026-08-10T22:30:00,Siège Est,82.0
2026-08-10T22:30:00,Usine Nord,155.2
2026-08-10T22:45:00,Atelier Sud,76.9
2026-08-10T22:45:00,Siège Est,66.6
2026-08-10T22:45:00,Usine Nord,143.1
2026-08-10T23:00:00,Atelier Sud,81.7
2026-08-10T23:00:00,Siège Est,72.7
2026-08-10T23:00:00,Usine Nord,162.9
2026-08-10T23:15:00,Atelier Sud,50.1
2026-08-10T23:15:00,Siège Est,74.8
2026-08-10T23:15:00,Usine Nord,153.3
2026-08-10T23:30:00,Atelier Sud,85.0
2026-08-10T23:30:00,Siège Est,81.6
2026-08-10T23:30:00,Usine Nord,144.6
2026-08-10T23:45:00,Atelier Sud,67.4
2026-08-10T23:45:00,Siège Est,73.4
2026-08-10T23:45:00,Usine Nord,187.7
2026-08-11T00:00:00,Atelier Sud,77.0
2026-08-11T00:00:00,Siège Est,69.5
2026-08-11T00:00:00,Usine Nord,163.9
2026-08-11T00:15:00,Atelier Sud,63.3
2026-08-11T00:15:00,Siège Est,88.1
2026-08-11T00:15:00,Usine Nord,164.6
2026-08-11T00:30:00,Atelier Sud,75.7
2026-08-11T00:30:00,Siège Est,82.3
2026-08-11T00:30:00,Usine Nord,224.5
2026-08-11T00:45:00,Atelier Sud,93.1
2026-08-11T00:45:00,Siège Est,85.8
2026-08-11T00:45:00,Usine Nord,147.2
2026-08-11T01:00:00,Atelier Sud,77.9
2026-08-11T01:00:00,Siège Est,90.5
2026-08-11T01:00:00,Usine Nord,198.0
2026-08-11T01:15:00,Atelier Sud,51.7
2026-08-11T01:15:00,Siège Est,66.2
2026-08-11T01:15:00,Usine Nord,177.5
2026-08-11T01:30:00,Atelier Sud,65.4
2026-08-11T01:30:00,Siège Est,86.9
2026-08-11T01:30:00,Usine Nord,151.1
2026-08-11T01:45:00,Atelier Sud,74.8
2026-08-11T01:45:00,Siège Est,69.1
2026-08-11T01:45:00,Usine Nord,211.8
2026-08-11T02:00:00,Atelier Sud,78.2
2026-08-11T02:00:00,Siège Est,69.7
2026-08-11T02:00:00,Usine Nord,145.3
2026-08-11T02:15:00,Atelier Sud,68.4
2026-08-11T02:15:00,Siège Est,65.6
2026-08-11T02:15:00,Usine Nord,168.3
2026-08-11T02:30:00,Atelier Sud,64.3
2026-08-11T02:30:00,Siège Est,64.1
2026-08-11T02:30:00,Usine Nord,190.8
2026-08-11T02:45:00,Atelier Sud,81.2
2026-08-11T02:45:00,Siège Est,75.9
2026-08-11T02:45:00,Usine Nord,180.7
2026-08-11T03:00:00,Atelier Sud,70.3
2026-08-11T03:00:00,Siège Est,56.5
2026-08-11T03:00:00,Usine Nord,150.2
2026-08-11T03:15:00,Atelier Sud,68.9
2026-08-11T03:15:00,Siège Est,69.9
2026-08-11T03:15:00,Usine Nord,210.4
2026-08-11T03:30:00,Atelier Sud,78.7
2026-08-11T03:30:00,Siège Est,70.2
2026-08-11T03:30:00,Usine Nord,211.8
2026-08-11T03:45:00,Atelier Sud,71.8
2026-08-11T03:45:00,Siège Est,58.1
2026-08-11T03:45:00,Usine Nord,156.2
2026-08-11T04:00:00,Atelier Sud,63.0
2026-08-11T04:00:00,Siège Est,90.7
2026-08-11T04:00:00,Usine Nord,206.8
2026-08-11T04:15:00,Atelier Sud,55.1
2026-08-11T04:15:00,Siège Est,61.4
2026-08-11T04:15:00,Usine Nord,184.6
2026-08-11T04:30:00,Atelier Sud,82.7
2026-08-11T04:30:00,Siège Est,66.9
2026-08-11T04:30:00,Usine Nord,159.3
2026-08-11T04:45:00,Atelier Sud,59.2
2026-08-11T04:45:00,Siège Est,72.2
2026-08-11T04:45:00,Usine Nord,203.5
2026-08-11T05:00:00,Atelier Sud,83.7
2026-08-11T05:00:00,Siège Est,84.2
2026-08-11T05:00:00,Usine Nord,160.1
2026-08-11T05:15:00,Atelier Sud,58.8
2026-08-11T05:15:00,Siège Est,69.4
2026-08-11T05:15:00,Usine Nord,152.3
2026-08-11T05:30:00,Atelier Sud,77.1
2026-08-11T05:30:00,Siège Est,66.9
2026-08-11T05:30:00,Usine Nord,199.0
2026-08-11T05:45:00,Atelier Sud,70.1
2026-08-11T05:45:00,Siège Est,81.6
2026-08-11T05:45:00,Usine Nord,187.6
2026-08-11T06:00:00,Atelier Sud,56.8
2026-08-11T06:00:00,Siège Est,69.1
2026-08-11T06:00:00,Usine Nord,165.9
2026-08-11T06:15:00,Atelier Sud,68.8
2026-08-11T06:15:00,Siège Est,81.4
2026-08-11T06:15:00,Usine Nord,169.9
2026-08-11T06:30:00,Atelier Sud,125.0
2026-08-11T06:30:00,Siège Est,70.8
2026-08-11T06:30:00,Usine Nord,210.8
2026-08-11T06:45:00,Atelier Sud,131.5
2026-08-11T06:45:00,Siège Est,72.6
2026-08-11T06:45:00,Usine Nord,180.6
2026-08-11T07:00:00,Atelier Sud,172.9
2026-08-11T07:00:00,Siège Est,81.9
2026-08-11T07:00:00,Usine Nord,230.4
2026-08-11T07:15:00,Atelier Sud,190.1
2026-08-11T07:15:00,Siège Est,63.2
2026-08-11T07:15:00,Usine Nord,167.8
2026-08-11T07:30:00,Atelier Sud,212.2
2026-08-11T07:30:00,Siège Est,63.9
2026-08-11T07:30:00,Usine Nord,190.7
2026-08-11T07:45:00,Atelier Sud,207.0
2026-08-11T07:45:00,Siège Est,80.1
2026-08-11T07:45:00,Usine Nord,177.0
2026-08-11T08:00:00,Atelier Sud,225.4
2026-08-11T08:00:00,Siège Est,238.7
2026-08-11T08:00:00,Usine Nord,206.2
2026-08-11T08:15:00,Atelier Sud,210.7
2026-08-11T08:15:00,Siège Est,244.0
2026-08-11T08:15:00,Usine Nord,189.0
2026-08-11T08:30:00,Atelier Sud,272.2
2026-08-11T08:30:00,Siège Est,243.8
2026-08-11T08:30:00,Usine Nord,185.8
2026-08-11T08:45:00,Atelier Sud,255.0
2026-08-11T08:45:00,Siège Est,237.7
2026-08-11T08:45:00,Usine Nord,204.1
2026-08-11T09:00:00,Atelier Sud,272.6
2026-08-11T09:00:00,Siège Est,228.2
2026-08-11T09:00:00,Usine Nord,195.7
2026-08-11T09:15:00,Atelier Sud,274.1
2026-08-11T09:15:00,Siège Est,244.5
2026-08-11T09:15:00,Usine Nord,149.5
2026-08-11T09:30:00,Atelier Sud,291.6
2026-08-11T09:30:00,Siège Est,240.9
2026-08-11T09:30:00,Usine Nord,160.4
2026-08-11T09:45:00,Atelier Sud,286.9
2026-08-11T09:45:00,Siège Est,258.7
2026-08-11T09:45:00,Usine Nord,212.3
2026-08-11T10:00:00,Atelier Sud,297.6
2026-08-11T10:00:00,Siège Est,250.9
2026-08-11T10:00:00,Usine Nord,196.4
2026-08-11T10:15:00,Atelier Sud,305.1
2026-08-11T10:15:00,Siège Est,238.0
2026-08-11T10:15:00,Usine Nord,161.2
2026-08-11T10:30:00,Atelier Sud,368.3
2026-08-11T10:30:00,Siège Est,239.1
2026-08-11T10:30:00,Usine Nord,156.7
2026-08-11T10:45:00,Atelier Sud,321.5
2026-08-11T10:45:00,Siège Est,244.3
2026-08-11T10:45:00,Usine Nord,230.3
2026-08-11T11:00:00,Atelier Sud,315.0
2026-08-11T11:00:00,Siège Est,241.6
2026-08-11T11:00:00,Usine Nord,165.4
2026-08-11T11:15:00,Atelier Sud,336.2
2026-08-11T11:15:00,Siège Est,242.7
2026-08-11T11:15:00,Usine Nord,179.9
2026-08-11T11:30:00,Atelier Sud,361.0
2026-08-11T11:30:00,Siège Est,234.8
2026-08-11T11:30:00,Usine Nord,191.7
2026-08-11T11:45:00,Atelier Sud,313.0
2026-08-11T11:45:00,Siège Est,240.4
2026-08-11T11:45:00,Usine Nord,195.2
2026-08-11T12:00:00,Atelier Sud,382.1
2026-08-11T12:00:00,Siège Est,246.4
2026-08-11T12:00:00,Usine Nord,158.9
2026-08-11T12:15:00,Atelier Sud,402.7
2026-08-11T12:15:00,Siège Est,233.8
2026-08-11T12:15:00,Usine Nord,165.1
2026-08-11T12:30:00,Atelier Sud,337.0
2026-08-11T12:30:00,Siège Est,246.8
2026-08-11T12:30:00,Usine Nord,206.0
2026-08-11T12:45:00,Atelier Sud,289.8
2026-08-11T12:45:00,Siège Est,261.2
2026-08-11T12:45:00,Usine Nord,186.4
2026-08-11T13:00:00,Atelier Sud,298.3
2026-08-11T13:00:00,Siège Est,235.6
2026-08-11T13:00:00,Usine Nord,178.5
2026-08-11T13:15:00,Atelier Sud,336.2
2026-08-11T13:15:00,Siège Est,246.5
2026-08-11T13:15:00,Usine Nord,154.1
2026-08-11T13:30:00,Atelier Sud,285.1
2026-08-11T13:30:00,Siège Est,257.3
2026-08-11T13:30:00,Usine Nord,162.3
2026-08-11T13:45:00,Atelier Sud,287.2
2026-08-11T13:45:00,Siège Est,238.9
2026-08-11T13:45:00,Usine Nord,173.0
2026-08-11T14:00:00,Atelier Sud,290.3
2026-08-11T14:00:00,Siège Est,255.5
2026-08-11T14:00:00,Usine Nord,182.8
2026-08-11T14:15:00,Atelier Sud,320.2
2026-08-11T14:15:00,Siège Est,261.9
2026-08-11T14:15:00,Usine Nord,212.8
2026-08-11T14:30:00,Atelier Sud,281.0
2026-08-11T14:30:00,Siège Est,250.3
2026-08-11T14:30:00,Usine Nord,183.9
2026-08-11T14:45:00,Atelier Sud,246.7
2026-08-11T14:45:00,Siège Est,245.9
2026-08-11T14:45:00,Usine Nord,199.3
2026-08-11T15:00:00,Atelier Sud,278.1
2026-08-11T15:00:00,Siège Est,268.7
2026-08-11T15:00:00,Usine Nord,195.4
2026-08-11T15:15:00,Atelier Sud,224.3
2026-08-11T15:15:00,Siège Est,245.7
2026-08-11T15:15:00,Usine Nord,189.9
2026-08-11T15:30:00,Atelier Sud,216.3
2026-08-11T15:30:00,Siège Est,246.3
2026-08-11T15:30:00,Usine Nord,195.8
2026-08-11T15:45:00,Atelier Sud,215.7
2026-08-11T15:45:00,Siège Est,245.7
2026-08-11T15:45:00,Usine Nord,154.6
2026-08-11T16:00:00,Atelier Sud,187.7
2026-08-11T16:00:00,Siège Est,241.8
2026-08-11T16:00:00,Usine Nord,202.4
2026-08-11T16:15:00,Atelier Sud,173.4
2026-08-11T16:15:00,Siège Est,248.5
2026-08-11T16:15:00,Usine Nord,211.1
2026-08-11T16:30:00,Atelier Sud,176.6
2026-08-11T16:30:00,Siège Est,233.3
2026-08-11T16:30:00,Usine Nord,161.5
2026-08-11T16:45:00,Atelier Sud,113.9
2026-08-11T16:45:00,Siège Est,258.8
2026-08-11T16:45:00,Usine Nord,198.3
2026-08-11T17:00:00,Atelier Sud,169.2
2026-08-11T17:00:00,Siège Est,239.9
2026-08-11T17:00:00,Usine Nord,165.4
2026-08-11T17:15:00,Atelier Sud,111.1
2026-08-11T17:15:00,Siège Est,244.2
2026-08-11T17:15:00,Usine Nord,202.0
2026-08-11T17:30:00,Atelier Sud,105.7
2026-08-11T17:30:00,Siège Est,243.4
2026-08-11T17:30:00,Usine Nord,159.8
2026-08-11T17:45:00,Atelier Sud,63.2
2026-08-11T17:45:00,Siège Est,257.6
2026-08-11T17:45:00,Usine Nord,174.4
2026-08-11T18:00:00,Atelier Sud,68.5
2026-08-11T18:00:00,Siège Est,246.4
2026-08-11T18:00:00,Usine Nord,206.1
2026-08-11T18:15:00,Atelier Sud,61.5
2026-08-11T18:15:00,Siège Est,255.9
2026-08-11T18:15:00,Usine Nord,178.1
2026-08-11T18:30:00,Atelier Sud,83.3
2026-08-11T18:30:00,Siège Est,251.2
2026-08-11T18:30:00,Usine Nord,148.9
2026-08-11T18:45:00,Atelier Sud,78.0
2026-08-11T18:45:00,Siège Est,238.7
2026-08-11T18:45:00,Usine Nord,172.6
2026-08-11T19:00:00,Atelier Sud,66.1
2026-08-11T19:00:00,Siège Est,62.3
2026-08-11T19:00:00,Usine Nord,200.3
2026-08-11T19:15:00,Atelier Sud,59.5
2026-08-11T19:15:00,Siège Est,81.9
2026-08-11T19:15:00,Usine Nord,173.1
2026-08-11T19:30:00,Atelier Sud,76.4
2026-08-11T19:30:00,Siège Est,70.5
2026-08-11T19:30:00,Usine Nord,139.6
2026-08-11T19:45:00,Atelier Sud,64.2
2026-08-11T19:45:00,Siège Est,74.9
2026-08-11T19:45:00,Usine Nord,178.1
2026-08-11T20:00:00,Atelier Sud,58.2
2026-08-11T20:00:00,Siège Est,60.2
2026-08-11T20:00:00,Usine Nord,154.5
2026-08-11T20:15:00,Atelier Sud,90.1
2026-08-11T20:15:00,Siège Est,76.9
2026-08-11T20:15:00,Usine Nord,133.9
2026-08-11T20:30:00,Atelier Sud,74.8
2026-08-11T20:30:00,Siège Est,77.3
2026-08-11T20:30:00,Usine Nord,146.9
2026-08-11T20:45:00,Atelier Sud,90.3
2026-08-11T20:45:00,Siège Est,67.0
2026-08-11T20:45:00,Usine Nord,170.7
2026-08-11T21:00:00,Atelier Sud,75.6
2026-08-11T21:00:00,Siège Est,62.0
2026-08-11T21:00:00,Usine Nord,160.0
2026-08-11T21:15:00,Atelier Sud,74.6
2026-08-11T21:15:00,Siège Est,71.4
2026-08-11T21:15:00,Usine Nord,153.9
2026-08-11T21:30:00,Atelier Sud,72.9
2026-08-11T21:30:00,Siège Est,60.4
2026-08-11T21:30:00,Usine Nord,214.1
2026-08-11T21:45:00,Atelier Sud,68.6
2026-08-11T21:45:00,Siège Est,72.6
2026-08-11T21:45:00,Usine Nord,138.4
2026-08-11T22:00:00,Atelier Sud,65.4
2026-08-11T22:00:00,Siège Est,73.8
2026-08-11T22:00:00,Usine Nord,161.8
2026-08-11T22:15:00,Atelier Sud,92.5
2026-08-11T22:15:00,Siège Est,78.8
2026-08-11T22:15:00,Usine Nord,200.4
2026-08-11T22:30:00,Atelier Sud,62.1
2026-08-11T22:30:00,Siège Est,75.9
2026-08-11T22:30:00,Usine Nord,173.2
2026-08-11T22:45:00,Atelier Sud,70.1
2026-08-11T22:45:00,Siège Est,69.5
2026-08-11T22:45:00,Usine Nord,164.7
2026-08-11T23:00:00,Atelier Sud,83.0
2026-08-11T23:00:00,Siège Est,74.4
2026-08-11T23:00:00,Usine Nord,182.2
2026-08-11T23:15:00,Atelier Sud,93.7
2026-08-11T23:15:00,Siège Est,62.6
2026-08-11T23:15:00,Usine Nord,126.0
2026-08-11T23:30:00,Atelier Sud,95.1
2026-08-11T23:30:00,Siège Est,85.6
2026-08-11T23:30:00,Usine Nord,152.0
2026-08-11T23:45:00,Atelier Sud,61.8
2026-08-11T23:45:00,Siège Est,72.8
2026-08-11T23:45:00,Usine Nord,185.1
2026-08-12T00:00:00,Atelier Sud,77.0
2026-08-12T00:00:00,Siège Est,69.0
2026-08-12T00:00:00,Usine Nord,144.9
2026-08-12T00:15:00,Atelier Sud,72.4
2026-08-12T00:15:00,Siège Est,75.3
2026-08-12T00:15:00,Usine Nord,189.9
2026-08-12T00:30:00,Atelier Sud,55.8
2026-08-12T00:30:00,Siège Est,66.8
2026-08-12T00:30:00,Usine Nord,173.1
2026-08-12T00:45:00,Atelier Sud,74.4
2026-08-12T00:45:00,Siège Est,74.2
2026-08-12T00:45:00,Usine Nord,179.5
2026-08-12T01:00:00,Atelier Sud,51.3
2026-08-12T01:00:00,Siège Est,80.2
2026-08-12T01:00:00,Usine Nord,254.1
2026-08-12T01:15:00,Atelier Sud,55.2
2026-08-12T01:15:00,Siège Est,78.0
2026-08-12T01:15:00,Usine Nord,194.3
2026-08-12T01:30:00,Atelier Sud,61.9
2026-08-12T01:30:00,Siège Est,87.3
2026-08-12T01:30:00,Usine Nord,179.9
2026-08-12T01:45:00,Atelier Sud,92.4
2026-08-12T01:45:00,Siège Est,70.1
2026-08-12T01:45:00,Usine Nord,136.8
2026-08-12T02:00:00,Atelier Sud,49.5
2026-08-12T02:00:00,Siège Est,70.4
2026-08-12T02:00:00,Usine Nord,174.2
2026-08-12T02:15:00,Atelier Sud,88.4
2026-08-12T02:15:00,Siège Est,58.0
2026-08-12T02:15:00,Usine Nord,188.5
2026-08-12T02:30:00,Atelier Sud,27.2
2026-08-12T02:30:00,Siège Est,65.2
2026-08-12T02:30:00,Usine Nord,186.3
2026-08-12T02:45:00,Atelier Sud,73.2
2026-08-12T02:45:00,Siège Est,76.1
2026-08-12T02:45:00,Usine Nord,200.5
2026-08-12T03:00:00,Atelier Sud,65.5
2026-08-12T03:00:00,Siège Est,73.4
2026-08-12T03:00:00,Usine Nord,148.8
2026-08-12T03:15:00,Atelier Sud,73.8
2026-08-12T03:15:00,Siège Est,76.3
2026-08-12T03:15:00,Usine Nord,166.4
2026-08-12T03:30:00,Atelier Sud,69.8
2026-08-12T03:30:00,Siège Est,83.2
2026-08-12T03:30:00,Usine Nord,192.1
2026-08-12T03:45:00,Atelier Sud,59.2
2026-08-12T03:45:00,Siège Est,79.3
2026-08-12T03:45:00,Usine Nord,146.6
2026-08-12T04:00:00,Atelier Sud,65.1
2026-08-12T04:00:00,Siège Est,67.6
2026-08-12T04:00:00,Usine Nord,166.2
2026-08-12T04:15:00,Atelier Sud,63.4
2026-08-12T04:15:00,Siège Est,89.8
2026-08-12T04:15:00,Usine Nord,190.3
2026-08-12T04:30:00,Atelier Sud,60.1
2026-08-12T04:30:00,Siège Est,77.3
2026-08-12T04:30:00,Usine Nord,176.3
2026-08-12T04:45:00,Atelier Sud,55.9
2026-08-12T04:45:00,Siège Est,79.7
2026-08-12T04:45:00,Usine Nord,186.5
2026-08-12T05:00:00,Atelier Sud,90.8
2026-08-12T05:00:00,Siège Est,83.8
2026-08-12T05:00:00,Usine Nord,156.1
2026-08-12T05:15:00,Atelier Sud,67.7
2026-08-12T05:15:00,Siège Est,83.5
2026-08-12T05:15:00,Usine Nord,189.8
2026-08-12T05:30:00,Atelier Sud,93.4
2026-08-12T05:30:00,Siège Est,61.7
2026-08-12T05:30:00,Usine Nord,203.2
2026-08-12T05:45:00,Atelier Sud,64.9
2026-08-12T05:45:00,Siège Est,69.4
2026-08-12T05:45:00,Usine Nord,167.5
2026-08-12T06:00:00,Atelier Sud,67.4
2026-08-12T06:00:00,Siège Est,69.3
2026-08-12T06:00:00,Usine Nord,172.8
2026-08-12T06:15:00,Atelier Sud,87.2
2026-08-12T06:15:00,Siège Est,68.8
2026-08-12T06:15:00,Usine Nord,154.7
2026-08-12T06:30:00,Atelier Sud,109.8
2026-08-12T06:30:00,Siège Est,76.1
2026-08-12T06:30:00,Usine Nord,201.2
2026-08-12T06:45:00,Atelier Sud,131.9
2026-08-12T06:45:00,Siège Est,77.2
2026-08-12T06:45:00,Usine Nord,146.1
2026-08-12T07:00:00,Atelier Sud,164.5
2026-08-12T07:00:00,Siège Est,83.1
2026-08-12T07:00:00,Usine Nord,193.4
2026-08-12T07:15:00,Atelier Sud,177.9
2026-08-12T07:15:00,Siège Est,67.5
2026-08-12T07:15:00,Usine Nord,118.8
2026-08-12T07:30:00,Atelier Sud,190.2
2026-08-12T07:30:00,Siège Est,70.9
2026-08-12T07:30:00,Usine Nord,219.0
2026-08-12T07:45:00,Atelier Sud,178.6
2026-08-12T07:45:00,Siège Est,75.4
2026-08-12T07:45:00,Usine Nord,209.0
2026-08-12T08:00:00,Atelier Sud,246.4
2026-08-12T08:00:00,Siège Est,250.8
2026-08-12T08:00:00,Usine Nord,166.6
2026-08-12T08:15:00,Atelier Sud,237.1
2026-08-12T08:15:00,Siège Est,237.9
2026-08-12T08:15:00,Usine Nord,198.5
2026-08-12T08:30:00,Atelier Sud,268.9
2026-08-12T08:30:00,Siège Est,241.9
2026-08-12T08:30:00,Usine Nord,190.0
2026-08-12T08:45:00,Atelier Sud,284.6
2026-08-12T08:45:00,Siège Est,249.6
2026-08-12T08:45:00,Usine Nord,259.6
2026-08-12T09:00:00,Atelier Sud,257.0
2026-08-12T09:00:00,Siège Est,258.0
2026-08-12T09:00:00,Usine Nord,185.3
2026-08-12T09:15:00,Atelier Sud,249.7
2026-08-12T09:15:00,Siège Est,224.6
2026-08-12T09:15:00,Usine Nord,193.7
2026-08-12T09:30:00,Atelier Sud,307.6
2026-08-12T09:30:00,Siège Est,246.7
2026-08-12T09:30:00,Usine Nord,163.4
2026-08-12T09:45:00,Atelier Sud,274.5
2026-08-12T09:45:00,Siège Est,245.4
2026-08-12T09:45:00,Usine Nord,185.6
2026-08-12T10:00:00,Atelier Sud,274.3
2026-08-12T10:00:00,Siège Est,245.7
2026-08-12T10:00:00,Usine Nord,173.6
2026-08-12T10:15:00,Atelier Sud,324.9
2026-08-12T10:15:00,Siège Est,239.9
2026-08-12T10:15:00,Usine Nord,184.6
2026-08-12T10:30:00,Atelier Sud,350.4
2026-08-12T10:30:00,Siège Est,249.1
2026-08-12T10:30:00,Usine Nord,147.5
2026-08-12T10:45:00,Atelier Sud,297.3
2026-08-12T10:45:00,Siège Est,244.6
2026-08-12T10:45:00,Usine Nord,172.5
2026-08-12T11:00:00,Atelier Sud,296.3
2026-08-12T11:00:00,Siège Est,241.6
2026-08-12T11:00:00,Usine Nord,157.9
2026-08-12T11:15:00,Atelier Sud,336.4
2026-08-12T11:15:00,Siège Est,250.7
2026-08-12T11:15:00,Usine Nord,207.3
2026-08-12T11:30:00,Atelier Sud,341.8
2026-08-12T11:30:00,Siège Est,240.0
2026-08-12T11:30:00,Usine Nord,187.8
2026-08-12T11:45:00,Atelier Sud,352.6
2026-08-12T11:45:00,Siège Est,243.8
2026-08-12T11:45:00,Usine Nord,189.3
2026-08-12T12:00:00,Atelier Sud,372.4
2026-08-12T12:00:00,Siège Est,256.0
2026-08-12T12:00:00,Usine Nord,152.3
2026-08-12T12:15:00,Atelier Sud,286.8
2026-08-12T12:15:00,Siège Est,250.8
2026-08-12T12:15:00,Usine Nord,199.3
2026-08-12T12:30:00,Atelier Sud,351.5
2026-08-12T12:30:00,Siège Est,237.8
2026-08-12T12:30:00,Usine Nord,245.5
2026-08-12T12:45:00,Atelier Sud,281.8
2026-08-12T12:45:00,Siège Est,236.5
2026-08-12T12:45:00,Usine Nord,232.1
2026-08-12T13:00:00,Atelier Sud,293.0
2026-08-12T13:00:00,Siège Est,245.1
2026-08-12T13:00:00,Usine Nord,191.5
2026-08-12T13:15:00,Atelier Sud,348.5
2026-08-12T13:15:00,Siège Est,245.3
2026-08-12T13:15:00,Usine Nord,218.4
2026-08-12T13:30:00,Atelier Sud,346.6
2026-08-12T13:30:00,Siège Est,258.4
2026-08-12T13:30:00,Usine Nord,194.1
2026-08-12T13:45:00,Atelier Sud,292.8
2026-08-12T13:45:00,Siège Est,247.2
2026-08-12T13:45:00,Usine Nord,204.0
2026-08-12T14:00:00,Atelier Sud,302.1
2026-08-12T14:00:00,Siège Est,237.7
2026-08-12T14:00:00,Usine Nord,160.8
2026-08-12T14:15:00,Atelier Sud,247.4
2026-08-12T14:15:00,Siège Est,253.4
2026-08-12T14:15:00,Usine Nord,166.1
2026-08-12T14:30:00,Atelier Sud,309.9
2026-08-12T14:30:00,Siège Est,251.4
2026-08-12T14:30:00,Usine Nord,176.4
2026-08-12T14:45:00,Atelier Sud,273.0
2026-08-12T14:45:00,Siège Est,245.4
2026-08-12T14:45:00,Usine Nord,207.3
2026-08-12T15:00:00,Atelier Sud,229.5
2026-08-12T15:00:00,Siège Est,247.6
2026-08-12T15:00:00,Usine Nord,200.0
2026-08-12T15:15:00,Atelier Sud,225.2
2026-08-12T15:15:00,Siège Est,263.6
2026-08-12T15:15:00,Usine Nord,165.4
2026-08-12T15:30:00,Atelier Sud,232.7
2026-08-12T15:30:00,Siège Est,240.6
2026-08-12T15:30:00,Usine Nord,201.4
2026-08-12T15:45:00,Atelier Sud,216.2
2026-08-12T15:45:00,Siège Est,245.2
2026-08-12T15:45:00,Usine Nord,191.6
2026-08-12T16:00:00,Atelier Sud,216.7
2026-08-12T16:00:00,Siège Est,253.2
2026-08-12T16:00:00,Usine Nord,171.7
2026-08-12T16:15:00,Atelier Sud,188.7
2026-08-12T16:15:00,Siège Est,259.5
2026-08-12T16:15:00,Usine Nord,184.2
2026-08-12T16:30:00,Atelier Sud,159.3
2026-08-12T16:30:00,Siège Est,222.8
2026-08-12T16:30:00,Usine Nord,143.9
2026-08-12T16:45:00,Atelier Sud,146.4
2026-08-12T16:45:00,Siège Est,244.9
2026-08-12T16:45:00,Usine Nord,150.1
2026-08-12T17:00:00,Atelier Sud,117.8
2026-08-12T17:00:00,Siège Est,244.6
2026-08-12T17:00:00,Usine Nord,158.5
2026-08-12T17:15:00,Atelier Sud,117.3
2026-08-12T17:15:00,Siège Est,240.2
2026-08-12T17:15:00,Usine Nord,218.0
2026-08-12T17:30:00,Atelier Sud,101.3
2026-08-12T17:30:00,Siège Est,245.3
2026-08-12T17:30:00,Usine Nord,190.9
2026-08-12T17:45:00,Atelier Sud,82.5
2026-08-12T17:45:00,Siège Est,249.5
2026-08-12T17:45:00,Usine Nord,193.9
2026-08-12T18:00:00,Atelier Sud,86.5
2026-08-12T18:00:00,Siège Est,235.2
2026-08-12T18:00:00,Usine Nord,199.3
2026-08-12T18:15:00,Atelier Sud,82.5
2026-08-12T18:15:00,Siège Est,231.0
2026-08-12T18:15:00,Usine Nord,195.0
2026-08-12T18:30:00,Atelier Sud,48.3
2026-08-12T18:30:00,Siège Est,254.7
2026-08-12T18:30:00,Usine Nord,228.5
2026-08-12T18:45:00,Atelier Sud,66.6
2026-08-12T18:45:00,Siège Est,238.2
2026-08-12T18:45:00,Usine Nord,171.9
2026-08-12T19:00:00,Atelier Sud,64.7
2026-08-12T19:00:00,Siège Est,52.9
2026-08-12T19:00:00,Usine Nord,179.6
2026-08-12T19:15:00,Atelier Sud,89.3
2026-08-12T19:15:00,Siège Est,69.2
2026-08-12T19:15:00,Usine Nord,181.3
2026-08-12T19:30:00,Atelier Sud,55.0
2026-08-12T19:30:00,Siège Est,75.0
2026-08-12T19:30:00,Usine Nord,167.7
2026-08-12T19:45:00,Atelier Sud,64.6
2026-08-12T19:45:00,Siège Est,71.5
2026-08-12T19:45:00,Usine Nord,179.1
2026-08-12T20:00:00,Atelier Sud,70.4
2026-08-12T20:00:00,Siège Est,72.3
2026-08-12T20:00:00,Usine Nord,191.5
2026-08-12T20:15:00,Atelier Sud,97.8
2026-08-12T20:15:00,Siège Est,64.4
2026-08-12T20:15:00,Usine Nord,168.3
2026-08-12T20:30:00,Atelier Sud,48.3
2026-08-12T20:30:00,Siège Est,88.6
2026-08-12T20:30:00,Usine Nord,225.9
2026-08-12T20:45:00,Atelier Sud,51.6
2026-08-12T20:45:00,Siège Est,65.8
2026-08-12T20:45:00,Usine Nord,164.5
2026-08-12T21:00:00,Atelier Sud,52.9
2026-08-12T21:00:00,Siège Est,61.9
2026-08-12T21:00:00,Usine Nord,207.0
2026-08-12T21:15:00,Atelier Sud,45.3
2026-08-12T21:15:00,Siège Est,57.7
2026-08-12T21:15:00,Usine Nord,192.1
2026-08-12T21:30:00,Atelier Sud,48.9
2026-08-12T21:30:00,Siège Est,80.8
2026-08-12T21:30:00,Usine Nord,162.3
2026-08-12T21:45:00,Atelier Sud,58.8
2026-08-12T21:45:00,Siège Est,69.1
2026-08-12T21:45:00,Usine Nord,193.7
2026-08-12T22:00:00,Atelier Sud,57.4
2026-08-12T22:00:00,Siège Est,78.3
2026-08-12T22:00:00,Usine Nord,166.8
2026-08-12T22:15:00,Atelier Sud,67.2
2026-08-12T22:15:00,Siège Est,76.2
2026-08-12T22:15:00,Usine Nord,154.6
2026-08-12T22:30:00,Atelier Sud,60.2
2026-08-12T22:30:00,Siège Est,68.1
2026-08-12T22:30:00,Usine Nord,144.6
2026-08-12T22:45:00,Atelier Sud,46.9
2026-08-12T22:45:00,Siège Est,64.2
2026-08-12T22:45:00,Usine Nord,166.2
2026-08-12T23:00:00,Atelier Sud,76.3
2026-08-12T23:00:00,Siège Est,62.5
2026-08-12T23:00:00,Usine Nord,189.0
2026-08-12T23:15:00,Atelier Sud,77.9
2026-08-12T23:15:00,Siège Est,62.1
2026-08-12T23:15:00,Usine Nord,201.4
2026-08-12T23:30:00,Atelier Sud,54.0
2026-08-12T23:30:00,Siège Est,67.8
2026-08-12T23:30:00,Usine Nord,190.8
2026-08-12T23:45:00,Atelier Sud,88.9
2026-08-12T23:45:00,Siège Est,72.5
2026-08-12T23:45:00,Usine Nord,186.0
2026-08-13T00:00:00,Atelier Sud,56.5
2026-08-13T00:00:00,Siège Est,78.5
2026-08-13T00:00:00,Usine Nord,196.5
2026-08-13T00:15:00,Atelier Sud,73.6
2026-08-13T00:15:00,Siège Est,58.1
2026-08-13T00:15:00,Usine Nord,173.6
2026-08-13T00:30:00,Atelier Sud,53.2
2026-08-13T00:30:00,Siège Est,83.3
2026-08-13T00:30:00,Usine Nord,185.8
2026-08-13T00:45:00,Atelier Sud,59.7
2026-08-13T00:45:00,Siège Est,77.2
2026-08-13T00:45:00,Usine Nord,148.4
2026-08-13T01:00:00,Atelier Sud,75.1
2026-08-13T01:00:00,Siège Est,60.6
2026-08-13T01:00:00,Usine Nord,144.8
2026-08-13T01:15:00,Atelier Sud,71.0
2026-08-13T01:15:00,Siège Est,73.8
2026-08-13T01:15:00,Usine Nord,115.9
2026-08-13T01:30:00,Atelier Sud,84.3
2026-08-13T01:30:00,Siège Est,79.2
2026-08-13T01:30:00,Usine Nord,164.7
2026-08-13T01:45:00,Atelier Sud,74.8
2026-08-13T01:45:00,Siège Est,82.4
2026-08-13T01:45:00,Usine Nord,202.8
2026-08-13T02:00:00,Atelier Sud,62.4
2026-08-13T02:00:00,Siège Est,88.4
2026-08-13T02:00:00,Usine Nord,178.0
2026-08-13T02:15:00,Atelier Sud,90.9
2026-08-13T02:15:00,Siège Est,52.8
2026-08-13T02:15:00,Usine Nord,102.1
2026-08-13T02:30:00,Atelier Sud,58.8
2026-08-13T02:30:00,Siège Est,64.5
2026-08-13T02:30:00,Usine Nord,199.7
2026-08-13T02:45:00,Atelier Sud,57.2
2026-08-13T02:45:00,Siège Est,72.5
2026-08-13T02:45:00,Usine Nord,216.9
2026-08-13T03:00:00,Atelier Sud,76.0
2026-08-13T03:00:00,Siège Est,66.7
2026-08-13T03:00:00,Usine Nord,186.8
2026-08-13T03:15:00,Atelier Sud,66.5
2026-08-13T03:15:00,Siège Est,84.8
2026-08-13T03:15:00,Usine Nord,189.5
2026-08-13T03:30:00,Atelier Sud,61.5
2026-08-13T03:30:00,Siège Est,75.3
2026-08-13T03:30:00,Usine Nord,227.2
2026-08-13T03:45:00,Atelier Sud,70.0
2026-08-13T03:45:00,Siège Est,80.6
2026-08-13T03:45:00,Usine Nord,133.9
2026-08-13T04:00:00,Atelier Sud,51.0
2026-08-13T04:00:00,Siège Est,73.1
2026-08-13T04:00:00,Usine Nord,181.3
2026-08-13T04:15:00,Atelier Sud,80.4
2026-08-13T04:15:00,Siège Est,51.9
2026-08-13T04:15:00,Usine Nord,186.1
2026-08-13T04:30:00,Atelier Sud,64.3
2026-08-13T04:30:00,Siège Est,70.4
2026-08-13T04:30:00,Usine Nord,175.8
2026-08-13T04:45:00,Atelier Sud,63.8
2026-08-13T04:45:00,Siège Est,66.5
2026-08-13T04:45:00,Usine Nord,187.6
2026-08-13T05:00:00,Atelier Sud,76.5
2026-08-13T05:00:00,Siège Est,65.4
2026-08-13T05:00:00,Usine Nord,201.1
2026-08-13T05:15:00,Atelier Sud,45.0
2026-08-13T05:15:00,Siège Est,99.7
2026-08-13T05:15:00,Usine Nord,201.7
2026-08-13T05:30:00,Atelier Sud,78.3
2026-08-13T05:30:00,Siège Est,60.9
2026-08-13T05:30:00,Usine Nord,203.7
2026-08-13T05:45:00,Atelier Sud,71.6
2026-08-13T05:45:00,Siège Est,71.9
2026-08-13T05:45:00,Usine Nord,188.6
2026-08-13T06:00:00,Atelier Sud,75.4
2026-08-13T06:00:00,Siège Est,73.9
2026-08-13T06:00:00,Usine Nord,151.0
2026-08-13T06:15:00,Atelier Sud,108.5
2026-08-13T06:15:00,Siège Est,72.1
2026-08-13T06:15:00,Usine Nord,132.4
2026-08-13T06:30:00,Atelier Sud,112.5
2026-08-13T06:30:00,Siège Est,75.7
2026-08-13T06:30:00,Usine Nord,168.6
2026-08-13T06:45:00,Atelier Sud,142.8
2026-08-13T06:45:00,Siège Est,78.0
2026-08-13T06:45:00,Usine Nord,167.0
2026-08-13T07:00:00,Atelier Sud,183.9
2026-08-13T07:00:00,Siège Est,73.0
2026-08-13T07:00:00,Usine Nord,128.3
2026-08-13T07:15:00,Atelier Sud,184.8
2026-08-13T07:15:00,Siège Est,69.7
2026-08-13T07:15:00,Usine Nord,210.2
2026-08-13T07:30:00,Atelier Sud,184.9
2026-08-13T07:30:00,Siège Est,64.2
2026-08-13T07:30:00,Usine Nord,174.1
2026-08-13T07:45:00,Atelier Sud,186.7
2026-08-13T07:45:00,Siège Est,66.0
2026-08-13T07:45:00,Usine Nord,203.5
2026-08-13T08:00:00,Atelier Sud,222.1
2026-08-13T08:00:00,Siège Est,246.5
2026-08-13T08:00:00,Usine Nord,189.1
2026-08-13T08:15:00,Atelier Sud,235.4
2026-08-13T08:15:00,Siège Est,231.2
2026-08-13T08:15:00,Usine Nord,211.0
2026-08-13T08:30:00,Atelier Sud,267.5
2026-08-13T08:30:00,Siège Est,245.0
2026-08-13T08:30:00,Usine Nord,172.8
2026-08-13T08:45:00,Atelier Sud,269.1
2026-08-13T08:45:00,Siège Est,244.1
2026-08-13T08:45:00,Usine Nord,180.2
2026-08-13T09:00:00,Atelier Sud,291.2
2026-08-13T09:00:00,Siège Est,241.1
2026-08-13T09:00:00,Usine Nord,160.0
2026-08-13T09:15:00,Atelier Sud,305.5
2026-08-13T09:15:00,Siège Est,245.7
2026-08-13T09:15:00,Usine Nord,159.9
2026-08-13T09:30:00,Atelier Sud,279.0
2026-08-13T09:30:00,Siège Est,244.6
2026-08-13T09:30:00,Usine Nord,184.6
2026-08-13T09:45:00,Atelier Sud,305.5
2026-08-13T09:45:00,Siège Est,244.1
2026-08-13T09:45:00,Usine Nord,228.5
2026-08-13T10:00:00,Atelier Sud,330.8
2026-08-13T10:00:00,Siège Est,242.6
2026-08-13T10:00:00,Usine Nord,197.0
2026-08-13T10:15:00,Atelier Sud,322.9
2026-08-13T10:15:00,Siège Est,243.8
2026-08-13T10:15:00,Usine Nord,159.6
2026-08-13T10:30:00,Atelier Sud,319.9
2026-08-13T10:30:00,Siège Est,240.6
2026-08-13T10:30:00,Usine Nord,185.2
2026-08-13T10:45:00,Atelier Sud,296.7
2026-08-13T10:45:00,Siège Est,255.3
2026-08-13T10:45:00,Usine Nord,149.0
2026-08-13T11:00:00,Atelier Sud,304.8
2026-08-13T11:00:00,Siège Est,235.5
2026-08-13T11:00:00,Usine Nord,212.1
2026-08-13T11:15:00,Atelier Sud,277.5
2026-08-13T11:15:00,Siège Est,245.2
2026-08-13T11:15:00,Usine Nord,208.3
2026-08-13T11:30:00,Atelier Sud,352.7
2026-08-13T11:30:00,Siège Est,239.8
2026-08-13T11:30:00,Usine Nord,180.8
2026-08-13T11:45:00,Atelier Sud,379.1
2026-08-13T11:45:00,Siège Est,247.9
2026-08-13T11:45:00,Usine Nord,160.0
2026-08-13T12:00:00,Atelier Sud,348.2
2026-08-13T12:00:00,Siège Est,268.1
2026-08-13T12:00:00,Usine Nord,168.7
2026-08-13T12:15:00,Atelier Sud,326.1
2026-08-13T12:15:00,Siège Est,229.0
2026-08-13T12:15:00,Usine Nord,158.4
2026-08-13T12:30:00,Atelier Sud,295.5
2026-08-13T12:30:00,Siège Est,255.7
2026-08-13T12:30:00,Usine Nord,171.8
2026-08-13T12:45:00,Atelier Sud,291.7
2026-08-13T12:45:00,Siège Est,249.2
2026-08-13T12:45:00,Usine Nord,164.3
2026-08-13T13:00:00,Atelier Sud,358.8
2026-08-13T13:00:00,Siège Est,254.0
2026-08-13T13:00:00,Usine Nord,186.8
2026-08-13T13:15:00,Atelier Sud,348.8
2026-08-13T13:15:00,Siège Est,233.0
2026-08-13T13:15:00,Usine Nord,162.6
2026-08-13T13:30:00,Atelier Sud,349.3
2026-08-13T13:30:00,Siège Est,256.0
2026-08-13T13:30:00,Usine Nord,171.5
2026-08-13T13:45:00,Atelier Sud,331.9
2026-08-13T13:45:00,Siège Est,252.5
2026-08-13T13:45:00,Usine Nord,193.7
2026-08-13T14:00:00,Atelier Sud,276.8
2026-08-13T14:00:00,Siège Est,241.6
2026-08-13T14:00:00,Usine Nord,179.6
2026-08-13T14:15:00,Atelier Sud,257.3
2026-08-13T14:15:00,Siège Est,252.1
2026-08-13T14:15:00,Usine Nord,163.5
2026-08-13T14:30:00,Atelier Sud,232.5
2026-08-13T14:30:00,Siège Est,228.1
2026-08-13T14:30:00,Usine Nord,198.2
2026-08-13T14:45:00,Atelier Sud,302.0
2026-08-13T14:45:00,Siège Est,249.9
2026-08-13T14:45:00,Usine Nord,192.2
2026-08-13T15:00:00,Atelier Sud,245.8
2026-08-13T15:00:00,Siège Est,256.4
2026-08-13T15:00:00,Usine Nord,173.8
2026-08-13T15:15:00,Atelier Sud,258.6
2026-08-13T15:15:00,Siège Est,233.1
2026-08-13T15:15:00,Usine Nord,157.6
2026-08-13T15:30:00,Atelier Sud,238.9
2026-08-13T15:30:00,Siège Est,254.9
2026-08-13T15:30:00,Usine Nord,160.7
2026-08-13T15:45:00,Atelier Sud,231.4
2026-08-13T15:45:00,Siège Est,253.6
2026-08-13T15:45:00,Usine Nord,168.5
2026-08-13T16:00:00,Atelier Sud,230.5
2026-08-13T16:00:00,Siège Est,242.5
2026-08-13T16:00:00,Usine Nord,192.8
2026-08-13T16:15:00,Atelier Sud,168.1
2026-08-13T16:15:00,Siège Est,237.9
2026-08-13T16:15:00,Usine Nord,173.5
2026-08-13T16:30:00,Atelier Sud,144.3
2026-08-13T16:30:00,Siège Est,227.7
2026-08-13T16:30:00,Usine Nord,180.4
2026-08-13T16:45:00,Atelier Sud,150.4
2026-08-13T16:45:00,Siège Est,233.9
2026-08-13T16:45:00,Usine Nord,142.7
2026-08-13T17:00:00,Atelier Sud,129.4
2026-08-13T17:00:00,Siège Est,238.7
2026-08-13T17:00:00,Usine Nord,150.5
2026-08-13T17:15:00,Atelier Sud,112.1
2026-08-13T17:15:00,Siège Est,254.4
2026-08-13T17:15:00,Usine Nord,182.0
2026-08-13T17:30:00,Atelier Sud,87.5
2026-08-13T17:30:00,Siège Est,240.2
2026-08-13T17:30:00,Usine Nord,152.3
2026-08-13T17:45:00,Atelier Sud,84.0
2026-08-13T17:45:00,Siège Est,252.3
2026-08-13T17:45:00,Usine Nord,158.3
2026-08-13T18:00:00,Atelier Sud,94.8
2026-08-13T18:00:00,Siège Est,242.7
2026-08-13T18:00:00,Usine Nord,196.1
2026-08-13T18:15:00,Atelier Sud,63.6
2026-08-13T18:15:00,Siège Est,241.5
2026-08-13T18:15:00,Usine Nord,150.5
2026-08-13T18:30:00,Atelier Sud,78.4
2026-08-13T18:30:00,Siège Est,247.3
2026-08-13T18:30:00,Usine Nord,200.8
2026-08-13T18:45:00,Atelier Sud,52.6
2026-08-13T18:45:00,Siège Est,253.2
2026-08-13T18:45:00,Usine Nord,155.0
2026-08-13T19:00:00,Atelier Sud,53.3
2026-08-13T19:00:00,Siège Est,71.9
2026-08-13T19:00:00,Usine Nord,176.0
2026-08-13T19:15:00,Atelier Sud,103.4
2026-08-13T19:15:00,Siège Est,76.6
2026-08-13T19:15:00,Usine Nord,189.8
2026-08-13T19:30:00,Atelier Sud,86.6
2026-08-13T19:30:00,Siège Est,68.7
2026-08-13T19:30:00,Usine Nord,233.1
2026-08-13T19:45:00,Atelier Sud,74.4
2026-08-13T19:45:00,Siège Est,64.7
2026-08-13T19:45:00,Usine Nord,207.5
2026-08-13T20:00:00,Atelier Sud,62.7
2026-08-13T20:00:00,Siège Est,76.7
2026-08-13T20:00:00,Usine Nord,178.4
2026-08-13T20:15:00,Atelier Sud,55.4
2026-08-13T20:15:00,Siège Est,77.7
2026-08-13T20:15:00,Usine Nord,198.0
2026-08-13T20:30:00,Atelier Sud,62.3
2026-08-13T20:30:00,Siège Est,57.1
2026-08-13T20:30:00,Usine Nord,188.6
2026-08-13T20:45:00,Atelier Sud,99.1
2026-08-13T20:45:00,Siège Est,70.8
2026-08-13T20:45:00,Usine Nord,200.5
2026-08-13T21:00:00,Atelier Sud,58.6
2026-08-13T21:00:00,Siège Est,79.4
2026-08-13T21:00:00,Usine Nord,158.9
2026-08-13T21:15:00,Atelier Sud,55.6
2026-08-13T21:15:00,Siège Est,67.4
2026-08-13T21:15:00,Usine Nord,153.8
2026-08-13T21:30:00,Atelier Sud,63.4
2026-08-13T21:30:00,Siège Est,59.1
2026-08-13T21:30:00,Usine Nord,127.7
2026-08-13T21:45:00,Atelier Sud,67.7
2026-08-13T21:45:00,Siège Est,68.9
2026-08-13T21:45:00,Usine Nord,206.9
2026-08-13T22:00:00,Atelier Sud,68.4
2026-08-13T22:00:00,Siège Est,45.0
2026-08-13T22:00:00,Usine Nord,152.1
2026-08-13T22:15:00,Atelier Sud,64.7
2026-08-13T22:15:00,Siège Est,74.0
2026-08-13T22:15:00,Usine Nord,194.3
2026-08-13T22:30:00,Atelier Sud,58.7
2026-08-13T22:30:00,Siège Est,78.3
2026-08-13T22:30:00,Usine Nord,149.5
2026-08-13T22:45:00,Atelier Sud,63.5
2026-08-13T22:45:00,Siège Est,80.4
2026-08-13T22:45:00,Usine Nord,186.9
2026-08-13T23:00:00,Atelier Sud,105.5
2026-08-13T23:00:00,Siège Est,76.4
2026-08-13T23:00:00,Usine Nord,181.9
2026-08-13T23:15:00,Atelier Sud,80.2
2026-08-13T23:15:00,Siège Est,77.3
2026-08-13T23:15:00,Usine Nord,162.1
2026-08-13T23:30:00,Atelier Sud,47.2
2026-08-13T23:30:00,Siège Est,80.1
2026-08-13T23:30:00,Usine Nord,143.1
2026-08-13T23:45:00,Atelier Sud,91.0
2026-08-13T23:45:00,Siège Est,69.7
2026-08-13T23:45:00,Usine Nord,149.2
2026-08-14T00:00:00,Atelier Sud,88.7
2026-08-14T00:00:00,Siège Est,70.9
2026-08-14T00:00:00,Usine Nord,210.2
2026-08-14T00:15:00,Atelier Sud,79.8
2026-08-14T00:15:00,Siège Est,59.1
2026-08-14T00:15:00,Usine Nord,215.6
2026-08-14T00:30:00,Atelier Sud,75.0
2026-08-14T00:30:00,Siège Est,81.9
2026-08-14T00:30:00,Usine Nord,160.5
2026-08-14T00:45:00,Atelier Sud,98.4
2026-08-14T00:45:00,Siège Est,65.2
2026-08-14T00:45:00,Usine Nord,196.1
2026-08-14T01:00:00,Atelier Sud,48.8
2026-08-14T01:00:00,Siège Est,73.3
2026-08-14T01:00:00,Usine Nord,150.9
2026-08-14T01:15:00,Atelier Sud,68.3
2026-08-14T01:15:00,Siège Est,59.1
2026-08-14T01:15:00,Usine Nord,203.0
2026-08-14T01:30:00,Atelier Sud,58.1
2026-08-14T01:30:00,Siège Est,70.5
2026-08-14T01:30:00,Usine Nord,195.2
2026-08-14T01:45:00,Atelier Sud,89.4
2026-08-14T01:45:00,Siège Est,67.4
2026-08-14T01:45:00,Usine Nord,173.5
2026-08-14T02:00:00,Atelier Sud,56.5
2026-08-14T02:00:00,Siège Est,79.6
2026-08-14T02:00:00,Usine Nord,248.7
2026-08-14T02:15:00,Atelier Sud,81.1
2026-08-14T02:15:00,Siège Est,80.4
2026-08-14T02:15:00,Usine Nord,185.3
2026-08-14T02:30:00,Atelier Sud,49.9
2026-08-14T02:30:00,Siège Est,68.2
2026-08-14T02:30:00,Usine Nord,156.6
2026-08-14T02:45:00,Atelier Sud,89.4
2026-08-14T02:45:00,Siège Est,51.9
2026-08-14T02:45:00,Usine Nord,192.9
2026-08-14T03:00:00,Atelier Sud,64.9
2026-08-14T03:00:00,Siège Est,69.4
2026-08-14T03:00:00,Usine Nord,207.2
2026-08-14T03:15:00,Atelier Sud,55.6
2026-08-14T03:15:00,Siège Est,55.6
2026-08-14T03:15:00,Usine Nord,190.8
2026-08-14T03:30:00,Atelier Sud,55.5
2026-08-14T03:30:00,Siège Est,83.1
2026-08-14T03:30:00,Usine Nord,167.5
2026-08-14T03:45:00,Atelier Sud,60.9
2026-08-14T03:45:00,Siège Est,60.5
2026-08-14T03:45:00,Usine Nord,194.1
2026-08-14T04:00:00,Atelier Sud,65.8
2026-08-14T04:00:00,Siège Est,78.2
2026-08-14T04:00:00,Usine Nord,169.9
2026-08-14T04:15:00,Atelier Sud,70.9
2026-08-14T04:15:00,Siège Est,71.5
2026-08-14T04:15:00,Usine Nord,149.7
2026-08-14T04:30:00,Atelier Sud,52.9
2026-08-14T04:30:00,Siège Est,65.4
2026-08-14T04:30:00,Usine Nord,166.5
2026-08-14T04:45:00,Atelier Sud,91.3
2026-08-14T04:45:00,Siège Est,58.1
2026-08-14T04:45:00,Usine Nord,197.1
2026-08-14T05:00:00,Atelier Sud,76.1
2026-08-14T05:00:00,Siège Est,70.7
2026-08-14T05:00:00,Usine Nord,140.1
2026-08-14T05:15:00,Atelier Sud,59.3
2026-08-14T05:15:00,Siège Est,55.6
2026-08-14T05:15:00,Usine Nord,199.1
2026-08-14T05:30:00,Atelier Sud,81.1
2026-08-14T05:30:00,Siège Est,86.3
2026-08-14T05:30:00,Usine Nord,168.4
2026-08-14T05:45:00,Atelier Sud,86.8
2026-08-14T05:45:00,Siège Est,73.6
2026-08-14T05:45:00,Usine Nord,198.7
2026-08-14T06:00:00,Atelier Sud,75.7
2026-08-14T06:00:00,Siège Est,49.1
2026-08-14T06:00:00,Usine Nord,180.3
2026-08-14T06:15:00,Atelier Sud,72.9
2026-08-14T06:15:00,Siège Est,52.9
2026-08-14T06:15:00,Usine Nord,189.0
2026-08-14T06:30:00,Atelier Sud,116.5
2026-08-14T06:30:00,Siège Est,80.4
2026-08-14T06:30:00,Usine Nord,190.7
2026-08-14T06:45:00,Atelier Sud,134.9
2026-08-14T06:45:00,Siège Est,69.2
2026-08-14T06:45:00,Usine Nord,171.3
2026-08-14T07:00:00,Atelier Sud,142.3
2026-08-14T07:00:00,Siège Est,64.5
2026-08-14T07:00:00,Usine Nord,197.1
2026-08-14T07:15:00,Atelier Sud,180.1
2026-08-14T07:15:00,Siège Est,76.3
2026-08-14T07:15:00,Usine Nord,178.4
2026-08-14T07:30:00,Atelier Sud,181.3
2026-08-14T07:30:00,Siège Est,78.8
2026-08-14T07:30:00,Usine Nord,185.9
2026-08-14T07:45:00,Atelier Sud,205.1
2026-08-14T07:45:00,Siège Est,58.1
2026-08-14T07:45:00,Usine Nord,189.0
2026-08-14T08:00:00,Atelier Sud,223.6
2026-08-14T08:00:00,Siège Est,250.9
2026-08-14T08:00:00,Usine Nord,143.8
2026-08-14T08:15:00,Atelier Sud,217.6
2026-08-14T08:15:00,Siège Est,247.3
2026-08-14T08:15:00,Usine Nord,143.5
2026-08-14T08:30:00,Atelier Sud,261.9
2026-08-14T08:30:00,Siège Est,244.2
2026-08-14T08:30:00,Usine Nord,158.9
2026-08-14T08:45:00,Atelier Sud,226.8
2026-08-14T08:45:00,Siège Est,240.4
2026-08-14T08:45:00,Usine Nord,177.6
2026-08-14T09:00:00,Atelier Sud,276.7
2026-08-14T09:00:00,Siège Est,235.8
2026-08-14T09:00:00,Usine Nord,169.1
2026-08-14T09:15:00,Atelier Sud,251.2
2026-08-14T09:15:00,Siège Est,221.3
2026-08-14T09:15:00,Usine Nord,217.3
2026-08-14T09:30:00,Atelier Sud,296.8
2026-08-14T09:30:00,Siège Est,248.7
2026-08-14T09:30:00,Usine Nord,174.8
2026-08-14T09:45:00,Atelier Sud,306.8
2026-08-14T09:45:00,Siège Est,242.9
2026-08-14T09:45:00,Usine Nord,185.8
2026-08-14T10:00:00,Atelier Sud,373.6
2026-08-14T10:00:00,Siège Est,248.1
2026-08-14T10:00:00,Usine Nord,238.3
2026-08-14T10:15:00,Atelier Sud,277.4
2026-08-14T10:15:00,Siège Est,257.0
2026-08-14T10:15:00,Usine Nord,156.8
2026-08-14T10:30:00,Atelier Sud,357.9
2026-08-14T10:30:00,Siège Est,233.8
2026-08-14T10:30:00,Usine Nord,191.2
2026-08-14T10:45:00,Atelier Sud,317.3
2026-08-14T10:45:00,Siège Est,244.2
2026-08-14T10:45:00,Usine Nord,176.3
2026-08-14T11:00:00,Atelier Sud,334.3
2026-08-14T11:00:00,Siège Est,241.6
2026-08-14T11:00:00,Usine Nord,178.1
2026-08-14T11:15:00,Atelier Sud,354.2
2026-08-14T11:15:00,Siège Est,243.6
2026-08-14T11:15:00,Usine Nord,180.1
2026-08-14T11:30:00,Atelier Sud,320.5
2026-08-14T11:30:00,Siège Est,244.1
2026-08-14T11:30:00,Usine Nord,185.0
2026-08-14T11:45:00,Atelier Sud,304.1
2026-08-14T11:45:00,Siège Est,233.6
2026-08-14T11:45:00,Usine Nord,230.9
2026-08-14T12:00:00,Atelier Sud,291.1
2026-08-14T12:00:00,Siège Est,232.4
2026-08-14T12:00:00,Usine Nord,145.7
2026-08-14T12:15:00,Atelier Sud,302.0
2026-08-14T12:15:00,Siège Est,243.3
2026-08-14T12:15:00,Usine Nord,207.3
2026-08-14T12:30:00,Atelier Sud,365.5
2026-08-14T12:30:00,Siège Est,248.0
2026-08-14T12:30:00,Usine Nord,189.0
2026-08-14T12:45:00,Atelier Sud,314.5
2026-08-14T12:45:00,Siège Est,224.9
2026-08-14T12:45:00,Usine Nord,248.6
2026-08-14T13:00:00,Atelier Sud,323.3
2026-08-14T13:00:00,Siège Est,240.5
2026-08-14T13:00:00,Usine Nord,203.2
2026-08-14T13:15:00,Atelier Sud,311.8
2026-08-14T13:15:00,Siège Est,256.7
2026-08-14T13:15:00,Usine Nord,209.0
2026-08-14T13:30:00,Atelier Sud,284.1
2026-08-14T13:30:00,Siège Est,259.5
2026-08-14T13:30:00,Usine Nord,195.6
2026-08-14T13:45:00,Atelier Sud,311.3
2026-08-14T13:45:00,Siège Est,225.0
2026-08-14T13:45:00,Usine Nord,168.7
2026-08-14T14:00:00,Atelier Sud,325.5
2026-08-14T14:00:00,Siège Est,249.2
2026-08-14T14:00:00,Usine Nord,183.4
2026-08-14T14:15:00,Atelier Sud,268.8
2026-08-14T14:15:00,Siège Est,241.2
2026-08-14T14:15:00,Usine Nord,163.4
2026-08-14T14:30:00,Atelier Sud,276.7
2026-08-14T14:30:00,Siège Est,237.4
2026-08-14T14:30:00,Usine Nord,158.6
2026-08-14T14:45:00,Atelier Sud,232.7
2026-08-14T14:45:00,Siège Est,247.7
2026-08-14T14:45:00,Usine Nord,190.7
2026-08-14T15:00:00,Atelier Sud,213.0
2026-08-14T15:00:00,Siège Est,235.6
2026-08-14T15:00:00,Usine Nord,197.3
2026-08-14T15:15:00,Atelier Sud,277.9
2026-08-14T15:15:00,Siège Est,256.3
2026-08-14T15:15:00,Usine Nord,208.9
2026-08-14T15:30:00,Atelier Sud,220.8
2026-08-14T15:30:00,Siège Est,253.6
2026-08-14T15:30:00,Usine Nord,153.0
2026-08-14T15:45:00,Atelier Sud,206.3
2026-08-14T15:45:00,Siège Est,224.0
2026-08-14T15:45:00,Usine Nord,176.1
2026-08-14T16:00:00,Atelier Sud,205.4
2026-08-14T16:00:00,Siège Est,245.9
2026-08-14T16:00:00,Usine Nord,252.1
2026-08-14T16:15:00,Atelier Sud,189.2
2026-08-14T16:15:00,Siège Est,257.0
2026-08-14T16:15:00,Usine Nord,162.2
2026-08-14T16:30:00,Atelier Sud,158.2
2026-08-14T16:30:00,Siège Est,245.4
2026-08-14T16:30:00,Usine Nord,157.3
2026-08-14T16:45:00,Atelier Sud,135.3
2026-08-14T16:45:00,Siège Est,225.3
2026-08-14T16:45:00,Usine Nord,193.6
2026-08-14T17:00:00,Atelier Sud,138.9
2026-08-14T17:00:00,Siège Est,233.3
2026-08-14T17:00:00,Usine Nord,147.8
2026-08-14T17:15:00,Atelier Sud,148.8
2026-08-14T17:15:00,Siège Est,231.3
2026-08-14T17:15:00,Usine Nord,198.2
2026-08-14T17:30:00,Atelier Sud,113.9
2026-08-14T17:30:00,Siège Est,240.9
2026-08-14T17:30:00,Usine Nord,179.5
2026-08-14T17:45:00,Atelier Sud,93.2
2026-08-14T17:45:00,Siège Est,251.5
2026-08-14T17:45:00,Usine Nord,160.3
2026-08-14T18:00:00,Atelier Sud,77.4
2026-08-14T18:00:00,Siège Est,244.7
2026-08-14T18:00:00,Usine Nord,152.6
2026-08-14T18:15:00,Atelier Sud,55.3
2026-08-14T18:15:00,Siège Est,253.1
2026-08-14T18:15:00,Usine Nord,182.3
2026-08-14T18:30:00,Atelier Sud,79.8
2026-08-14T18:30:00,Siège Est,249.3
2026-08-14T18:30:00,Usine Nord,171.5
2026-08-14T18:45:00,Atelier Sud,70.7
2026-08-14T18:45:00,Siège Est,248.3
2026-08-14T18:45:00,Usine Nord,174.1
2026-08-14T19:00:00,Atelier Sud,56.1
2026-08-14T19:00:00,Siège Est,91.5
2026-08-14T19:00:00,Usine Nord,175.7
2026-08-14T19:15:00,Atelier Sud,82.0
2026-08-14T19:15:00,Siège Est,68.7
2026-08-14T19:15:00,Usine Nord,161.8
2026-08-14T19:30:00,Atelier Sud,36.3
2026-08-14T19:30:00,Siège Est,59.4
2026-08-14T19:30:00,Usine Nord,176.7
2026-08-14T19:45:00,Atelier Sud,66.8
2026-08-14T19:45:00,Siège Est,78.3
2026-08-14T19:45:00,Usine Nord,147.5
2026-08-14T20:00:00,Atelier Sud,61.3
2026-08-14T20:00:00,Siège Est,73.3
2026-08-14T20:00:00,Usine Nord,198.2
2026-08-14T20:15:00,Atelier Sud,52.7
2026-08-14T20:15:00,Siège Est,58.0
2026-08-14T20:15:00,Usine Nord,163.5
2026-08-14T20:30:00,Atelier Sud,61.8
2026-08-14T20:30:00,Siège Est,64.8
2026-08-14T20:30:00,Usine Nord,147.2
2026-08-14T20:45:00,Atelier Sud,67.2
2026-08-14T20:45:00,Siège Est,62.6
2026-08-14T20:45:00,Usine Nord,160.0
2026-08-14T21:00:00,Atelier Sud,80.1
2026-08-14T21:00:00,Siège Est,73.3
2026-08-14T21:00:00,Usine Nord,172.1
2026-08-14T21:15:00,Atelier Sud,83.6
2026-08-14T21:15:00,Siège Est,68.7
2026-08-14T21:15:00,Usine Nord,188.3
2026-08-14T21:30:00,Atelier Sud,78.3
2026-08-14T21:30:00,Siège Est,60.6
2026-08-14T21:30:00,Usine Nord,194.6
2026-08-14T21:45:00,Atelier Sud,89.1
2026-08-14T21:45:00,Siège Est,60.4
2026-08-14T21:45:00,Usine Nord,175.3
2026-08-14T22:00:00,Atelier Sud,38.9
2026-08-14T22:00:00,Siège Est,62.2
2026-08-14T22:00:00,Usine Nord,493.8
2026-08-14T22:15:00,Atelier Sud,47.8
2026-08-14T22:15:00,Siège Est,84.4
2026-08-14T22:15:00,Usine Nord,114.8
2026-08-14T22:30:00,Atelier Sud,73.0
2026-08-14T22:30:00,Siège Est,58.8
2026-08-14T22:30:00,Usine Nord,188.7
2026-08-14T22:45:00,Atelier Sud,53.8
2026-08-14T22:45:00,Siège Est,62.4
2026-08-14T22:45:00,Usine Nord,187.5
2026-08-14T23:00:00,Atelier Sud,68.6
2026-08-14T23:00:00,Siège Est,73.8
2026-08-14T23:00:00,Usine Nord,154.5
2026-08-14T23:15:00,Atelier Sud,78.3
2026-08-14T23:15:00,Siège Est,63.4
2026-08-14T23:15:00,Usine Nord,168.0
2026-08-14T23:30:00,Atelier Sud,92.3
2026-08-14T23:30:00,Siège Est,70.8
2026-08-14T23:30:00,Usine Nord,133.6
2026-08-14T23:45:00,Atelier Sud,79.8
2026-08-14T23:45:00,Siège Est,67.9
2026-08-14T23:45:00,Usine Nord,172.9
2026-08-15T00:00:00,Atelier Sud,77.6
2026-08-15T00:00:00,Siège Est,81.1
2026-08-15T00:00:00,Usine Nord,170.7
2026-08-15T00:15:00,Atelier Sud,75.3
2026-08-15T00:15:00,Siège Est,71.9
2026-08-15T00:15:00,Usine Nord,181.6
2026-08-15T00:30:00,Atelier Sud,58.6
2026-08-15T00:30:00,Siège Est,64.5
2026-08-15T00:30:00,Usine Nord,182.3
2026-08-15T00:45:00,Atelier Sud,63.3
2026-08-15T00:45:00,Siège Est,47.1
2026-08-15T00:45:00,Usine Nord,165.2
2026-08-15T01:00:00,Atelier Sud,51.9
2026-08-15T01:00:00,Siège Est,75.2
2026-08-15T01:00:00,Usine Nord,160.0
2026-08-15T01:15:00,Atelier Sud,69.4
2026-08-15T01:15:00,Siège Est,66.7
2026-08-15T01:15:00,Usine Nord,205.2
2026-08-15T01:30:00,Atelier Sud,72.9
2026-08-15T01:30:00,Siège Est,80.9
2026-08-15T01:30:00,Usine Nord,157.9
2026-08-15T01:45:00,Atelier Sud,55.1
2026-08-15T01:45:00,Siège Est,75.8
2026-08-15T01:45:00,Usine Nord,173.2
2026-08-15T02:00:00,Atelier Sud,79.3
2026-08-15T02:00:00,Siège Est,70.0
2026-08-15T02:00:00,Usine Nord,127.3
2026-08-15T02:15:00,Atelier Sud,58.4
2026-08-15T02:15:00,Siège Est,78.4
2026-08-15T02:15:00,Usine Nord,166.1
2026-08-15T02:30:00,Atelier Sud,92.4
2026-08-15T02:30:00,Siège Est,76.2
2026-08-15T02:30:00,Usine Nord,165.6
2026-08-15T02:45:00,Atelier Sud,70.1
2026-08-15T02:45:00,Siège Est,57.2
2026-08-15T02:45:00,Usine Nord,147.0
2026-08-15T03:00:00,Atelier Sud,59.0
2026-08-15T03:00:00,Siège Est,69.3
2026-08-15T03:00:00,Usine Nord,177.5
2026-08-15T03:15:00,Atelier Sud,80.7
2026-08-15T03:15:00,Siège Est,72.5
2026-08-15T03:15:00,Usine Nord,156.4
2026-08-15T03:30:00,Atelier Sud,90.4
2026-08-15T03:30:00,Siège Est,67.3
2026-08-15T03:30:00,Usine Nord,179.2
2026-08-15T03:45:00,Atelier Sud,72.9
2026-08-15T03:45:00,Siège Est,64.3
2026-08-15T03:45:00,Usine Nord,178.7
2026-08-15T04:00:00,Atelier Sud,69.5
2026-08-15T04:00:00,Siège Est,70.2
2026-08-15T04:00:00,Usine Nord,212.7
2026-08-15T04:15:00,Atelier Sud,55.5
2026-08-15T04:15:00,Siège Est,72.4
2026-08-15T04:15:00,Usine Nord,170.3
2026-08-15T04:30:00,Atelier Sud,55.6
2026-08-15T04:30:00,Siège Est,72.2
2026-08-15T04:30:00,Usine Nord,180.3
2026-08-15T04:45:00,Atelier Sud,49.6
2026-08-15T04:45:00,Siège Est,71.8
2026-08-15T04:45:00,Usine Nord,201.6
2026-08-15T05:00:00,Atelier Sud,66.0
2026-08-15T05:00:00,Siège Est,68.1
2026-08-15T05:00:00,Usine Nord,199.0
2026-08-15T05:15:00,Atelier Sud,95.5
2026-08-15T05:15:00,Siège Est,73.9
2026-08-15T05:15:00,Usine Nord,193.5
2026-08-15T05:30:00,Atelier Sud,66.1
2026-08-15T05:30:00,Siège Est,71.2
2026-08-15T05:30:00,Usine Nord,142.4
2026-08-15T05:45:00,Atelier Sud,48.0
2026-08-15T05:45:00,Siège Est,58.7
2026-08-15T05:45:00,Usine Nord,197.5
2026-08-15T06:00:00,Atelier Sud,73.7
2026-08-15T06:00:00,Siège Est,67.4
2026-08-15T06:00:00,Usine Nord,143.2
2026-08-15T06:15:00,Atelier Sud,72.4
2026-08-15T06:15:00,Siège Est,80.3
2026-08-15T06:15:00,Usine Nord,212.2
2026-08-15T06:30:00,Atelier Sud,89.7
2026-08-15T06:30:00,Siège Est,62.6
2026-08-15T06:30:00,Usine Nord,200.9
2026-08-15T06:45:00,Atelier Sud,85.6
2026-08-15T06:45:00,Siège Est,76.2
2026-08-15T06:45:00,Usine Nord,165.7
2026-08-15T07:00:00,Atelier Sud,56.1
2026-08-15T07:00:00,Siège Est,73.4
2026-08-15T07:00:00,Usine Nord,212.7
2026-08-15T07:15:00,Atelier Sud,77.8
2026-08-15T07:15:00,Siège Est,74.7
2026-08-15T07:15:00,Usine Nord,147.5
2026-08-15T07:30:00,Atelier Sud,76.9
2026-08-15T07:30:00,Siège Est,64.6
2026-08-15T07:30:00,Usine Nord,197.5
2026-08-15T07:45:00,Atelier Sud,61.8
2026-08-15T07:45:00,Siège Est,70.9
2026-08-15T07:45:00,Usine Nord,157.5
2026-08-15T08:00:00,Atelier Sud,77.5
2026-08-15T08:00:00,Siège Est,65.7
2026-08-15T08:00:00,Usine Nord,154.7
2026-08-15T08:15:00,Atelier Sud,58.2
2026-08-15T08:15:00,Siège Est,87.2
2026-08-15T08:15:00,Usine Nord,145.8
2026-08-15T08:30:00,Atelier Sud,61.6
2026-08-15T08:30:00,Siège Est,65.5
2026-08-15T08:30:00,Usine Nord,142.9
2026-08-15T08:45:00,Atelier Sud,35.9
2026-08-15T08:45:00,Siège Est,72.2
2026-08-15T08:45:00,Usine Nord,163.1
2026-08-15T09:00:00,Atelier Sud,71.5
2026-08-15T09:00:00,Siège Est,70.4
2026-08-15T09:00:00,Usine Nord,156.3
2026-08-15T09:15:00,Atelier Sud,40.3
2026-08-15T09:15:00,Siège Est,51.3
2026-08-15T09:15:00,Usine Nord,207.7
2026-08-15T09:30:00,Atelier Sud,59.2
2026-08-15T09:30:00,Siège Est,47.3
2026-08-15T09:30:00,Usine Nord,179.2
2026-08-15T09:45:00,Atelier Sud,36.6
2026-08-15T09:45:00,Siège Est,78.2
2026-08-15T09:45:00,Usine Nord,174.5
2026-08-15T10:00:00,Atelier Sud,57.0
2026-08-15T10:00:00,Siège Est,64.9
2026-08-15T10:00:00,Usine Nord,233.0
2026-08-15T10:15:00,Atelier Sud,15.0
2026-08-15T10:15:00,Siège Est,78.2
2026-08-15T10:15:00,Usine Nord,127.6
2026-08-15T10:30:00,Atelier Sud,15.0
2026-08-15T10:30:00,Siège Est,61.7
2026-08-15T10:30:00,Usine Nord,189.2
2026-08-15T10:45:00,Atelier Sud,47.1
2026-08-15T10:45:00,Siège Est,77.2
2026-08-15T10:45:00,Usine Nord,188.2
2026-08-15T11:00:00,Atelier Sud,17.3
2026-08-15T11:00:00,Siège Est,67.4
2026-08-15T11:00:00,Usine Nord,169.5
2026-08-15T11:15:00,Atelier Sud,62.7
2026-08-15T11:15:00,Siège Est,77.8
2026-08-15T11:15:00,Usine Nord,178.1
2026-08-15T11:30:00,Atelier Sud,30.0
2026-08-15T11:30:00,Siège Est,61.9
2026-08-15T11:30:00,Usine Nord,170.7
2026-08-15T11:45:00,Atelier Sud,17.3
2026-08-15T11:45:00,Siège Est,78.4
2026-08-15T11:45:00,Usine Nord,163.6
2026-08-15T12:00:00,Atelier Sud,30.3
2026-08-15T12:00:00,Siège Est,70.4
2026-08-15T12:00:00,Usine Nord,164.7
2026-08-15T12:15:00,Atelier Sud,16.4
2026-08-15T12:15:00,Siège Est,75.6
2026-08-15T12:15:00,Usine Nord,143.3
2026-08-15T12:30:00,Atelier Sud,21.2
2026-08-15T12:30:00,Siège Est,61.1
2026-08-15T12:30:00,Usine Nord,176.1
2026-08-15T12:45:00,Atelier Sud,15.0
2026-08-15T12:45:00,Siège Est,71.2
2026-08-15T12:45:00,Usine Nord,118.7
2026-08-15T13:00:00,Atelier Sud,15.0
2026-08-15T13:00:00,Siège Est,72.3
2026-08-15T13:00:00,Usine Nord,196.3
2026-08-15T13:15:00,Atelier Sud,43.1
2026-08-15T13:15:00,Siège Est,85.9
2026-08-15T13:15:00,Usine Nord,181.7
2026-08-15T13:30:00,Atelier Sud,15.0
2026-08-15T13:30:00,Siège Est,72.7
2026-08-15T13:30:00,Usine Nord,169.1
2026-08-15T13:45:00,Atelier Sud,15.0
2026-08-15T13:45:00,Siège Est,73.2
2026-08-15T13:45:00,Usine Nord,165.8
2026-08-15T14:00:00,Atelier Sud,65.2
2026-08-15T14:00:00,Siège Est,65.5
2026-08-15T14:00:00,Usine Nord,198.9
2026-08-15T14:15:00,Atelier Sud,15.0
2026-08-15T14:15:00,Siège Est,66.5
2026-08-15T14:15:00,Usine Nord,195.8
2026-08-15T14:30:00,Atelier Sud,15.0
2026-08-15T14:30:00,Siège Est,69.1
2026-08-15T14:30:00,Usine Nord,194.9
2026-08-15T14:45:00,Atelier Sud,35.7
2026-08-15T14:45:00,Siège Est,69.7
2026-08-15T14:45:00,Usine Nord,170.1
2026-08-15T15:00:00,Atelier Sud,17.3
2026-08-15T15:00:00,Siège Est,66.1
2026-08-15T15:00:00,Usine Nord,172.7
2026-08-15T15:15:00,Atelier Sud,15.0
2026-08-15T15:15:00,Siège Est,66.7
2026-08-15T15:15:00,Usine Nord,144.1
2026-08-15T15:30:00,Atelier Sud,33.5
2026-08-15T15:30:00,Siège Est,67.2
2026-08-15T15:30:00,Usine Nord,174.8
2026-08-15T15:45:00,Atelier Sud,49.2
2026-08-15T15:45:00,Siège Est,82.6
2026-08-15T15:45:00,Usine Nord,218.9
2026-08-15T16:00:00,Atelier Sud,48.7
2026-08-15T16:00:00,Siège Est,71.3
2026-08-15T16:00:00,Usine Nord,132.2
2026-08-15T16:15:00,Atelier Sud,45.0
2026-08-15T16:15:00,Siège Est,59.9
2026-08-15T16:15:00,Usine Nord,164.7
2026-08-15T16:30:00,Atelier Sud,82.9
2026-08-15T16:30:00,Siège Est,73.3
2026-08-15T16:30:00,Usine Nord,153.6
2026-08-15T16:45:00,Atelier Sud,60.1
2026-08-15T16:45:00,Siège Est,68.1
2026-08-15T16:45:00,Usine Nord,149.0
2026-08-15T17:00:00,Atelier Sud,60.4
2026-08-15T17:00:00,Siège Est,82.7
2026-08-15T17:00:00,Usine Nord,213.3
2026-08-15T17:15:00,Atelier Sud,55.5
2026-08-15T17:15:00,Siège Est,64.7
2026-08-15T17:15:00,Usine Nord,208.4
2026-08-15T17:30:00,Atelier Sud,106.4
2026-08-15T17:30:00,Siège Est,73.0
2026-08-15T17:30:00,Usine Nord,184.2
2026-08-15T17:45:00,Atelier Sud,78.0
2026-08-15T17:45:00,Siège Est,62.7
2026-08-15T17:45:00,Usine Nord,157.4
2026-08-15T18:00:00,Atelier Sud,55.8
2026-08-15T18:00:00,Siège Est,83.7
2026-08-15T18:00:00,Usine Nord,182.8
2026-08-15T18:15:00,Atelier Sud,47.3
2026-08-15T18:15:00,Siège Est,59.4
2026-08-15T18:15:00,Usine Nord,189.0
2026-08-15T18:30:00,Atelier Sud,86.3
2026-08-15T18:30:00,Siège Est,66.0
2026-08-15T18:30:00,Usine Nord,149.5
2026-08-15T18:45:00,Atelier Sud,54.3
2026-08-15T18:45:00,Siège Est,73.1
2026-08-15T18:45:00,Usine Nord,200.8
2026-08-15T19:00:00,Atelier Sud,88.2
2026-08-15T19:00:00,Siège Est,78.8
2026-08-15T19:00:00,Usine Nord,198.7
2026-08-15T19:15:00,Atelier Sud,45.1
2026-08-15T19:15:00,Siège Est,79.1
2026-08-15T19:15:00,Usine Nord,213.5
2026-08-15T19:30:00,Atelier Sud,62.2
2026-08-15T19:30:00,Siège Est,70.4
2026-08-15T19:30:00,Usine Nord,169.9
2026-08-15T19:45:00,Atelier Sud,91.0
2026-08-15T19:45:00,Siège Est,56.6
2026-08-15T19:45:00,Usine Nord,206.5
2026-08-15T20:00:00,Atelier Sud,64.1
2026-08-15T20:00:00,Siège Est,76.1
2026-08-15T20:00:00,Usine Nord,184.9
2026-08-15T20:15:00,Atelier Sud,79.5
2026-08-15T20:15:00,Siège Est,79.8
2026-08-15T20:15:00,Usine Nord,155.9
2026-08-15T20:30:00,Atelier Sud,68.9
2026-08-15T20:30:00,Siège Est,50.7
2026-08-15T20:30:00,Usine Nord,185.4
2026-08-15T20:45:00,Atelier Sud,85.7
2026-08-15T20:45:00,Siège Est,80.1
2026-08-15T20:45:00,Usine Nord,237.7
2026-08-15T21:00:00,Atelier Sud,71.2
2026-08-15T21:00:00,Siège Est,67.7
2026-08-15T21:00:00,Usine Nord,195.4
2026-08-15T21:15:00,Atelier Sud,69.8
2026-08-15T21:15:00,Siège Est,59.5
2026-08-15T21:15:00,Usine Nord,221.5
2026-08-15T21:30:00,Atelier Sud,85.1
2026-08-15T21:30:00,Siège Est,59.1
2026-08-15T21:30:00,Usine Nord,161.1
2026-08-15T21:45:00,Atelier Sud,66.4
2026-08-15T21:45:00,Siège Est,71.0
2026-08-15T21:45:00,Usine Nord,212.4
2026-08-15T22:00:00,Atelier Sud,76.2
2026-08-15T22:00:00,Siège Est,65.9
2026-08-15T22:00:00,Usine Nord,205.2
2026-08-15T22:15:00,Atelier Sud,106.3
2026-08-15T22:15:00,Siège Est,70.5
2026-08-15T22:15:00,Usine Nord,149.2
2026-08-15T22:30:00,Atelier Sud,68.8
2026-08-15T22:30:00,Siège Est,79.9
2026-08-15T22:30:00,Usine Nord,188.9
2026-08-15T22:45:00,Atelier Sud,87.2
2026-08-15T22:45:00,Siège Est,61.3
2026-08-15T22:45:00,Usine Nord,187.3
2026-08-15T23:00:00,Atelier Sud,62.6
2026-08-15T23:00:00,Siège Est,79.0
2026-08-15T23:00:00,Usine Nord,208.2
2026-08-15T23:15:00,Atelier Sud,58.5
2026-08-15T23:15:00,Siège Est,78.5
2026-08-15T23:15:00,Usine Nord,217.0
2026-08-15T23:30:00,Atelier Sud,67.6
2026-08-15T23:30:00,Siège Est,58.9
2026-08-15T23:30:00,Usine Nord,176.5
2026-08-15T23:45:00,Atelier Sud,84.4
2026-08-15T23:45:00,Siège Est,63.7
2026-08-15T23:45:00,Usine Nord,182.3
2026-08-16T00:00:00,Atelier Sud,86.8
2026-08-16T00:00:00,Siège Est,81.6
2026-08-16T00:00:00,Usine Nord,196.3
2026-08-16T00:15:00,Atelier Sud,78.5
2026-08-16T00:15:00,Siège Est,71.3
2026-08-16T00:15:00,Usine Nord,187.2
2026-08-16T00:30:00,Atelier Sud,64.8
2026-08-16T00:30:00,Siège Est,69.8
2026-08-16T00:30:00,Usine Nord,143.9
2026-08-16T00:45:00,Atelier Sud,78.1
2026-08-16T00:45:00,Siège Est,83.8
2026-08-16T00:45:00,Usine Nord,181.3
2026-08-16T01:00:00,Atelier Sud,69.4
2026-08-16T01:00:00,Siège Est,72.3
2026-08-16T01:00:00,Usine Nord,160.8
2026-08-16T01:15:00,Atelier Sud,96.3
2026-08-16T01:15:00,Siège Est,70.7
2026-08-16T01:15:00,Usine Nord,156.1
2026-08-16T01:30:00,Atelier Sud,80.0
2026-08-16T01:30:00,Siège Est,70.7
2026-08-16T01:30:00,Usine Nord,182.4
2026-08-16T01:45:00,Atelier Sud,73.4
2026-08-16T01:45:00,Siège Est,64.9
2026-08-16T01:45:00,Usine Nord,147.7
2026-08-16T02:00:00,Atelier Sud,70.3
2026-08-16T02:00:00,Siège Est,62.5
2026-08-16T02:00:00,Usine Nord,163.9
2026-08-16T02:15:00,Atelier Sud,64.3
2026-08-16T02:15:00,Siège Est,76.9
2026-08-16T02:15:00,Usine Nord,139.8
2026-08-16T02:30:00,Atelier Sud,71.3
2026-08-16T02:30:00,Siège Est,62.9
2026-08-16T02:30:00,Usine Nord,208.1
2026-08-16T02:45:00,Atelier Sud,97.1
2026-08-16T02:45:00,Siège Est,65.8
2026-08-16T02:45:00,Usine Nord,232.8
2026-08-16T03:00:00,Atelier Sud,51.2
2026-08-16T03:00:00,Siège Est,77.2
2026-08-16T03:00:00,Usine Nord,183.7
2026-08-16T03:15:00,Atelier Sud,77.4
2026-08-16T03:15:00,Siège Est,55.6
2026-08-16T03:15:00,Usine Nord,174.6
2026-08-16T03:30:00,Atelier Sud,78.8
2026-08-16T03:30:00,Siège Est,82.4
2026-08-16T03:30:00,Usine Nord,183.5
2026-08-16T03:45:00,Atelier Sud,52.7
2026-08-16T03:45:00,Siège Est,64.1
2026-08-16T03:45:00,Usine Nord,182.8
2026-08-16T04:00:00,Atelier Sud,82.0
2026-08-16T04:00:00,Siège Est,77.1
2026-08-16T04:00:00,Usine Nord,179.8
2026-08-16T04:15:00,Atelier Sud,80.3
2026-08-16T04:15:00,Siège Est,61.5
2026-08-16T04:15:00,Usine Nord,167.5
2026-08-16T04:30:00,Atelier Sud,48.9
2026-08-16T04:30:00,Siège Est,76.0
2026-08-16T04:30:00,Usine Nord,117.3
2026-08-16T04:45:00,Atelier Sud,85.0
2026-08-16T04:45:00,Siège Est,62.6
2026-08-16T04:45:00,Usine Nord,197.9
2026-08-16T05:00:00,Atelier Sud,66.2
2026-08-16T05:00:00,Siège Est,78.0
2026-08-16T05:00:00,Usine Nord,168.0
2026-08-16T05:15:00,Atelier Sud,63.2
2026-08-16T05:15:00,Siège Est,53.7
2026-08-16T05:15:00,Usine Nord,187.3
2026-08-16T05:30:00,Atelier Sud,57.9
2026-08-16T05:30:00,Siège Est,76.8
2026-08-16T05:30:00,Usine Nord,177.7
2026-08-16T05:45:00,Atelier Sud,71.0
2026-08-16T05:45:00,Siège Est,69.4
2026-08-16T05:45:00,Usine Nord,149.9
2026-08-16T06:00:00,Atelier Sud,87.0
2026-08-16T06:00:00,Siège Est,79.0
2026-08-16T06:00:00,Usine Nord,192.1
2026-08-16T06:15:00,Atelier Sud,63.7
2026-08-16T06:15:00,Siège Est,64.6
2026-08-16T06:15:00,Usine Nord,200.8
2026-08-16T06:30:00,Atelier Sud,95.0
2026-08-16T06:30:00,Siège Est,69.2
2026-08-16T06:30:00,Usine Nord,116.9
2026-08-16T06:45:00,Atelier Sud,108.2
2026-08-16T06:45:00,Siège Est,71.2
2026-08-16T06:45:00,Usine Nord,159.1
2026-08-16T07:00:00,Atelier Sud,97.3
2026-08-16T07:00:00,Siège Est,75.0
2026-08-16T07:00:00,Usine Nord,198.8
2026-08-16T07:15:00,Atelier Sud,67.2
2026-08-16T07:15:00,Siège Est,58.8
2026-08-16T07:15:00,Usine Nord,148.1
2026-08-16T07:30:00,Atelier Sud,77.6
2026-08-16T07:30:00,Siège Est,62.1
2026-08-16T07:30:00,Usine Nord,224.3
2026-08-16T07:45:00,Atelier Sud,66.3
2026-08-16T07:45:00,Siège Est,65.8
2026-08-16T07:45:00,Usine Nord,198.6
2026-08-16T08:00:00,Atelier Sud,33.4
2026-08-16T08:00:00,Siège Est,76.2
2026-08-16T08:00:00,Usine Nord,238.9
2026-08-16T08:15:00,Atelier Sud,74.6
2026-08-16T08:15:00,Siège Est,77.7
2026-08-16T08:15:00,Usine Nord,167.7
2026-08-16T08:30:00,Atelier Sud,33.2
2026-08-16T08:30:00,Siège Est,69.4
2026-08-16T08:30:00,Usine Nord,169.0
2026-08-16T08:45:00,Atelier Sud,57.8
2026-08-16T08:45:00,Siège Est,63.0
2026-08-16T08:45:00,Usine Nord,163.4
2026-08-16T09:00:00,Atelier Sud,49.1
2026-08-16T09:00:00,Siège Est,67.4
2026-08-16T09:00:00,Usine Nord,167.0
2026-08-16T09:15:00,Atelier Sud,47.6
2026-08-16T09:15:00,Siège Est,53.0
2026-08-16T09:15:00,Usine Nord,132.0
2026-08-16T09:30:00,Atelier Sud,15.0
2026-08-16T09:30:00,Siège Est,67.3
2026-08-16T09:30:00,Usine Nord,143.0
2026-08-16T09:45:00,Atelier Sud,15.0
2026-08-16T09:45:00,Siège Est,68.2
2026-08-16T09:45:00,Usine Nord,170.4
2026-08-16T10:00:00,Atelier Sud,83.2
2026-08-16T10:00:00,Siège Est,70.0
2026-08-16T10:00:00,Usine Nord,149.8
2026-08-16T10:15:00,Atelier Sud,40.1
2026-08-16T10:15:00,Siège Est,70.1
2026-08-16T10:15:00,Usine Nord,184.6
2026-08-16T10:30:00,Atelier Sud,55.3
2026-08-16T10:30:00,Siège Est,71.4
2026-08-16T10:30:00,Usine Nord,201.8
2026-08-16T10:45:00,Atelier Sud,15.0
2026-08-16T10:45:00,Siège Est,69.0
2026-08-16T10:45:00,Usine Nord,172.1
2026-08-16T11:00:00,Atelier Sud,55.4
2026-08-16T11:00:00,Siège Est,67.0
2026-08-16T11:00:00,Usine Nord,128.2
2026-08-16T11:15:00,Atelier Sud,15.0
2026-08-16T11:15:00,Siège Est,73.7
2026-08-16T11:15:00,Usine Nord,177.7
2026-08-16T11:30:00,Atelier Sud,49.1
2026-08-16T11:30:00,Siège Est,59.4
2026-08-16T11:30:00,Usine Nord,173.5
2026-08-16T11:45:00,Atelier Sud,15.0
2026-08-16T11:45:00,Siège Est,73.5
2026-08-16T11:45:00,Usine Nord,132.6
2026-08-16T12:00:00,Atelier Sud,69.4
2026-08-16T12:00:00,Siège Est,67.9
2026-08-16T12:00:00,Usine Nord,168.0
2026-08-16T12:15:00,Atelier Sud,30.2
2026-08-16T12:15:00,Siège Est,75.9
2026-08-16T12:15:00,Usine Nord,158.5
2026-08-16T12:30:00,Atelier Sud,47.2
2026-08-16T12:30:00,Siège Est,73.2
2026-08-16T12:30:00,Usine Nord,199.6
2026-08-16T12:45:00,Atelier Sud,47.9
2026-08-16T12:45:00,Siège Est,62.1
2026-08-16T12:45:00,Usine Nord,180.3
2026-08-16T13:00:00,Atelier Sud,35.6
2026-08-16T13:00:00,Siège Est,68.6
2026-08-16T13:00:00,Usine Nord,190.6
2026-08-16T13:15:00,Atelier Sud,29.3
2026-08-16T13:15:00,Siège Est,77.6
2026-08-16T13:15:00,Usine Nord,164.5
2026-08-16T13:30:00,Atelier Sud,15.0
2026-08-16T13:30:00,Siège Est,70.5
2026-08-16T13:30:00,Usine Nord,181.2
2026-08-16T13:45:00,Atelier Sud,38.2
2026-08-16T13:45:00,Siège Est,72.4
2026-08-16T13:45:00,Usine Nord,156.7
2026-08-16T14:00:00,Atelier Sud,56.5
2026-08-16T14:00:00,Siège Est,71.3
2026-08-16T14:00:00,Usine Nord,146.6
2026-08-16T14:15:00,Atelier Sud,15.0
2026-08-16T14:15:00,Siège Est,74.2
2026-08-16T14:15:00,Usine Nord,161.9
2026-08-16T14:30:00,Atelier Sud,52.1
2026-08-16T14:30:00,Siège Est,61.2
2026-08-16T14:30:00,Usine Nord,176.0
2026-08-16T14:45:00,Atelier Sud,31.3
2026-08-16T14:45:00,Siège Est,64.0
2026-08-16T14:45:00,Usine Nord,189.3
2026-08-16T15:00:00,Atelier Sud,36.8
2026-08-16T15:00:00,Siège Est,71.2
2026-08-16T15:00:00,Usine Nord,152.1
2026-08-16T15:15:00,Atelier Sud,23.0
2026-08-16T15:15:00,Siège Est,69.9
2026-08-16T15:15:00,Usine Nord,214.0
2026-08-16T15:30:00,Atelier Sud,15.0
2026-08-16T15:30:00,Siège Est,83.9
2026-08-16T15:30:00,Usine Nord,175.7
2026-08-16T15:45:00,Atelier Sud,15.0
2026-08-16T15:45:00,Siège Est,67.6
2026-08-16T15:45:00,Usine Nord,212.7
2026-08-16T16:00:00,Atelier Sud,15.0
2026-08-16T16:00:00,Siège Est,76.9
2026-08-16T16:00:00,Usine Nord,166.6
2026-08-16T16:15:00,Atelier Sud,39.3
2026-08-16T16:15:00,Siège Est,79.5
2026-08-16T16:15:00,Usine Nord,162.8
2026-08-16T16:30:00,Atelier Sud,15.0
2026-08-16T16:30:00,Siège Est,78.9
2026-08-16T16:30:00,Usine Nord,216.9
2026-08-16T16:45:00,Atelier Sud,86.9
2026-08-16T16:45:00,Siège Est,67.2
2026-08-16T16:45:00,Usine Nord,146.9
2026-08-16T17:00:00,Atelier Sud,45.3
2026-08-16T17:00:00,Siège Est,77.4
2026-08-16T17:00:00,Usine Nord,197.7
2026-08-16T17:15:00,Atelier Sud,73.7
2026-08-16T17:15:00,Siège Est,67.4
2026-08-16T17:15:00,Usine Nord,129.4
2026-08-16T17:30:00,Atelier Sud,63.4
2026-08-16T17:30:00,Siège Est,71.7
2026-08-16T17:30:00,Usine Nord,171.3
2026-08-16T17:45:00,Atelier Sud,67.9
2026-08-16T17:45:00,Siège Est,67.7
2026-08-16T17:45:00,Usine Nord,195.2
2026-08-16T18:00:00,Atelier Sud,53.5
2026-08-16T18:00:00,Siège Est,77.1
2026-08-16T18:00:00,Usine Nord,225.7
2026-08-16T18:15:00,Atelier Sud,83.2
2026-08-16T18:15:00,Siège Est,69.4
2026-08-16T18:15:00,Usine Nord,190.7
2026-08-16T18:30:00,Atelier Sud,76.3
2026-08-16T18:30:00,Siège Est,68.3
2026-08-16T18:30:00,Usine Nord,173.3
2026-08-16T18:45:00,Atelier Sud,72.6
2026-08-16T18:45:00,Siège Est,75.5
2026-08-16T18:45:00,Usine Nord,171.6
2026-08-16T19:00:00,Atelier Sud,70.6
2026-08-16T19:00:00,Siège Est,65.1
2026-08-16T19:00:00,Usine Nord,164.0
2026-08-16T19:15:00,Atelier Sud,56.1
2026-08-16T19:15:00,Siège Est,73.8
2026-08-16T19:15:00,Usine Nord,181.6
2026-08-16T19:30:00,Atelier Sud,54.7
2026-08-16T19:30:00,Siège Est,76.1
2026-08-16T19:30:00,Usine Nord,176.9
2026-08-16T19:45:00,Atelier Sud,71.8
2026-08-16T19:45:00,Siège Est,78.0
2026-08-16T19:45:00,Usine Nord,179.8
2026-08-16T20:00:00,Atelier Sud,77.5
2026-08-16T20:00:00,Siège Est,62.7
2026-08-16T20:00:00,Usine Nord,159.0
2026-08-16T20:15:00,Atelier Sud,94.3
2026-08-16T20:15:00,Siège Est,71.9
2026-08-16T20:15:00,Usine Nord,175.0
2026-08-16T20:30:00,Atelier Sud,42.2
2026-08-16T20:30:00,Siège Est,76.5
2026-08-16T20:30:00,Usine Nord,205.6
2026-08-16T20:45:00,Atelier Sud,76.6
2026-08-16T20:45:00,Siège Est,73.5
2026-08-16T20:45:00,Usine Nord,199.6
2026-08-16T21:00:00,Atelier Sud,69.0
2026-08-16T21:00:00,Siège Est,75.1
2026-08-16T21:00:00,Usine Nord,174.4
2026-08-16T21:15:00,Atelier Sud,58.6
2026-08-16T21:15:00,Siège Est,87.5
2026-08-16T21:15:00,Usine Nord,168.6
2026-08-16T21:30:00,Atelier Sud,66.2
2026-08-16T21:30:00,Siège Est,77.8
2026-08-16T21:30:00,Usine Nord,174.8
2026-08-16T21:45:00,Atelier Sud,79.4
2026-08-16T21:45:00,Siège Est,81.9
2026-08-16T21:45:00,Usine Nord,182.0
2026-08-16T22:00:00,Atelier Sud,64.4
2026-08-16T22:00:00,Siège Est,67.7
2026-08-16T22:00:00,Usine Nord,175.3
2026-08-16T22:15:00,Atelier Sud,67.7
2026-08-16T22:15:00,Siège Est,88.2
2026-08-16T22:15:00,Usine Nord,188.0
2026-08-16T22:30:00,Atelier Sud,65.5
2026-08-16T22:30:00,Siège Est,64.3
2026-08-16T22:30:00,Usine Nord,199.0
2026-08-16T22:45:00,Atelier Sud,68.2
2026-08-16T22:45:00,Siège Est,64.6
2026-08-16T22:45:00,Usine Nord,162.5
2026-08-16T23:00:00,Atelier Sud,108.1
2026-08-16T23:00:00,Siège Est,81.5
2026-08-16T23:00:00,Usine Nord,168.5
2026-08-16T23:15:00,Atelier Sud,103.0
2026-08-16T23:15:00,Siège Est,80.4
2026-08-16T23:15:00,Usine Nord,194.0
2026-08-16T23:30:00,Atelier Sud,86.7
2026-08-16T23:30:00,Siège Est,77.8
2026-08-16T23:30:00,Usine Nord,139.8
2026-08-16T23:45:00,Atelier Sud,45.7
2026-08-16T23:45:00,Siège Est,67.3
2026-08-16T23:45:00,Usine Nord,176.0
2026-08-17T00:00:00,Atelier Sud,97.0
2026-08-17T00:00:00,Siège Est,66.4
2026-08-17T00:00:00,Usine Nord,667.5
2026-08-17T00:15:00,Atelier Sud,65.9
2026-08-17T00:15:00,Siège Est,59.6
2026-08-17T00:15:00,Usine Nord,628.7
2026-08-17T00:30:00,Atelier Sud,74.8
2026-08-17T00:30:00,Siège Est,75.6
2026-08-17T00:30:00,Usine Nord,661.5
2026-08-17T00:45:00,Atelier Sud,63.0
2026-08-17T00:45:00,Siège Est,67.2
2026-08-17T00:45:00,Usine Nord,699.8
2026-08-17T01:00:00,Atelier Sud,77.2
2026-08-17T01:00:00,Siège Est,68.8
2026-08-17T01:00:00,Usine Nord,662.7
2026-08-17T01:15:00,Atelier Sud,55.0
2026-08-17T01:15:00,Siège Est,68.6
2026-08-17T01:15:00,Usine Nord,627.2
2026-08-17T01:30:00,Atelier Sud,85.9
2026-08-17T01:30:00,Siège Est,69.5
2026-08-17T01:30:00,Usine Nord,698.1
2026-08-17T01:45:00,Atelier Sud,78.3
2026-08-17T01:45:00,Siège Est,66.1
2026-08-17T01:45:00,Usine Nord,665.4
2026-08-17T02:00:00,Atelier Sud,62.9
2026-08-17T02:00:00,Siège Est,59.8
2026-08-17T02:00:00,Usine Nord,671.0
2026-08-17T02:15:00,Atelier Sud,68.4
2026-08-17T02:15:00,Siège Est,67.4
2026-08-17T02:15:00,Usine Nord,656.2
2026-08-17T02:30:00,Atelier Sud,57.3
2026-08-17T02:30:00,Siège Est,76.4
2026-08-17T02:30:00,Usine Nord,631.3
2026-08-17T02:45:00,Atelier Sud,70.2
2026-08-17T02:45:00,Siège Est,87.9
2026-08-17T02:45:00,Usine Nord,645.6
2026-08-17T03:00:00,Atelier Sud,67.7
2026-08-17T03:00:00,Siège Est,82.1
2026-08-17T03:00:00,Usine Nord,643.5
2026-08-17T03:15:00,Atelier Sud,62.9
2026-08-17T03:15:00,Siège Est,63.7
2026-08-17T03:15:00,Usine Nord,687.6
2026-08-17T03:30:00,Atelier Sud,57.6
2026-08-17T03:30:00,Siège Est,72.8
2026-08-17T03:30:00,Usine Nord,675.3
2026-08-17T03:45:00,Atelier Sud,69.3
2026-08-17T03:45:00,Siège Est,63.1
2026-08-17T03:45:00,Usine Nord,641.7
2026-08-17T04:00:00,Atelier Sud,65.3
2026-08-17T04:00:00,Siège Est,73.9
2026-08-17T04:00:00,Usine Nord,653.9
2026-08-17T04:15:00,Atelier Sud,68.9
2026-08-17T04:15:00,Siège Est,75.4
2026-08-17T04:15:00,Usine Nord,661.0
2026-08-17T04:30:00,Atelier Sud,60.2
2026-08-17T04:30:00,Siège Est,59.5
2026-08-17T04:30:00,Usine Nord,676.3
2026-08-17T04:45:00,Atelier Sud,91.0
2026-08-17T04:45:00,Siège Est,76.3
2026-08-17T04:45:00,Usine Nord,668.1
2026-08-17T05:00:00,Atelier Sud,63.1
2026-08-17T05:00:00,Siège Est,61.3
2026-08-17T05:00:00,Usine Nord,623.4
2026-08-17T05:15:00,Atelier Sud,87.8
2026-08-17T05:15:00,Siège Est,69.5
2026-08-17T05:15:00,Usine Nord,674.4
2026-08-17T05:30:00,Atelier Sud,71.6
2026-08-17T05:30:00,Siège Est,59.6
2026-08-17T05:30:00,Usine Nord,622.4
2026-08-17T05:45:00,Atelier Sud,81.6
2026-08-17T05:45:00,Siège Est,62.9
2026-08-17T05:45:00,Usine Nord,638.0
2026-08-17T06:00:00,Atelier Sud,40.9
2026-08-17T06:00:00,Siège Est,49.9
2026-08-17T06:00:00,Usine Nord,916.7
2026-08-17T06:15:00,Atelier Sud,120.2
2026-08-17T06:15:00,Siège Est,68.1
2026-08-17T06:15:00,Usine Nord,941.6
2026-08-17T06:30:00,Atelier Sud,92.0
2026-08-17T06:30:00,Siège Est,66.3
2026-08-17T06:30:00,Usine Nord,965.9
2026-08-17T06:45:00,Atelier Sud,133.9
2026-08-17T06:45:00,Siège Est,75.0
2026-08-17T06:45:00,Usine Nord,950.9
2026-08-17T07:00:00,Atelier Sud,153.2
2026-08-17T07:00:00,Siège Est,70.0
2026-08-17T07:00:00,Usine Nord,973.2
2026-08-17T07:15:00,Atelier Sud,194.8
2026-08-17T07:15:00,Siège Est,67.0
2026-08-17T07:15:00,Usine Nord,971.9
2026-08-17T07:30:00,Atelier Sud,210.1
2026-08-17T07:30:00,Siège Est,74.2
2026-08-17T07:30:00,Usine Nord,945.2
2026-08-17T07:45:00,Atelier Sud,204.8
2026-08-17T07:45:00,Siège Est,65.8
2026-08-17T07:45:00,Usine Nord,938.1
2026-08-17T08:00:00,Atelier Sud,223.2
2026-08-17T08:00:00,Siège Est,244.1
2026-08-17T08:00:00,Usine Nord,978.5
2026-08-17T08:15:00,Atelier Sud,245.7
2026-08-17T08:15:00,Siège Est,236.3
2026-08-17T08:15:00,Usine Nord,965.2
2026-08-17T08:30:00,Atelier Sud,258.8
2026-08-17T08:30:00,Siège Est,247.8
2026-08-17T08:30:00,Usine Nord,972.3
2026-08-17T08:45:00,Atelier Sud,244.4
2026-08-17T08:45:00,Siège Est,245.1
2026-08-17T08:45:00,Usine Nord,977.0
2026-08-17T09:00:00,Atelier Sud,248.3
2026-08-17T09:00:00,Siège Est,238.0
2026-08-17T09:00:00,Usine Nord,943.5
2026-08-17T09:15:00,Atelier Sud,263.9
2026-08-17T09:15:00,Siège Est,240.5
2026-08-17T09:15:00,Usine Nord,935.0
2026-08-17T09:30:00,Atelier Sud,319.9
2026-08-17T09:30:00,Siège Est,235.4
2026-08-17T09:30:00,Usine Nord,954.3
2026-08-17T09:45:00,Atelier Sud,294.7
2026-08-17T09:45:00,Siège Est,234.9
2026-08-17T09:45:00,Usine Nord,938.8
2026-08-17T10:00:00,Atelier Sud,271.9
2026-08-17T10:00:00,Siège Est,244.9
2026-08-17T10:00:00,Usine Nord,935.4
2026-08-17T10:15:00,Atelier Sud,320.9
2026-08-17T10:15:00,Siège Est,245.5
2026-08-17T10:15:00,Usine Nord,930.3
2026-08-17T10:30:00,Atelier Sud,356.4
2026-08-17T10:30:00,Siège Est,232.6
2026-08-17T10:30:00,Usine Nord,947.1
2026-08-17T10:45:00,Atelier Sud,292.4
2026-08-17T10:45:00,Siège Est,240.1
2026-08-17T10:45:00,Usine Nord,942.8
2026-08-17T11:00:00,Atelier Sud,327.9
2026-08-17T11:00:00,Siège Est,233.1
2026-08-17T11:00:00,Usine Nord,959.3
2026-08-17T11:15:00,Atelier Sud,294.4
2026-08-17T11:15:00,Siège Est,247.4
2026-08-17T11:15:00,Usine Nord,962.7
2026-08-17T11:30:00,Atelier Sud,296.4
2026-08-17T11:30:00,Siège Est,244.9
2026-08-17T11:30:00,Usine Nord,977.1
2026-08-17T11:45:00,Atelier Sud,371.3
2026-08-17T11:45:00,Siège Est,238.6
2026-08-17T11:45:00,Usine Nord,956.7
2026-08-17T12:00:00,Atelier Sud,367.8
2026-08-17T12:00:00,Siège Est,242.3
2026-08-17T12:00:00,Usine Nord,954.9
2026-08-17T12:15:00,Atelier Sud,345.9
2026-08-17T12:15:00,Siège Est,250.3
2026-08-17T12:15:00,Usine Nord,960.5
2026-08-17T12:30:00,Atelier Sud,343.8
2026-08-17T12:30:00,Siège Est,251.2
2026-08-17T12:30:00,Usine Nord,953.5
2026-08-17T12:45:00,Atelier Sud,313.7
2026-08-17T12:45:00,Siège Est,232.1
2026-08-17T12:45:00,Usine Nord,958.1
2026-08-17T13:00:00,Atelier Sud,302.9
2026-08-17T13:00:00,Siège Est,234.8
2026-08-17T13:00:00,Usine Nord,937.5
2026-08-17T13:15:00,Atelier Sud,334.0
2026-08-17T13:15:00,Siège Est,237.0
2026-08-17T13:15:00,Usine Nord,952.8
2026-08-17T13:30:00,Atelier Sud,291.2
2026-08-17T13:30:00,Siège Est,228.9
2026-08-17T13:30:00,Usine Nord,921.5
2026-08-17T13:45:00,Atelier Sud,348.5
2026-08-17T13:45:00,Siège Est,231.4
2026-08-17T13:45:00,Usine Nord,973.4
2026-08-17T14:00:00,Atelier Sud,341.9
2026-08-17T14:00:00,Siège Est,239.9
2026-08-17T14:00:00,Usine Nord,954.2
2026-08-17T14:15:00,Atelier Sud,313.7
2026-08-17T14:15:00,Siège Est,234.7
2026-08-17T14:15:00,Usine Nord,960.3
2026-08-17T14:30:00,Atelier Sud,272.4
2026-08-17T14:30:00,Siège Est,242.1
2026-08-17T14:30:00,Usine Nord,919.6
2026-08-17T14:45:00,Atelier Sud,274.1
2026-08-17T14:45:00,Siège Est,240.2
2026-08-17T14:45:00,Usine Nord,928.8
2026-08-17T15:00:00,Atelier Sud,299.7
2026-08-17T15:00:00,Siège Est,251.0
2026-08-17T15:00:00,Usine Nord,936.3
2026-08-17T15:15:00,Atelier Sud,237.0
2026-08-17T15:15:00,Siège Est,244.4
2026-08-17T15:15:00,Usine Nord,905.5
2026-08-17T15:30:00,Atelier Sud,231.3
2026-08-17T15:30:00,Siège Est,246.8
2026-08-17T15:30:00,Usine Nord,971.8
2026-08-17T15:45:00,Atelier Sud,229.4
2026-08-17T15:45:00,Siège Est,232.9
2026-08-17T15:45:00,Usine Nord,963.1
2026-08-17T16:00:00,Atelier Sud,172.1
2026-08-17T16:00:00,Siège Est,230.2
2026-08-17T16:00:00,Usine Nord,950.2
2026-08-17T16:15:00,Atelier Sud,182.6
2026-08-17T16:15:00,Siège Est,254.0
2026-08-17T16:15:00,Usine Nord,973.0
2026-08-17T16:30:00,Atelier Sud,188.8
2026-08-17T16:30:00,Siège Est,242.9
2026-08-17T16:30:00,Usine Nord,910.0
2026-08-17T16:45:00,Atelier Sud,141.6
2026-08-17T16:45:00,Siège Est,234.6
2026-08-17T16:45:00,Usine Nord,926.9
2026-08-17T17:00:00,Atelier Sud,135.5
2026-08-17T17:00:00,Siège Est,221.3
2026-08-17T17:00:00,Usine Nord,972.9
2026-08-17T17:15:00,Atelier Sud,135.7
2026-08-17T17:15:00,Siège Est,253.9
2026-08-17T17:15:00,Usine Nord,965.6
2026-08-17T17:30:00,Atelier Sud,113.9
2026-08-17T17:30:00,Siège Est,233.7
2026-08-17T17:30:00,Usine Nord,947.0
2026-08-17T17:45:00,Atelier Sud,74.7
2026-08-17T17:45:00,Siège Est,243.1
2026-08-17T17:45:00,Usine Nord,959.1
2026-08-17T18:00:00,Atelier Sud,82.9
2026-08-17T18:00:00,Siège Est,243.1
2026-08-17T18:00:00,Usine Nord,952.1
2026-08-17T18:15:00,Atelier Sud,63.7
2026-08-17T18:15:00,Siège Est,243.7
2026-08-17T18:15:00,Usine Nord,939.5
2026-08-17T18:30:00,Atelier Sud,62.6
2026-08-17T18:30:00,Siège Est,247.4
2026-08-17T18:30:00,Usine Nord,938.0
2026-08-17T18:45:00,Atelier Sud,76.0
2026-08-17T18:45:00,Siège Est,231.4
2026-08-17T18:45:00,Usine Nord,928.3
2026-08-17T19:00:00,Atelier Sud,62.7
2026-08-17T19:00:00,Siège Est,68.9
2026-08-17T19:00:00,Usine Nord,948.5
2026-08-17T19:15:00,Atelier Sud,80.1
2026-08-17T19:15:00,Siège Est,54.4
2026-08-17T19:15:00,Usine Nord,944.8
2026-08-17T19:30:00,Atelier Sud,78.7
2026-08-17T19:30:00,Siège Est,70.1
2026-08-17T19:30:00,Usine Nord,968.6
2026-08-17T19:45:00,Atelier Sud,79.9
2026-08-17T19:45:00,Siège Est,64.6
2026-08-17T19:45:00,Usine Nord,913.9
2026-08-17T20:00:00,Atelier Sud,57.4
2026-08-17T20:00:00,Siège Est,69.8
2026-08-17T20:00:00,Usine Nord,948.4
2026-08-17T20:15:00,Atelier Sud,73.6
2026-08-17T20:15:00,Siège Est,66.0
2026-08-17T20:15:00,Usine Nord,939.6
2026-08-17T20:30:00,Atelier Sud,82.4
2026-08-17T20:30:00,Siège Est,86.0
2026-08-17T20:30:00,Usine Nord,933.4
2026-08-17T20:45:00,Atelier Sud,84.5
2026-08-17T20:45:00,Siège Est,77.5
2026-08-17T20:45:00,Usine Nord,942.2
2026-08-17T21:00:00,Atelier Sud,96.9
2026-08-17T21:00:00,Siège Est,73.2
2026-08-17T21:00:00,Usine Nord,982.2
2026-08-17T21:15:00,Atelier Sud,85.9
2026-08-17T21:15:00,Siège Est,79.3
2026-08-17T21:15:00,Usine Nord,988.0
2026-08-17T21:30:00,Atelier Sud,51.9
2026-08-17T21:30:00,Siège Est,40.4
2026-08-17T21:30:00,Usine Nord,902.4
2026-08-17T21:45:00,Atelier Sud,68.7
2026-08-17T21:45:00,Siège Est,63.1
2026-08-17T21:45:00,Usine Nord,970.9
2026-08-17T22:00:00,Atelier Sud,72.2
2026-08-17T22:00:00,Siège Est,68.4
2026-08-17T22:00:00,Usine Nord,612.1
2026-08-17T22:15:00,Atelier Sud,51.9
2026-08-17T22:15:00,Siège Est,72.0
2026-08-17T22:15:00,Usine Nord,622.9
2026-08-17T22:30:00,Atelier Sud,62.7
2026-08-17T22:30:00,Siège Est,72.6
2026-08-17T22:30:00,Usine Nord,626.7
2026-08-17T22:45:00,Atelier Sud,52.7
2026-08-17T22:45:00,Siège Est,66.2
2026-08-17T22:45:00,Usine Nord,618.3
2026-08-17T23:00:00,Atelier Sud,63.8
2026-08-17T23:00:00,Siège Est,68.8
2026-08-17T23:00:00,Usine Nord,672.0
2026-08-17T23:15:00,Atelier Sud,91.2
2026-08-17T23:15:00,Siège Est,79.2
2026-08-17T23:15:00,Usine Nord,682.7
2026-08-17T23:30:00,Atelier Sud,70.5
2026-08-17T23:30:00,Siège Est,73.8
2026-08-17T23:30:00,Usine Nord,608.6
2026-08-17T23:45:00,Atelier Sud,55.4
2026-08-17T23:45:00,Siège Est,89.9
2026-08-17T23:45:00,Usine Nord,660.6
2026-08-18T00:00:00,Atelier Sud,48.4
2026-08-18T00:00:00,Siège Est,68.2
2026-08-18T00:00:00,Usine Nord,656.2
2026-08-18T00:15:00,Atelier Sud,61.7
2026-08-18T00:15:00,Siège Est,56.3
2026-08-18T00:15:00,Usine Nord,637.1
2026-08-18T00:30:00,Atelier Sud,101.2
2026-08-18T00:30:00,Siège Est,66.0
2026-08-18T00:30:00,Usine Nord,638.5
2026-08-18T00:45:00,Atelier Sud,63.2
2026-08-18T00:45:00,Siège Est,50.5
2026-08-18T00:45:00,Usine Nord,642.1
2026-08-18T01:00:00,Atelier Sud,65.4
2026-08-18T01:00:00,Siège Est,57.4
2026-08-18T01:00:00,Usine Nord,639.6
2026-08-18T01:15:00,Atelier Sud,109.8
2026-08-18T01:15:00,Siège Est,61.7
2026-08-18T01:15:00,Usine Nord,625.8
2026-08-18T01:30:00,Atelier Sud,76.9
2026-08-18T01:30:00,Siège Est,77.9
2026-08-18T01:30:00,Usine Nord,643.2
2026-08-18T01:45:00,Atelier Sud,63.3
2026-08-18T01:45:00,Siège Est,56.0
2026-08-18T01:45:00,Usine Nord,649.7
2026-08-18T02:00:00,Atelier Sud,68.8
2026-08-18T02:00:00,Siège Est,79.6
2026-08-18T02:00:00,Usine Nord,650.1
2026-08-18T02:15:00,Atelier Sud,54.1
2026-08-18T02:15:00,Siège Est,69.9
2026-08-18T02:15:00,Usine Nord,622.6
2026-08-18T02:30:00,Atelier Sud,83.6
2026-08-18T02:30:00,Siège Est,65.2
2026-08-18T02:30:00,Usine Nord,662.5
2026-08-18T02:45:00,Atelier Sud,69.6
2026-08-18T02:45:00,Siège Est,70.1
2026-08-18T02:45:00,Usine Nord,617.5
2026-08-18T03:00:00,Atelier Sud,51.5
2026-08-18T03:00:00,Siège Est,69.8
2026-08-18T03:00:00,Usine Nord,631.9
2026-08-18T03:15:00,Atelier Sud,51.6
2026-08-18T03:15:00,Siège Est,80.4
2026-08-18T03:15:00,Usine Nord,620.8
2026-08-18T03:30:00,Atelier Sud,59.4
2026-08-18T03:30:00,Siège Est,77.0
2026-08-18T03:30:00,Usine Nord,605.5
2026-08-18T03:45:00,Atelier Sud,54.4
2026-08-18T03:45:00,Siège Est,66.7
2026-08-18T03:45:00,Usine Nord,649.9
2026-08-18T04:00:00,Atelier Sud,73.5
2026-08-18T04:00:00,Siège Est,61.3
2026-08-18T04:00:00,Usine Nord,628.9
2026-08-18T04:15:00,Atelier Sud,40.4
2026-08-18T04:15:00,Siège Est,69.8
2026-08-18T04:15:00,Usine Nord,674.4
2026-08-18T04:30:00,Atelier Sud,88.4
2026-08-18T04:30:00,Siège Est,86.5
2026-08-18T04:30:00,Usine Nord,640.6
2026-08-18T04:45:00,Atelier Sud,84.1
2026-08-18T04:45:00,Siège Est,68.2
2026-08-18T04:45:00,Usine Nord,665.8
2026-08-18T05:00:00,Atelier Sud,39.5
2026-08-18T05:00:00,Siège Est,69.2
2026-08-18T05:00:00,Usine Nord,627.7
2026-08-18T05:15:00,Atelier Sud,53.2
2026-08-18T05:15:00,Siège Est,75.4
2026-08-18T05:15:00,Usine Nord,633.1
2026-08-18T05:30:00,Atelier Sud,71.2
2026-08-18T05:30:00,Siège Est,78.0
2026-08-18T05:30:00,Usine Nord,657.5
2026-08-18T05:45:00,Atelier Sud,79.0
2026-08-18T05:45:00,Siège Est,68.5
2026-08-18T05:45:00,Usine Nord,636.0
2026-08-18T06:00:00,Atelier Sud,83.8
2026-08-18T06:00:00,Siège Est,54.6
2026-08-18T06:00:00,Usine Nord,928.2
2026-08-18T06:15:00,Atelier Sud,93.2
2026-08-18T06:15:00,Siège Est,68.1
2026-08-18T06:15:00,Usine Nord,949.1
2026-08-18T06:30:00,Atelier Sud,118.8
2026-08-18T06:30:00,Siège Est,68.0
2026-08-18T06:30:00,Usine Nord,973.6
2026-08-18T06:45:00,Atelier Sud,124.9
2026-08-18T06:45:00,Siège Est,83.8
2026-08-18T06:45:00,Usine Nord,957.4
2026-08-18T07:00:00,Atelier Sud,170.1
2026-08-18T07:00:00,Siège Est,72.9
2026-08-18T07:00:00,Usine Nord,959.8
2026-08-18T07:15:00,Atelier Sud,169.7
2026-08-18T07:15:00,Siège Est,62.4
2026-08-18T07:15:00,Usine Nord,1001.1
2026-08-18T07:30:00,Atelier Sud,191.1
2026-08-18T07:30:00,Siège Est,83.7
2026-08-18T07:30:00,Usine Nord,965.2
2026-08-18T07:45:00,Atelier Sud,192.2
2026-08-18T07:45:00,Siège Est,78.9
2026-08-18T07:45:00,Usine Nord,937.9
2026-08-18T08:00:00,Atelier Sud,214.1
2026-08-18T08:00:00,Siège Est,251.8
2026-08-18T08:00:00,Usine Nord,952.6
2026-08-18T08:15:00,Atelier Sud,263.8
2026-08-18T08:15:00,Siège Est,254.2
2026-08-18T08:15:00,Usine Nord,922.7
2026-08-18T08:30:00,Atelier Sud,244.6
2026-08-18T08:30:00,Siège Est,247.6
2026-08-18T08:30:00,Usine Nord,941.8
2026-08-18T08:45:00,Atelier Sud,237.2
2026-08-18T08:45:00,Siège Est,249.4
2026-08-18T08:45:00,Usine Nord,981.0
2026-08-18T09:00:00,Atelier Sud,310.8
2026-08-18T09:00:00,Siège Est,243.2
2026-08-18T09:00:00,Usine Nord,959.7
2026-08-18T09:15:00,Atelier Sud,306.8
2026-08-18T09:15:00,Siège Est,247.5
2026-08-18T09:15:00,Usine Nord,1059.1
2026-08-18T09:30:00,Atelier Sud,303.2
2026-08-18T09:30:00,Siège Est,249.4
2026-08-18T09:30:00,Usine Nord,933.3
2026-08-18T09:45:00,Atelier Sud,296.3
2026-08-18T09:45:00,Siège Est,246.4
2026-08-18T09:45:00,Usine Nord,916.4
2026-08-18T10:00:00,Atelier Sud,308.5
2026-08-18T10:00:00,Siège Est,232.8
2026-08-18T10:00:00,Usine Nord,998.5
2026-08-18T10:15:00,Atelier Sud,331.9
2026-08-18T10:15:00,Siège Est,235.9
2026-08-18T10:15:00,Usine Nord,939.0
2026-08-18T10:30:00,Atelier Sud,347.4
2026-08-18T10:30:00,Siège Est,251.4
2026-08-18T10:30:00,Usine Nord,922.2
2026-08-18T10:45:00,Atelier Sud,311.5
2026-08-18T10:45:00,Siège Est,242.5
2026-08-18T10:45:00,Usine Nord,982.8
2026-08-18T11:00:00,Atelier Sud,363.2
2026-08-18T11:00:00,Siège Est,247.6
2026-08-18T11:00:00,Usine Nord,950.8
2026-08-18T11:15:00,Atelier Sud,393.5
2026-08-18T11:15:00,Siège Est,240.3
2026-08-18T11:15:00,Usine Nord,926.9
2026-08-18T11:30:00,Atelier Sud,315.6
2026-08-18T11:30:00,Siège Est,247.9
2026-08-18T11:30:00,Usine Nord,928.9
2026-08-18T11:45:00,Atelier Sud,404.6
2026-08-18T11:45:00,Siège Est,251.4
2026-08-18T11:45:00,Usine Nord,923.9
2026-08-18T12:00:00,Atelier Sud,326.1
2026-08-18T12:00:00,Siège Est,241.8
2026-08-18T12:00:00,Usine Nord,944.4
2026-08-18T12:15:00,Atelier Sud,306.8
2026-08-18T12:15:00,Siège Est,251.4
2026-08-18T12:15:00,Usine Nord,944.8
2026-08-18T12:30:00,Atelier Sud,363.6
2026-08-18T12:30:00,Siège Est,234.9
2026-08-18T12:30:00,Usine Nord,957.8
2026-08-18T12:45:00,Atelier Sud,327.8
2026-08-18T12:45:00,Siège Est,239.2
2026-08-18T12:45:00,Usine Nord,929.2
2026-08-18T13:00:00,Atelier Sud,310.6
2026-08-18T13:00:00,Siège Est,232.2
2026-08-18T13:00:00,Usine Nord,936.4
2026-08-18T13:15:00,Atelier Sud,277.2
2026-08-18T13:15:00,Siège Est,239.2
2026-08-18T13:15:00,Usine Nord,957.4
2026-08-18T13:30:00,Atelier Sud,305.5
2026-08-18T13:30:00,Siège Est,242.8
2026-08-18T13:30:00,Usine Nord,976.3
2026-08-18T13:45:00,Atelier Sud,267.0
2026-08-18T13:45:00,Siège Est,233.2
2026-08-18T13:45:00,Usine Nord,992.7
2026-08-18T14:00:00,Atelier Sud,328.8
2026-08-18T14:00:00,Siège Est,253.8
2026-08-18T14:00:00,Usine Nord,974.6
2026-08-18T14:15:00,Atelier Sud,289.1
2026-08-18T14:15:00,Siège Est,254.2
2026-08-18T14:15:00,Usine Nord,921.9
2026-08-18T14:30:00,Atelier Sud,294.4
2026-08-18T14:30:00,Siège Est,261.1
2026-08-18T14:30:00,Usine Nord,941.4
2026-08-18T14:45:00,Atelier Sud,259.9
2026-08-18T14:45:00,Siège Est,226.6
2026-08-18T14:45:00,Usine Nord,963.4
2026-08-18T15:00:00,Atelier Sud,244.3
2026-08-18T15:00:00,Siège Est,237.8
2026-08-18T15:00:00,Usine Nord,929.0
2026-08-18T15:15:00,Atelier Sud,237.5
2026-08-18T15:15:00,Siège Est,242.0
2026-08-18T15:15:00,Usine Nord,920.4
2026-08-18T15:30:00,Atelier Sud,237.0
2026-08-18T15:30:00,Siège Est,247.0
2026-08-18T15:30:00,Usine Nord,913.2
2026-08-18T15:45:00,Atelier Sud,191.0
2026-08-18T15:45:00,Siège Est,231.5
2026-08-18T15:45:00,Usine Nord,947.5
2026-08-18T16:00:00,Atelier Sud,195.7
2026-08-18T16:00:00,Siège Est,242.7
2026-08-18T16:00:00,Usine Nord,933.1
2026-08-18T16:15:00,Atelier Sud,205.4
2026-08-18T16:15:00,Siège Est,255.4
2026-08-18T16:15:00,Usine Nord,939.8
2026-08-18T16:30:00,Atelier Sud,188.5
2026-08-18T16:30:00,Siège Est,241.1
2026-08-18T16:30:00,Usine Nord,921.3
2026-08-18T16:45:00,Atelier Sud,142.7
2026-08-18T16:45:00,Siège Est,244.9
2026-08-18T16:45:00,Usine Nord,956.5
2026-08-18T17:00:00,Atelier Sud,160.2
2026-08-18T17:00:00,Siège Est,247.4
2026-08-18T17:00:00,Usine Nord,931.0
2026-08-18T17:15:00,Atelier Sud,113.3
2026-08-18T17:15:00,Siège Est,250.9
2026-08-18T17:15:00,Usine Nord,921.5
2026-08-18T17:30:00,Atelier Sud,118.1
2026-08-18T17:30:00,Siège Est,242.6
2026-08-18T17:30:00,Usine Nord,923.9
2026-08-18T17:45:00,Atelier Sud,72.0
2026-08-18T17:45:00,Siège Est,226.8
2026-08-18T17:45:00,Usine Nord,919.9
2026-08-18T18:00:00,Atelier Sud,85.8
2026-08-18T18:00:00,Siège Est,238.5
2026-08-18T18:00:00,Usine Nord,959.9
2026-08-18T18:15:00,Atelier Sud,86.4
2026-08-18T18:15:00,Siège Est,245.0
2026-08-18T18:15:00,Usine Nord,964.5
2026-08-18T18:30:00,Atelier Sud,53.9
2026-08-18T18:30:00,Siège Est,234.6
2026-08-18T18:30:00,Usine Nord,932.8
2026-08-18T18:45:00,Atelier Sud,87.1
2026-08-18T18:45:00,Siège Est,236.9
2026-08-18T18:45:00,Usine Nord,931.2
2026-08-18T19:00:00,Atelier Sud,58.5
2026-08-18T19:00:00,Siège Est,82.5
2026-08-18T19:00:00,Usine Nord,993.7
2026-08-18T19:15:00,Atelier Sud,60.1
2026-08-18T19:15:00,Siège Est,76.2
2026-08-18T19:15:00,Usine Nord,966.4
2026-08-18T19:30:00,Atelier Sud,55.3
2026-08-18T19:30:00,Siège Est,65.9
2026-08-18T19:30:00,Usine Nord,980.3
2026-08-18T19:45:00,Atelier Sud,58.1
2026-08-18T19:45:00,Siège Est,83.4
2026-08-18T19:45:00,Usine Nord,960.5
2026-08-18T20:00:00,Atelier Sud,66.8
2026-08-18T20:00:00,Siège Est,69.9
2026-08-18T20:00:00,Usine Nord,951.3
2026-08-18T20:15:00,Atelier Sud,80.9
2026-08-18T20:15:00,Siège Est,76.2
2026-08-18T20:15:00,Usine Nord,953.8
2026-08-18T20:30:00,Atelier Sud,99.1
2026-08-18T20:30:00,Siège Est,67.1
2026-08-18T20:30:00,Usine Nord,983.1
2026-08-18T20:45:00,Atelier Sud,72.8
2026-08-18T20:45:00,Siège Est,65.8
2026-08-18T20:45:00,Usine Nord,996.9
2026-08-18T21:00:00,Atelier Sud,52.2
2026-08-18T21:00:00,Siège Est,73.4
2026-08-18T21:00:00,Usine Nord,957.8
2026-08-18T21:15:00,Atelier Sud,81.4
2026-08-18T21:15:00,Siège Est,70.4
2026-08-18T21:15:00,Usine Nord,952.2
2026-08-18T21:30:00,Atelier Sud,48.5
2026-08-18T21:30:00,Siège Est,71.7
2026-08-18T21:30:00,Usine Nord,971.0
2026-08-18T21:45:00,Atelier Sud,77.5
2026-08-18T21:45:00,Siège Est,65.5
2026-08-18T21:45:00,Usine Nord,966.4
2026-08-18T22:00:00,Atelier Sud,59.7
2026-08-18T22:00:00,Siège Est,56.2
2026-08-18T22:00:00,Usine Nord,645.5
2026-08-18T22:15:00,Atelier Sud,60.2
2026-08-18T22:15:00,Siège Est,91.8
2026-08-18T22:15:00,Usine Nord,634.6
2026-08-18T22:30:00,Atelier Sud,50.7
2026-08-18T22:30:00,Siège Est,52.7
2026-08-18T22:30:00,Usine Nord,633.1
2026-08-18T22:45:00,Atelier Sud,83.1
2026-08-18T22:45:00,Siège Est,74.8
2026-08-18T22:45:00,Usine Nord,682.7
2026-08-18T23:00:00,Atelier Sud,73.0
2026-08-18T23:00:00,Siège Est,60.6
2026-08-18T23:00:00,Usine Nord,639.8
2026-08-18T23:15:00,Atelier Sud,68.7
2026-08-18T23:15:00,Siège Est,49.8
2026-08-18T23:15:00,Usine Nord,641.4
2026-08-18T23:30:00,Atelier Sud,44.4
2026-08-18T23:30:00,Siège Est,66.7
2026-08-18T23:30:00,Usine Nord,640.5
2026-08-18T23:45:00,Atelier Sud,60.3
2026-08-18T23:45:00,Siège Est,67.8
2026-08-18T23:45:00,Usine Nord,621.6
2026-08-19T00:00:00,Atelier Sud,59.0
2026-08-19T00:00:00,Siège Est,68.7
2026-08-19T00:00:00,Usine Nord,659.4
2026-08-19T00:15:00,Atelier Sud,85.9
2026-08-19T00:15:00,Siège Est,41.3
2026-08-19T00:15:00,Usine Nord,647.3
2026-08-19T00:30:00,Atelier Sud,90.7
2026-08-19T00:30:00,Siège Est,69.3
2026-08-19T00:30:00,Usine Nord,658.0
2026-08-19T00:45:00,Atelier Sud,83.3
2026-08-19T00:45:00,Siège Est,56.0
2026-08-19T00:45:00,Usine Nord,679.3
2026-08-19T01:00:00,Atelier Sud,91.8
2026-08-19T01:00:00,Siège Est,59.3
2026-08-19T01:00:00,Usine Nord,644.1
2026-08-19T01:15:00,Atelier Sud,87.1
2026-08-19T01:15:00,Siège Est,67.1
2026-08-19T01:15:00,Usine Nord,650.6
2026-08-19T01:30:00,Atelier Sud,64.5
2026-08-19T01:30:00,Siège Est,74.6
2026-08-19T01:30:00,Usine Nord,633.2
2026-08-19T01:45:00,Atelier Sud,72.2
2026-08-19T01:45:00,Siège Est,61.1
2026-08-19T01:45:00,Usine Nord,668.2
2026-08-19T02:00:00,Atelier Sud,46.5
2026-08-19T02:00:00,Siège Est,58.5
2026-08-19T02:00:00,Usine Nord,658.1
2026-08-19T02:15:00,Atelier Sud,79.1
2026-08-19T02:15:00,Siège Est,76.4
2026-08-19T02:15:00,Usine Nord,672.0
2026-08-19T02:30:00,Atelier Sud,79.3
2026-08-19T02:30:00,Siège Est,63.8
2026-08-19T02:30:00,Usine Nord,683.6
2026-08-19T02:45:00,Atelier Sud,51.8
2026-08-19T02:45:00,Siège Est,54.6
2026-08-19T02:45:00,Usine Nord,619.6
2026-08-19T03:00:00,Atelier Sud,82.4
2026-08-19T03:00:00,Siège Est,80.5
2026-08-19T03:00:00,Usine Nord,683.2
2026-08-19T03:15:00,Atelier Sud,66.6
2026-08-19T03:15:00,Siège Est,63.2
2026-08-19T03:15:00,Usine Nord,620.9
2026-08-19T03:30:00,Atelier Sud,42.4
2026-08-19T03:30:00,Siège Est,70.1
2026-08-19T03:30:00,Usine Nord,625.6
2026-08-19T03:45:00,Atelier Sud,68.0
2026-08-19T03:45:00,Siège Est,68.3
2026-08-19T03:45:00,Usine Nord,605.2
2026-08-19T04:00:00,Atelier Sud,81.1
2026-08-19T04:00:00,Siège Est,67.5
2026-08-19T04:00:00,Usine Nord,682.4
2026-08-19T04:15:00,Atelier Sud,62.0
2026-08-19T04:15:00,Siège Est,71.9
2026-08-19T04:15:00,Usine Nord,637.1
2026-08-19T04:30:00,Atelier Sud,70.7
2026-08-19T04:30:00,Siège Est,76.6
2026-08-19T04:30:00,Usine Nord,661.3
2026-08-19T04:45:00,Atelier Sud,76.1
2026-08-19T04:45:00,Siège Est,81.4
2026-08-19T04:45:00,Usine Nord,634.2
2026-08-19T05:00:00,Atelier Sud,63.3
2026-08-19T05:00:00,Siège Est,59.2
2026-08-19T05:00:00,Usine Nord,685.3
2026-08-19T05:15:00,Atelier Sud,61.8
2026-08-19T05:15:00,Siège Est,65.8
2026-08-19T05:15:00,Usine Nord,620.8
2026-08-19T05:30:00,Atelier Sud,47.3
2026-08-19T05:30:00,Siège Est,82.1
2026-08-19T05:30:00,Usine Nord,647.6
2026-08-19T05:45:00,Atelier Sud,74.2
2026-08-19T05:45:00,Siège Est,81.6
2026-08-19T05:45:00,Usine Nord,623.4
2026-08-19T06:00:00,Atelier Sud,71.2
2026-08-19T06:00:00,Siège Est,71.5
2026-08-19T06:00:00,Usine Nord,943.8
2026-08-19T06:15:00,Atelier Sud,117.7
2026-08-19T06:15:00,Siège Est,70.6
2026-08-19T06:15:00,Usine Nord,980.4
2026-08-19T06:30:00,Atelier Sud,124.1
2026-08-19T06:30:00,Siège Est,81.7
2026-08-19T06:30:00,Usine Nord,956.1
2026-08-19T06:45:00,Atelier Sud,138.0
2026-08-19T06:45:00,Siège Est,63.7
2026-08-19T06:45:00,Usine Nord,956.7
2026-08-19T07:00:00,Atelier Sud,143.9
2026-08-19T07:00:00,Siège Est,74.8
2026-08-19T07:00:00,Usine Nord,966.8
2026-08-19T07:15:00,Atelier Sud,148.2
2026-08-19T07:15:00,Siège Est,75.3
2026-08-19T07:15:00,Usine Nord,938.6
2026-08-19T07:30:00,Atelier Sud,185.2
2026-08-19T07:30:00,Siège Est,77.8
2026-08-19T07:30:00,Usine Nord,922.3
2026-08-19T07:45:00,Atelier Sud,199.7
2026-08-19T07:45:00,Siège Est,66.4
2026-08-19T07:45:00,Usine Nord,925.2
2026-08-19T08:00:00,Atelier Sud,231.4
2026-08-19T08:00:00,Siège Est,236.7
2026-08-19T08:00:00,Usine Nord,938.8
2026-08-19T08:15:00,Atelier Sud,247.2
2026-08-19T08:15:00,Siège Est,236.5
2026-08-19T08:15:00,Usine Nord,975.9
2026-08-19T08:30:00,Atelier Sud,253.3
2026-08-19T08:30:00,Siège Est,235.1
2026-08-19T08:30:00,Usine Nord,949.8
2026-08-19T08:45:00,Atelier Sud,285.8
2026-08-19T08:45:00,Siège Est,238.3
2026-08-19T08:45:00,Usine Nord,939.0
2026-08-19T09:00:00,Atelier Sud,271.4
2026-08-19T09:00:00,Siège Est,244.6
2026-08-19T09:00:00,Usine Nord,951.4
2026-08-19T09:15:00,Atelier Sud,298.7
2026-08-19T09:15:00,Siège Est,255.2
2026-08-19T09:15:00,Usine Nord,933.8
2026-08-19T09:30:00,Atelier Sud,276.0
2026-08-19T09:30:00,Siège Est,230.6
2026-08-19T09:30:00,Usine Nord,968.7
2026-08-19T09:45:00,Atelier Sud,306.9
2026-08-19T09:45:00,Siège Est,248.9
2026-08-19T09:45:00,Usine Nord,966.8
2026-08-19T10:00:00,Atelier Sud,331.6
2026-08-19T10:00:00,Siège Est,238.1
2026-08-19T10:00:00,Usine Nord,932.4
2026-08-19T10:15:00,Atelier Sud,368.5
2026-08-19T10:15:00,Siège Est,235.5
2026-08-19T10:15:00,Usine Nord,987.0
2026-08-19T10:30:00,Atelier Sud,340.5
2026-08-19T10:30:00,Siège Est,240.4
2026-08-19T10:30:00,Usine Nord,922.7
2026-08-19T10:45:00,Atelier Sud,362.2
2026-08-19T10:45:00,Siège Est,247.2
2026-08-19T10:45:00,Usine Nord,959.4
2026-08-19T11:00:00,Atelier Sud,325.3
2026-08-19T11:00:00,Siège Est,232.9
2026-08-19T11:00:00,Usine Nord,942.9
2026-08-19T11:15:00,Atelier Sud,315.0
2026-08-19T11:15:00,Siège Est,242.2
2026-08-19T11:15:00,Usine Nord,968.0
2026-08-19T11:30:00,Atelier Sud,334.5
2026-08-19T11:30:00,Siège Est,255.6
2026-08-19T11:30:00,Usine Nord,968.7
2026-08-19T11:45:00,Atelier Sud,371.5
2026-08-19T11:45:00,Siège Est,233.6
2026-08-19T11:45:00,Usine Nord,951.4
2026-08-19T12:00:00,Atelier Sud,367.6
2026-08-19T12:00:00,Siège Est,229.1
2026-08-19T12:00:00,Usine Nord,955.9
2026-08-19T12:15:00,Atelier Sud,379.8
2026-08-19T12:15:00,Siège Est,231.8
2026-08-19T12:15:00,Usine Nord,918.8
2026-08-19T12:30:00,Atelier Sud,369.0
2026-08-19T12:30:00,Siège Est,239.2
2026-08-19T12:30:00,Usine Nord,916.8
2026-08-19T12:45:00,Atelier Sud,331.6
2026-08-19T12:45:00,Siège Est,249.3
2026-08-19T12:45:00,Usine Nord,949.8
2026-08-19T13:00:00,Atelier Sud,287.4
2026-08-19T13:00:00,Siège Est,244.6
2026-08-19T13:00:00,Usine Nord,956.3
2026-08-19T13:15:00,Atelier Sud,306.0
2026-08-19T13:15:00,Siège Est,243.4
2026-08-19T13:15:00,Usine Nord,938.1
2026-08-19T13:30:00,Atelier Sud,364.8
2026-08-19T13:30:00,Siège Est,238.8
2026-08-19T13:30:00,Usine Nord,963.4
2026-08-19T13:45:00,Atelier Sud,297.4
2026-08-19T13:45:00,Siège Est,250.7
2026-08-19T13:45:00,Usine Nord,973.7
2026-08-19T14:00:00,Atelier Sud,272.3
2026-08-19T14:00:00,Siège Est,253.4
2026-08-19T14:00:00,Usine Nord,911.6
2026-08-19T14:15:00,Atelier Sud,262.5
2026-08-19T14:15:00,Siège Est,225.8
2026-08-19T14:15:00,Usine Nord,957.8
2026-08-19T14:30:00,Atelier Sud,347.2
2026-08-19T14:30:00,Siège Est,232.3
2026-08-19T14:30:00,Usine Nord,991.7
2026-08-19T14:45:00,Atelier Sud,279.2
2026-08-19T14:45:00,Siège Est,222.5
2026-08-19T14:45:00,Usine Nord,948.0
2026-08-19T15:00:00,Atelier Sud,245.8
2026-08-19T15:00:00,Siège Est,241.2
2026-08-19T15:00:00,Usine Nord,949.2
2026-08-19T15:15:00,Atelier Sud,248.8
2026-08-19T15:15:00,Siège Est,235.1
2026-08-19T15:15:00,Usine Nord,950.3
2026-08-19T15:30:00,Atelier Sud,225.0
2026-08-19T15:30:00,Siège Est,238.2
2026-08-19T15:30:00,Usine Nord,960.7
2026-08-19T15:45:00,Atelier Sud,225.0
2026-08-19T15:45:00,Siège Est,241.7
2026-08-19T15:45:00,Usine Nord,895.3
2026-08-19T16:00:00,Atelier Sud,216.3
2026-08-19T16:00:00,Siège Est,231.7
2026-08-19T16:00:00,Usine Nord,959.8
2026-08-19T16:15:00,Atelier Sud,191.3
2026-08-19T16:15:00,Siège Est,242.8
2026-08-19T16:15:00,Usine Nord,941.5
2026-08-19T16:30:00,Atelier Sud,164.7
2026-08-19T16:30:00,Siège Est,238.3
2026-08-19T16:30:00,Usine Nord,963.6
2026-08-19T16:45:00,Atelier Sud,160.6
2026-08-19T16:45:00,Siège Est,238.9
2026-08-19T16:45:00,Usine Nord,936.5
2026-08-19T17:00:00,Atelier Sud,163.2
2026-08-19T17:00:00,Siège Est,239.8
2026-08-19T17:00:00,Usine Nord,947.9
2026-08-19T17:15:00,Atelier Sud,142.2
2026-08-19T17:15:00,Siège Est,249.2
2026-08-19T17:15:00,Usine Nord,957.3
2026-08-19T17:30:00,Atelier Sud,67.6
2026-08-19T17:30:00,Siège Est,241.1
2026-08-19T17:30:00,Usine Nord,971.6
2026-08-19T17:45:00,Atelier Sud,103.2
2026-08-19T17:45:00,Siège Est,247.3
2026-08-19T17:45:00,Usine Nord,946.4
2026-08-19T18:00:00,Atelier Sud,63.6
2026-08-19T18:00:00,Siège Est,227.4
2026-08-19T18:00:00,Usine Nord,958.0
2026-08-19T18:15:00,Atelier Sud,59.6
2026-08-19T18:15:00,Siège Est,234.1
2026-08-19T18:15:00,Usine Nord,927.6
2026-08-19T18:30:00,Atelier Sud,90.2
2026-08-19T18:30:00,Siège Est,248.3
2026-08-19T18:30:00,Usine Nord,948.3
2026-08-19T18:45:00,Atelier Sud,92.6
2026-08-19T18:45:00,Siège Est,242.0
2026-08-19T18:45:00,Usine Nord,958.1
2026-08-19T19:00:00,Atelier Sud,64.0
2026-08-19T19:00:00,Siège Est,76.6
2026-08-19T19:00:00,Usine Nord,991.9
2026-08-19T19:15:00,Atelier Sud,69.7
2026-08-19T19:15:00,Siège Est,74.9
2026-08-19T19:15:00,Usine Nord,931.2
2026-08-19T19:30:00,Atelier Sud,60.2
2026-08-19T19:30:00,Siège Est,75.8
2026-08-19T19:30:00,Usine Nord,952.8
2026-08-19T19:45:00,Atelier Sud,62.9
2026-08-19T19:45:00,Siège Est,77.6
2026-08-19T19:45:00,Usine Nord,938.5
2026-08-19T20:00:00,Atelier Sud,64.1
2026-08-19T20:00:00,Siège Est,85.9
2026-08-19T20:00:00,Usine Nord,962.8
2026-08-19T20:15:00,Atelier Sud,44.0
2026-08-19T20:15:00,Siège Est,63.4
2026-08-19T20:15:00,Usine Nord,932.1
2026-08-19T20:30:00,Atelier Sud,66.3
2026-08-19T20:30:00,Siège Est,59.4
2026-08-19T20:30:00,Usine Nord,968.2
2026-08-19T20:45:00,Atelier Sud,90.5
2026-08-19T20:45:00,Siège Est,67.2
2026-08-19T20:45:00,Usine Nord,926.6
2026-08-19T21:00:00,Atelier Sud,58.5
2026-08-19T21:00:00,Siège Est,68.6
2026-08-19T21:00:00,Usine Nord,986.8
2026-08-19T21:15:00,Atelier Sud,62.8
2026-08-19T21:15:00,Siège Est,52.5
2026-08-19T21:15:00,Usine Nord,951.6
2026-08-19T21:30:00,Atelier Sud,66.7
2026-08-19T21:30:00,Siège Est,73.7
2026-08-19T21:30:00,Usine Nord,944.8
2026-08-19T21:45:00,Atelier Sud,66.0
2026-08-19T21:45:00,Siège Est,59.8
2026-08-19T21:45:00,Usine Nord,952.2
2026-08-19T22:00:00,Atelier Sud,67.3
2026-08-19T22:00:00,Siège Est,64.2
2026-08-19T22:00:00,Usine Nord,654.3
2026-08-19T22:15:00,Atelier Sud,75.1
2026-08-19T22:15:00,Siège Est,68.1
2026-08-19T22:15:00,Usine Nord,656.4
2026-08-19T22:30:00,Atelier Sud,77.3
2026-08-19T22:30:00,Siège Est,69.1
2026-08-19T22:30:00,Usine Nord,671.5
2026-08-19T22:45:00,Atelier Sud,73.3
2026-08-19T22:45:00,Siège Est,67.3
2026-08-19T22:45:00,Usine Nord,649.6
2026-08-19T23:00:00,Atelier Sud,76.5
2026-08-19T23:00:00,Siège Est,66.7
2026-08-19T23:00:00,Usine Nord,634.8
2026-08-19T23:15:00,Atelier Sud,80.3
2026-08-19T23:15:00,Siège Est,67.7
2026-08-19T23:15:00,Usine Nord,618.0
2026-08-19T23:30:00,Atelier Sud,87.6
2026-08-19T23:30:00,Siège Est,55.2
2026-08-19T23:30:00,Usine Nord,637.3
2026-08-19T23:45:00,Atelier Sud,65.4
2026-08-19T23:45:00,Siège Est,86.9
2026-08-19T23:45:00,Usine Nord,626.9
2026-08-20T00:00:00,Atelier Sud,52.8
2026-08-20T00:00:00,Siège Est,72.1
2026-08-20T00:00:00,Usine Nord,669.1
2026-08-20T00:15:00,Atelier Sud,86.2
2026-08-20T00:15:00,Siège Est,82.4
2026-08-20T00:15:00,Usine Nord,623.7
2026-08-20T00:30:00,Atelier Sud,55.4
2026-08-20T00:30:00,Siège Est,70.7
2026-08-20T00:30:00,Usine Nord,637.7
2026-08-20T00:45:00,Atelier Sud,57.7
2026-08-20T00:45:00,Siège Est,72.9
2026-08-20T00:45:00,Usine Nord,654.0
2026-08-20T01:00:00,Atelier Sud,76.2
2026-08-20T01:00:00,Siège Est,69.0
2026-08-20T01:00:00,Usine Nord,809.0
2026-08-20T01:15:00,Atelier Sud,56.3
2026-08-20T01:15:00,Siège Est,84.9
2026-08-20T01:15:00,Usine Nord,614.2
2026-08-20T01:30:00,Atelier Sud,62.1
2026-08-20T01:30:00,Siège Est,58.9
2026-08-20T01:30:00,Usine Nord,645.6
2026-08-20T01:45:00,Atelier Sud,79.0
2026-08-20T01:45:00,Siège Est,85.2
2026-08-20T01:45:00,Usine Nord,669.3
2026-08-20T02:00:00,Atelier Sud,72.9
2026-08-20T02:00:00,Siège Est,76.5
2026-08-20T02:00:00,Usine Nord,613.3
2026-08-20T02:15:00,Atelier Sud,87.3
2026-08-20T02:15:00,Siège Est,81.0
2026-08-20T02:15:00,Usine Nord,664.2
2026-08-20T02:30:00,Atelier Sud,76.3
2026-08-20T02:30:00,Siège Est,56.8
2026-08-20T02:30:00,Usine Nord,600.8
2026-08-20T02:45:00,Atelier Sud,51.6
2026-08-20T02:45:00,Siège Est,55.1
2026-08-20T02:45:00,Usine Nord,646.3
2026-08-20T03:00:00,Atelier Sud,87.6
2026-08-20T03:00:00,Siège Est,68.1
2026-08-20T03:00:00,Usine Nord,627.4
2026-08-20T03:15:00,Atelier Sud,80.7
2026-08-20T03:15:00,Siège Est,66.2
2026-08-20T03:15:00,Usine Nord,638.8
2026-08-20T03:30:00,Atelier Sud,45.6
2026-08-20T03:30:00,Siège Est,73.7
2026-08-20T03:30:00,Usine Nord,656.1
2026-08-20T03:45:00,Atelier Sud,61.0
2026-08-20T03:45:00,Siège Est,61.8
2026-08-20T03:45:00,Usine Nord,681.9
2026-08-20T04:00:00,Atelier Sud,67.0
2026-08-20T04:00:00,Siège Est,72.9
2026-08-20T04:00:00,Usine Nord,630.3
2026-08-20T04:15:00,Atelier Sud,94.8
2026-08-20T04:15:00,Siège Est,66.8
2026-08-20T04:15:00,Usine Nord,683.8
2026-08-20T04:30:00,Atelier Sud,69.2
2026-08-20T04:30:00,Siège Est,50.0
2026-08-20T04:30:00,Usine Nord,685.2
2026-08-20T04:45:00,Atelier Sud,71.3
2026-08-20T04:45:00,Siège Est,63.0
2026-08-20T04:45:00,Usine Nord,616.4
2026-08-20T05:00:00,Atelier Sud,83.3
2026-08-20T05:00:00,Siège Est,67.3
2026-08-20T05:00:00,Usine Nord,649.8
2026-08-20T05:15:00,Atelier Sud,73.5
2026-08-20T05:15:00,Siège Est,79.3
2026-08-20T05:15:00,Usine Nord,661.4
2026-08-20T05:30:00,Atelier Sud,65.2
2026-08-20T05:30:00,Siège Est,93.7
2026-08-20T05:30:00,Usine Nord,681.5
2026-08-20T05:45:00,Atelier Sud,74.2
2026-08-20T05:45:00,Siège Est,48.1
2026-08-20T05:45:00,Usine Nord,664.4
2026-08-20T06:00:00,Atelier Sud,73.7
2026-08-20T06:00:00,Siège Est,73.4
2026-08-20T06:00:00,Usine Nord,941.3
2026-08-20T06:15:00,Atelier Sud,102.7
2026-08-20T06:15:00,Siège Est,84.7
2026-08-20T06:15:00,Usine Nord,939.8
2026-08-20T06:30:00,Atelier Sud,112.0
2026-08-20T06:30:00,Siège Est,59.1
2026-08-20T06:30:00,Usine Nord,966.2
2026-08-20T06:45:00,Atelier Sud,142.5
2026-08-20T06:45:00,Siège Est,72.4
2026-08-20T06:45:00,Usine Nord,933.4
2026-08-20T07:00:00,Atelier Sud,173.0
2026-08-20T07:00:00,Siège Est,59.5
2026-08-20T07:00:00,Usine Nord,956.1
2026-08-20T07:15:00,Atelier Sud,161.7
2026-08-20T07:15:00,Siège Est,70.2
2026-08-20T07:15:00,Usine Nord,951.2
2026-08-20T07:30:00,Atelier Sud,172.4
2026-08-20T07:30:00,Siège Est,63.5
2026-08-20T07:30:00,Usine Nord,932.2
2026-08-20T07:45:00,Atelier Sud,227.0
2026-08-20T07:45:00,Siège Est,62.2
2026-08-20T07:45:00,Usine Nord,1000.8
2026-08-20T08:00:00,Atelier Sud,190.8
2026-08-20T08:00:00,Siège Est,220.0
2026-08-20T08:00:00,Usine Nord,953.7
2026-08-20T08:15:00,Atelier Sud,261.9
2026-08-20T08:15:00,Siège Est,237.6
2026-08-20T08:15:00,Usine Nord,997.3
2026-08-20T08:30:00,Atelier Sud,241.0
2026-08-20T08:30:00,Siège Est,246.5
2026-08-20T08:30:00,Usine Nord,974.1
2026-08-20T08:45:00,Atelier Sud,280.1
2026-08-20T08:45:00,Siège Est,219.5
2026-08-20T08:45:00,Usine Nord,973.3
2026-08-20T09:00:00,Atelier Sud,283.0
2026-08-20T09:00:00,Siège Est,227.3
2026-08-20T09:00:00,Usine Nord,936.4
2026-08-20T09:15:00,Atelier Sud,270.5
2026-08-20T09:15:00,Siège Est,238.6
2026-08-20T09:15:00,Usine Nord,938.2
2026-08-20T09:30:00,Atelier Sud,297.6
2026-08-20T09:30:00,Siège Est,221.0
2026-08-20T09:30:00,Usine Nord,952.0
2026-08-20T09:45:00,Atelier Sud,317.5
2026-08-20T09:45:00,Siège Est,219.8
2026-08-20T09:45:00,Usine Nord,947.5
2026-08-20T10:00:00,Atelier Sud,316.6
2026-08-20T10:00:00,Siège Est,235.9
2026-08-20T10:00:00,Usine Nord,923.7
2026-08-20T10:15:00,Atelier Sud,339.2
2026-08-20T10:15:00,Siège Est,258.4
2026-08-20T10:15:00,Usine Nord,999.3
2026-08-20T10:30:00,Atelier Sud,340.1
2026-08-20T10:30:00,Siège Est,231.2
2026-08-20T10:30:00,Usine Nord,1002.1
2026-08-20T10:45:00,Atelier Sud,330.1
2026-08-20T10:45:00,Siège Est,234.6
2026-08-20T10:45:00,Usine Nord,963.4
2026-08-20T11:00:00,Atelier Sud,323.0
2026-08-20T11:00:00,Siège Est,236.0
2026-08-20T11:00:00,Usine Nord,954.1
2026-08-20T11:15:00,Atelier Sud,354.9
2026-08-20T11:15:00,Siège Est,234.9
2026-08-20T11:15:00,Usine Nord,944.4
2026-08-20T11:30:00,Atelier Sud,370.7
2026-08-20T11:30:00,Siège Est,224.4
2026-08-20T11:30:00,Usine Nord,927.4
2026-08-20T11:45:00,Atelier Sud,370.8
2026-08-20T11:45:00,Siège Est,235.7
2026-08-20T11:45:00,Usine Nord,959.3
2026-08-20T12:00:00,Atelier Sud,343.7
2026-08-20T12:00:00,Siège Est,250.1
2026-08-20T12:00:00,Usine Nord,949.4
2026-08-20T12:15:00,Atelier Sud,323.8
2026-08-20T12:15:00,Siège Est,239.2
2026-08-20T12:15:00,Usine Nord,963.1
2026-08-20T12:30:00,Atelier Sud,377.6
2026-08-20T12:30:00,Siège Est,233.8
2026-08-20T12:30:00,Usine Nord,971.3
2026-08-20T12:45:00,Atelier Sud,360.1
2026-08-20T12:45:00,Siège Est,244.6
2026-08-20T12:45:00,Usine Nord,997.4
2026-08-20T13:00:00,Atelier Sud,293.0
2026-08-20T13:00:00,Siège Est,237.8
2026-08-20T13:00:00,Usine Nord,949.4
2026-08-20T13:15:00,Atelier Sud,289.7
2026-08-20T13:15:00,Siège Est,249.8
2026-08-20T13:15:00,Usine Nord,955.2
2026-08-20T13:30:00,Atelier Sud,320.0
2026-08-20T13:30:00,Siège Est,229.4
2026-08-20T13:30:00,Usine Nord,944.6
2026-08-20T13:45:00,Atelier Sud,270.1
2026-08-20T13:45:00,Siège Est,251.7
2026-08-20T13:45:00,Usine Nord,957.5
2026-08-20T14:00:00,Atelier Sud,332.8
2026-08-20T14:00:00,Siège Est,226.5
2026-08-20T14:00:00,Usine Nord,928.0
2026-08-20T14:15:00,Atelier Sud,270.8
2026-08-20T14:15:00,Siège Est,239.5
2026-08-20T14:15:00,Usine Nord,985.7
2026-08-20T14:30:00,Atelier Sud,268.2
2026-08-20T14:30:00,Siège Est,223.7
2026-08-20T14:30:00,Usine Nord,961.8
2026-08-20T14:45:00,Atelier Sud,283.6
2026-08-20T14:45:00,Siège Est,251.4
2026-08-20T14:45:00,Usine Nord,921.7
2026-08-20T15:00:00,Atelier Sud,235.7
2026-08-20T15:00:00,Siège Est,242.0
2026-08-20T15:00:00,Usine Nord,950.4
2026-08-20T15:15:00,Atelier Sud,285.2
2026-08-20T15:15:00,Siège Est,234.1
2026-08-20T15:15:00,Usine Nord,976.3
2026-08-20T15:30:00,Atelier Sud,212.7
2026-08-20T15:30:00,Siège Est,239.9
2026-08-20T15:30:00,Usine Nord,964.6
2026-08-20T15:45:00,Atelier Sud,208.6
2026-08-20T15:45:00,Siège Est,232.0
2026-08-20T15:45:00,Usine Nord,936.9
2026-08-20T16:00:00,Atelier Sud,210.5
2026-08-20T16:00:00,Siège Est,246.3
2026-08-20T16:00:00,Usine Nord,964.2
2026-08-20T16:15:00,Atelier Sud,188.1
2026-08-20T16:15:00,Siège Est,237.7
2026-08-20T16:15:00,Usine Nord,957.5
2026-08-20T16:30:00,Atelier Sud,177.8
2026-08-20T16:30:00,Siège Est,236.5
2026-08-20T16:30:00,Usine Nord,936.9
2026-08-20T16:45:00,Atelier Sud,162.6
2026-08-20T16:45:00,Siège Est,232.1
2026-08-20T16:45:00,Usine Nord,957.6
2026-08-20T17:00:00,Atelier Sud,145.4
2026-08-20T17:00:00,Siège Est,261.1
2026-08-20T17:00:00,Usine Nord,924.7
2026-08-20T17:15:00,Atelier Sud,129.0
2026-08-20T17:15:00,Siège Est,241.6
2026-08-20T17:15:00,Usine Nord,941.6
2026-08-20T17:30:00,Atelier Sud,92.4
2026-08-20T17:30:00,Siège Est,237.4
2026-08-20T17:30:00,Usine Nord,922.6
2026-08-20T17:45:00,Atelier Sud,62.8
2026-08-20T17:45:00,Siège Est,234.6
2026-08-20T17:45:00,Usine Nord,970.9
2026-08-20T18:00:00,Atelier Sud,62.6
2026-08-20T18:00:00,Siège Est,230.0
2026-08-20T18:00:00,Usine Nord,972.8
2026-08-20T18:15:00,Atelier Sud,76.6
2026-08-20T18:15:00,Siège Est,249.0
2026-08-20T18:15:00,Usine Nord,940.4
2026-08-20T18:30:00,Atelier Sud,78.3
2026-08-20T18:30:00,Siège Est,239.0
2026-08-20T18:30:00,Usine Nord,954.0
2026-08-20T18:45:00,Atelier Sud,73.8
2026-08-20T18:45:00,Siège Est,239.0
2026-08-20T18:45:00,Usine Nord,982.3
2026-08-20T19:00:00,Atelier Sud,94.9
2026-08-20T19:00:00,Siège Est,79.4
2026-08-20T19:00:00,Usine Nord,915.8
2026-08-20T19:15:00,Atelier Sud,44.6
2026-08-20T19:15:00,Siège Est,75.9
2026-08-20T19:15:00,Usine Nord,948.7
2026-08-20T19:30:00,Atelier Sud,58.5
2026-08-20T19:30:00,Siège Est,70.1
2026-08-20T19:30:00,Usine Nord,962.1
2026-08-20T19:45:00,Atelier Sud,77.0
2026-08-20T19:45:00,Siège Est,75.8
2026-08-20T19:45:00,Usine Nord,962.8
2026-08-20T20:00:00,Atelier Sud,89.1
2026-08-20T20:00:00,Siège Est,84.1
2026-08-20T20:00:00,Usine Nord,939.8
2026-08-20T20:15:00,Atelier Sud,45.4
2026-08-20T20:15:00,Siège Est,82.9
2026-08-20T20:15:00,Usine Nord,906.7
2026-08-20T20:30:00,Atelier Sud,101.6
2026-08-20T20:30:00,Siège Est,71.7
2026-08-20T20:30:00,Usine Nord,934.4
2026-08-20T20:45:00,Atelier Sud,67.6
2026-08-20T20:45:00,Siège Est,78.5
2026-08-20T20:45:00,Usine Nord,972.4
2026-08-20T21:00:00,Atelier Sud,61.2
2026-08-20T21:00:00,Siège Est,54.5
2026-08-20T21:00:00,Usine Nord,936.5
2026-08-20T21:15:00,Atelier Sud,58.4
2026-08-20T21:15:00,Siège Est,60.1
2026-08-20T21:15:00,Usine Nord,954.2
2026-08-20T21:30:00,Atelier Sud,82.4
2026-08-20T21:30:00,Siège Est,75.2
2026-08-20T21:30:00,Usine Nord,945.9
2026-08-20T21:45:00,Atelier Sud,108.1
2026-08-20T21:45:00,Siège Est,59.7
2026-08-20T21:45:00,Usine Nord,969.7
2026-08-20T22:00:00,Atelier Sud,67.1
2026-08-20T22:00:00,Siège Est,74.9
2026-08-20T22:00:00,Usine Nord,633.7
2026-08-20T22:15:00,Atelier Sud,94.5
2026-08-20T22:15:00,Siège Est,65.2
2026-08-20T22:15:00,Usine Nord,655.5
2026-08-20T22:30:00,Atelier Sud,65.0
2026-08-20T22:30:00,Siège Est,68.9
2026-08-20T22:30:00,Usine Nord,653.4
2026-08-20T22:45:00,Atelier Sud,81.2
2026-08-20T22:45:00,Siège Est,72.9
2026-08-20T22:45:00,Usine Nord,625.1
2026-08-20T23:00:00,Atelier Sud,82.9
2026-08-20T23:00:00,Siège Est,60.4
2026-08-20T23:00:00,Usine Nord,655.3
2026-08-20T23:15:00,Atelier Sud,70.4
2026-08-20T23:15:00,Siège Est,69.4
2026-08-20T23:15:00,Usine Nord,669.6
2026-08-20T23:30:00,Atelier Sud,54.1
2026-08-20T23:30:00,Siège Est,83.0
2026-08-20T23:30:00,Usine Nord,656.5
2026-08-20T23:45:00,Atelier Sud,66.9
2026-08-20T23:45:00,Siège Est,59.3
2026-08-20T23:45:00,Usine Nord,633.1
2026-08-21T00:00:00,Atelier Sud,46.4
2026-08-21T00:00:00,Siège Est,76.7
2026-08-21T00:00:00,Usine Nord,634.5
2026-08-21T00:15:00,Atelier Sud,64.2
2026-08-21T00:15:00,Siège Est,62.5
2026-08-21T00:15:00,Usine Nord,619.0
2026-08-21T00:30:00,Atelier Sud,95.0
2026-08-21T00:30:00,Siège Est,74.6
2026-08-21T00:30:00,Usine Nord,623.2
2026-08-21T00:45:00,Atelier Sud,75.7
2026-08-21T00:45:00,Siège Est,69.5
2026-08-21T00:45:00,Usine Nord,602.5
2026-08-21T01:00:00,Atelier Sud,62.5
2026-08-21T01:00:00,Siège Est,70.6
2026-08-21T01:00:00,Usine Nord,655.5
2026-08-21T01:15:00,Atelier Sud,57.4
2026-08-21T01:15:00,Siège Est,92.9
2026-08-21T01:15:00,Usine Nord,648.4
2026-08-21T01:30:00,Atelier Sud,61.4
2026-08-21T01:30:00,Siège Est,82.1
2026-08-21T01:30:00,Usine Nord,647.1
2026-08-21T01:45:00,Atelier Sud,40.9
2026-08-21T01:45:00,Siège Est,72.5
2026-08-21T01:45:00,Usine Nord,702.8
2026-08-21T02:00:00,Atelier Sud,69.9
2026-08-21T02:00:00,Siège Est,60.7
2026-08-21T02:00:00,Usine Nord,649.1
2026-08-21T02:15:00,Atelier Sud,61.5
2026-08-21T02:15:00,Siège Est,78.5
2026-08-21T02:15:00,Usine Nord,664.7
2026-08-21T02:30:00,Atelier Sud,69.4
2026-08-21T02:30:00,Siège Est,72.1
2026-08-21T02:30:00,Usine Nord,619.4
2026-08-21T02:45:00,Atelier Sud,73.9
2026-08-21T02:45:00,Siège Est,59.8
2026-08-21T02:45:00,Usine Nord,640.1
2026-08-21T03:00:00,Atelier Sud,56.9
2026-08-21T03:00:00,Siège Est,62.6
2026-08-21T03:00:00,Usine Nord,633.9
2026-08-21T03:15:00,Atelier Sud,91.2
2026-08-21T03:15:00,Siège Est,78.1
2026-08-21T03:15:00,Usine Nord,651.3
2026-08-21T03:30:00,Atelier Sud,66.5
2026-08-21T03:30:00,Siège Est,59.5
2026-08-21T03:30:00,Usine Nord,624.0
2026-08-21T03:45:00,Atelier Sud,42.1
2026-08-21T03:45:00,Siège Est,72.5
2026-08-21T03:45:00,Usine Nord,632.7
2026-08-21T04:00:00,Atelier Sud,83.6
2026-08-21T04:00:00,Siège Est,70.3
2026-08-21T04:00:00,Usine Nord,632.5
2026-08-21T04:15:00,Atelier Sud,66.5
2026-08-21T04:15:00,Siège Est,68.6
2026-08-21T04:15:00,Usine Nord,653.2
2026-08-21T04:30:00,Atelier Sud,48.6
2026-08-21T04:30:00,Siège Est,71.0
2026-08-21T04:30:00,Usine Nord,619.8
2026-08-21T04:45:00,Atelier Sud,78.8
2026-08-21T04:45:00,Siège Est,68.0
2026-08-21T04:45:00,Usine Nord,651.4
2026-08-21T05:00:00,Atelier Sud,68.3
2026-08-21T05:00:00,Siège Est,79.8
2026-08-21T05:00:00,Usine Nord,658.5
2026-08-21T05:15:00,Atelier Sud,74.7
2026-08-21T05:15:00,Siège Est,58.6
2026-08-21T05:15:00,Usine Nord,650.2
2026-08-21T05:30:00,Atelier Sud,48.2
2026-08-21T05:30:00,Siège Est,72.0
2026-08-21T05:30:00,Usine Nord,673.6
2026-08-21T05:45:00,Atelier Sud,60.8
2026-08-21T05:45:00,Siège Est,75.5
2026-08-21T05:45:00,Usine Nord,649.6
2026-08-21T06:00:00,Atelier Sud,65.3
2026-08-21T06:00:00,Siège Est,66.0
2026-08-21T06:00:00,Usine Nord,953.8
2026-08-21T06:15:00,Atelier Sud,80.6
2026-08-21T06:15:00,Siège Est,54.5
2026-08-21T06:15:00,Usine Nord,954.5
2026-08-21T06:30:00,Atelier Sud,117.7
2026-08-21T06:30:00,Siège Est,81.6
2026-08-21T06:30:00,Usine Nord,969.3
2026-08-21T06:45:00,Atelier Sud,146.4
2026-08-21T06:45:00,Siège Est,80.2
2026-08-21T06:45:00,Usine Nord,959.6
2026-08-21T07:00:00,Atelier Sud,170.7
2026-08-21T07:00:00,Siège Est,57.1
2026-08-21T07:00:00,Usine Nord,950.5
2026-08-21T07:15:00,Atelier Sud,189.5
2026-08-21T07:15:00,Siège Est,51.4
2026-08-21T07:15:00,Usine Nord,964.9
2026-08-21T07:30:00,Atelier Sud,199.5
2026-08-21T07:30:00,Siège Est,84.0
2026-08-21T07:30:00,Usine Nord,932.5
2026-08-21T07:45:00,Atelier Sud,200.9
2026-08-21T07:45:00,Siège Est,62.9
2026-08-21T07:45:00,Usine Nord,967.5
2026-08-21T08:00:00,Atelier Sud,225.5
2026-08-21T08:00:00,Siège Est,240.8
2026-08-21T08:00:00,Usine Nord,923.5
2026-08-21T08:15:00,Atelier Sud,234.1
2026-08-21T08:15:00,Siège Est,241.4
2026-08-21T08:15:00,Usine Nord,978.7
2026-08-21T08:30:00,Atelier Sud,255.6
2026-08-21T08:30:00,Siège Est,235.2
2026-08-21T08:30:00,Usine Nord,936.4
2026-08-21T08:45:00,Atelier Sud,287.9
2026-08-21T08:45:00,Siège Est,219.4
2026-08-21T08:45:00,Usine Nord,944.5
2026-08-21T09:00:00,Atelier Sud,250.3
2026-08-21T09:00:00,Siège Est,229.5
2026-08-21T09:00:00,Usine Nord,944.3
2026-08-21T09:15:00,Atelier Sud,285.3
2026-08-21T09:15:00,Siège Est,237.6
2026-08-21T09:15:00,Usine Nord,960.8
2026-08-21T09:30:00,Atelier Sud,295.0
2026-08-21T09:30:00,Siège Est,239.6
2026-08-21T09:30:00,Usine Nord,907.9
2026-08-21T09:45:00,Atelier Sud,313.9
2026-08-21T09:45:00,Siège Est,226.9
2026-08-21T09:45:00,Usine Nord,939.6
2026-08-21T10:00:00,Atelier Sud,327.1
2026-08-21T10:00:00,Siège Est,246.1
2026-08-21T10:00:00,Usine Nord,963.8
2026-08-21T10:15:00,Atelier Sud,311.9
2026-08-21T10:15:00,Siège Est,233.7
2026-08-21T10:15:00,Usine Nord,957.4
2026-08-21T10:30:00,Atelier Sud,295.3
2026-08-21T10:30:00,Siège Est,229.8
2026-08-21T10:30:00,Usine Nord,924.0
2026-08-21T10:45:00,Atelier Sud,291.9
2026-08-21T10:45:00,Siège Est,227.1
2026-08-21T10:45:00,Usine Nord,976.8
2026-08-21T11:00:00,Atelier Sud,384.7
2026-08-21T11:00:00,Siège Est,233.2
2026-08-21T11:00:00,Usine Nord,990.7
2026-08-21T11:15:00,Atelier Sud,362.1
2026-08-21T11:15:00,Siège Est,222.6
2026-08-21T11:15:00,Usine Nord,930.6
2026-08-21T11:30:00,Atelier Sud,295.4
2026-08-21T11:30:00,Siège Est,233.2
2026-08-21T11:30:00,Usine Nord,940.3
2026-08-21T11:45:00,Atelier Sud,352.4
2026-08-21T11:45:00,Siège Est,226.8
2026-08-21T11:45:00,Usine Nord,922.9
2026-08-21T12:00:00,Atelier Sud,333.3
2026-08-21T12:00:00,Siège Est,246.6
2026-08-21T12:00:00,Usine Nord,935.7
2026-08-21T12:15:00,Atelier Sud,304.0
2026-08-21T12:15:00,Siège Est,231.1
2026-08-21T12:15:00,Usine Nord,944.9
2026-08-21T12:30:00,Atelier Sud,325.4
2026-08-21T12:30:00,Siège Est,227.8
2026-08-21T12:30:00,Usine Nord,995.8
2026-08-21T12:45:00,Atelier Sud,354.2
2026-08-21T12:45:00,Siège Est,228.3
2026-08-21T12:45:00,Usine Nord,920.6
2026-08-21T13:00:00,Atelier Sud,369.6
2026-08-21T13:00:00,Siège Est,243.2
2026-08-21T13:00:00,Usine Nord,990.3
2026-08-21T13:15:00,Atelier Sud,333.8
2026-08-21T13:15:00,Siège Est,235.8
2026-08-21T13:15:00,Usine Nord,948.9
2026-08-21T13:30:00,Atelier Sud,303.0
2026-08-21T13:30:00,Siège Est,242.5
2026-08-21T13:30:00,Usine Nord,941.4
2026-08-21T13:45:00,Atelier Sud,335.1
2026-08-21T13:45:00,Siège Est,229.3
2026-08-21T13:45:00,Usine Nord,938.9
2026-08-21T14:00:00,Atelier Sud,256.5
2026-08-21T14:00:00,Siège Est,241.5
2026-08-21T14:00:00,Usine Nord,962.9
2026-08-21T14:15:00,Atelier Sud,317.0
2026-08-21T14:15:00,Siège Est,219.6
2026-08-21T14:15:00,Usine Nord,941.2
2026-08-21T14:30:00,Atelier Sud,258.4
2026-08-21T14:30:00,Siège Est,259.7
2026-08-21T14:30:00,Usine Nord,944.9
2026-08-21T14:45:00,Atelier Sud,212.5
2026-08-21T14:45:00,Siège Est,225.3
2026-08-21T14:45:00,Usine Nord,945.6
2026-08-21T15:00:00,Atelier Sud,285.7
2026-08-21T15:00:00,Siège Est,232.1
2026-08-21T15:00:00,Usine Nord,950.4
2026-08-21T15:15:00,Atelier Sud,242.1
2026-08-21T15:15:00,Siège Est,234.8
2026-08-21T15:15:00,Usine Nord,955.4
2026-08-21T15:30:00,Atelier Sud,218.9
2026-08-21T15:30:00,Siège Est,245.5
2026-08-21T15:30:00,Usine Nord,943.1
2026-08-21T15:45:00,Atelier Sud,215.7
2026-08-21T15:45:00,Siège Est,231.6
2026-08-21T15:45:00,Usine Nord,932.1
2026-08-21T16:00:00,Atelier Sud,198.1
2026-08-21T16:00:00,Siège Est,214.1
2026-08-21T16:00:00,Usine Nord,963.5
2026-08-21T16:15:00,Atelier Sud,193.7
2026-08-21T16:15:00,Siège Est,236.1
2026-08-21T16:15:00,Usine Nord,952.4
2026-08-21T16:30:00,Atelier Sud,169.0
2026-08-21T16:30:00,Siège Est,239.9
2026-08-21T16:30:00,Usine Nord,950.2
2026-08-21T16:45:00,Atelier Sud,170.6
2026-08-21T16:45:00,Siège Est,218.8
2026-08-21T16:45:00,Usine Nord,906.7
2026-08-21T17:00:00,Atelier Sud,149.1
2026-08-21T17:00:00,Siège Est,226.2
2026-08-21T17:00:00,Usine Nord,947.7
2026-08-21T17:15:00,Atelier Sud,100.6
2026-08-21T17:15:00,Siège Est,240.3
2026-08-21T17:15:00,Usine Nord,932.6
2026-08-21T17:30:00,Atelier Sud,119.0
2026-08-21T17:30:00,Siège Est,228.6
2026-08-21T17:30:00,Usine Nord,926.5
2026-08-21T17:45:00,Atelier Sud,66.1
2026-08-21T17:45:00,Siège Est,225.0
2026-08-21T17:45:00,Usine Nord,938.8
2026-08-21T18:00:00,Atelier Sud,76.6
2026-08-21T18:00:00,Siège Est,246.2
2026-08-21T18:00:00,Usine Nord,928.8
2026-08-21T18:15:00,Atelier Sud,58.6
2026-08-21T18:15:00,Siège Est,231.3
2026-08-21T18:15:00,Usine Nord,906.3
2026-08-21T18:30:00,Atelier Sud,60.9
2026-08-21T18:30:00,Siège Est,221.6
2026-08-21T18:30:00,Usine Nord,922.4
2026-08-21T18:45:00,Atelier Sud,53.9
2026-08-21T18:45:00,Siège Est,240.8
2026-08-21T18:45:00,Usine Nord,968.7
2026-08-21T19:00:00,Atelier Sud,67.3
2026-08-21T19:00:00,Siège Est,61.3
2026-08-21T19:00:00,Usine Nord,944.6
2026-08-21T19:15:00,Atelier Sud,66.0
2026-08-21T19:15:00,Siège Est,55.2
2026-08-21T19:15:00,Usine Nord,930.2
2026-08-21T19:30:00,Atelier Sud,58.3
2026-08-21T19:30:00,Siège Est,78.4
2026-08-21T19:30:00,Usine Nord,948.1
2026-08-21T19:45:00,Atelier Sud,75.1
2026-08-21T19:45:00,Siège Est,65.6
2026-08-21T19:45:00,Usine Nord,905.4
2026-08-21T20:00:00,Atelier Sud,77.0
2026-08-21T20:00:00,Siège Est,79.1
2026-08-21T20:00:00,Usine Nord,980.5
2026-08-21T20:15:00,Atelier Sud,66.3
2026-08-21T20:15:00,Siège Est,63.3
2026-08-21T20:15:00,Usine Nord,972.9
2026-08-21T20:30:00,Atelier Sud,75.8
2026-08-21T20:30:00,Siège Est,55.6
2026-08-21T20:30:00,Usine Nord,946.1
2026-08-21T20:45:00,Atelier Sud,50.8
2026-08-21T20:45:00,Siège Est,61.5
2026-08-21T20:45:00,Usine Nord,956.4
2026-08-21T21:00:00,Atelier Sud,73.0
2026-08-21T21:00:00,Siège Est,67.6
2026-08-21T21:00:00,Usine Nord,934.5
2026-08-21T21:15:00,Atelier Sud,71.2
2026-08-21T21:15:00,Siège Est,62.4
2026-08-21T21:15:00,Usine Nord,938.4
2026-08-21T21:30:00,Atelier Sud,107.1
2026-08-21T21:30:00,Siège Est,85.4
2026-08-21T21:30:00,Usine Nord,943.1
2026-08-21T21:45:00,Atelier Sud,56.9
2026-08-21T21:45:00,Siège Est,72.7
2026-08-21T21:45:00,Usine Nord,937.2
2026-08-21T22:00:00,Atelier Sud,75.3
2026-08-21T22:00:00,Siège Est,62.5
2026-08-21T22:00:00,Usine Nord,658.8
2026-08-21T22:15:00,Atelier Sud,62.4
2026-08-21T22:15:00,Siège Est,65.8
2026-08-21T22:15:00,Usine Nord,622.1
2026-08-21T22:30:00,Atelier Sud,84.4
2026-08-21T22:30:00,Siège Est,85.1
2026-08-21T22:30:00,Usine Nord,659.1
2026-08-21T22:45:00,Atelier Sud,75.8
2026-08-21T22:45:00,Siège Est,73.2
2026-08-21T22:45:00,Usine Nord,626.2
2026-08-21T23:00:00,Atelier Sud,80.3
2026-08-21T23:00:00,Siège Est,76.2
2026-08-21T23:00:00,Usine Nord,650.3
2026-08-21T23:15:00,Atelier Sud,75.8
2026-08-21T23:15:00,Siège Est,60.2
2026-08-21T23:15:00,Usine Nord,674.7
2026-08-21T23:30:00,Atelier Sud,46.3
2026-08-21T23:30:00,Siège Est,70.1
2026-08-21T23:30:00,Usine Nord,685.6
2026-08-21T23:45:00,Atelier Sud,61.4
2026-08-21T23:45:00,Siège Est,81.3
2026-08-21T23:45:00,Usine Nord,615.5
2026-08-22T00:00:00,Atelier Sud,67.1
2026-08-22T00:00:00,Siège Est,81.0
2026-08-22T00:00:00,Usine Nord,369.6
2026-08-22T00:15:00,Atelier Sud,61.0
2026-08-22T00:15:00,Siège Est,58.2
2026-08-22T00:15:00,Usine Nord,387.4
2026-08-22T00:30:00,Atelier Sud,61.4
2026-08-22T00:30:00,Siège Est,69.4
2026-08-22T00:30:00,Usine Nord,356.3
2026-08-22T00:45:00,Atelier Sud,105.2
2026-08-22T00:45:00,Siège Est,72.5
2026-08-22T00:45:00,Usine Nord,385.9
2026-08-22T01:00:00,Atelier Sud,58.9
2026-08-22T01:00:00,Siège Est,67.7
2026-08-22T01:00:00,Usine Nord,338.2
2026-08-22T01:15:00,Atelier Sud,82.5
2026-08-22T01:15:00,Siège Est,49.3
2026-08-22T01:15:00,Usine Nord,356.2
2026-08-22T01:30:00,Atelier Sud,70.7
2026-08-22T01:30:00,Siège Est,64.2
2026-08-22T01:30:00,Usine Nord,405.3
2026-08-22T01:45:00,Atelier Sud,68.3
2026-08-22T01:45:00,Siège Est,68.5
2026-08-22T01:45:00,Usine Nord,372.4
2026-08-22T02:00:00,Atelier Sud,91.2
2026-08-22T02:00:00,Siège Est,70.1
2026-08-22T02:00:00,Usine Nord,376.5
2026-08-22T02:15:00,Atelier Sud,70.1
2026-08-22T02:15:00,Siège Est,72.3
2026-08-22T02:15:00,Usine Nord,352.5
2026-08-22T02:30:00,Atelier Sud,52.8
2026-08-22T02:30:00,Siège Est,68.2
2026-08-22T02:30:00,Usine Nord,351.6
2026-08-22T02:45:00,Atelier Sud,72.2
2026-08-22T02:45:00,Siège Est,60.4
2026-08-22T02:45:00,Usine Nord,375.8
2026-08-22T03:00:00,Atelier Sud,60.1
2026-08-22T03:00:00,Siège Est,66.7
2026-08-22T03:00:00,Usine Nord,357.8
2026-08-22T03:15:00,Atelier Sud,93.0
2026-08-22T03:15:00,Siège Est,66.0
2026-08-22T03:15:00,Usine Nord,392.5
2026-08-22T03:30:00,Atelier Sud,77.7
2026-08-22T03:30:00,Siège Est,68.1
2026-08-22T03:30:00,Usine Nord,339.5
2026-08-22T03:45:00,Atelier Sud,68.8
2026-08-22T03:45:00,Siège Est,65.2
2026-08-22T03:45:00,Usine Nord,336.8
2026-08-22T04:00:00,Atelier Sud,76.1
2026-08-22T04:00:00,Siège Est,73.4
2026-08-22T04:00:00,Usine Nord,365.8
2026-08-22T04:15:00,Atelier Sud,83.8
2026-08-22T04:15:00,Siège Est,66.2
2026-08-22T04:15:00,Usine Nord,324.1
2026-08-22T04:30:00,Atelier Sud,57.7
2026-08-22T04:30:00,Siège Est,55.7
2026-08-22T04:30:00,Usine Nord,369.5
2026-08-22T04:45:00,Atelier Sud,69.4
2026-08-22T04:45:00,Siège Est,82.7
2026-08-22T04:45:00,Usine Nord,387.3
2026-08-22T05:00:00,Atelier Sud,64.5
2026-08-22T05:00:00,Siège Est,73.7
2026-08-22T05:00:00,Usine Nord,395.9
2026-08-22T05:15:00,Atelier Sud,73.9
2026-08-22T05:15:00,Siège Est,77.5
2026-08-22T05:15:00,Usine Nord,329.7
2026-08-22T05:30:00,Atelier Sud,67.7
2026-08-22T05:30:00,Siège Est,72.9
2026-08-22T05:30:00,Usine Nord,347.9
2026-08-22T05:45:00,Atelier Sud,88.8
2026-08-22T05:45:00,Siège Est,84.5
2026-08-22T05:45:00,Usine Nord,374.2
2026-08-22T06:00:00,Atelier Sud,57.4
2026-08-22T06:00:00,Siège Est,81.7
2026-08-22T06:00:00,Usine Nord,512.6
2026-08-22T06:15:00,Atelier Sud,86.6
2026-08-22T06:15:00,Siège Est,78.9
2026-08-22T06:15:00,Usine Nord,532.1
2026-08-22T06:30:00,Atelier Sud,69.5
2026-08-22T06:30:00,Siège Est,70.0
2026-08-22T06:30:00,Usine Nord,486.1
2026-08-22T06:45:00,Atelier Sud,64.3
2026-08-22T06:45:00,Siège Est,66.1
2026-08-22T06:45:00,Usine Nord,519.9
2026-08-22T07:00:00,Atelier Sud,80.2
2026-08-22T07:00:00,Siège Est,79.4
2026-08-22T07:00:00,Usine Nord,535.4
2026-08-22T07:15:00,Atelier Sud,83.3
2026-08-22T07:15:00,Siège Est,55.7
2026-08-22T07:15:00,Usine Nord,507.9
2026-08-22T07:30:00,Atelier Sud,68.4
2026-08-22T07:30:00,Siège Est,63.3
2026-08-22T07:30:00,Usine Nord,532.4
2026-08-22T07:45:00,Atelier Sud,45.9
2026-08-22T07:45:00,Siège Est,76.5
2026-08-22T07:45:00,Usine Nord,524.1
2026-08-22T08:00:00,Atelier Sud,45.0
2026-08-22T08:00:00,Siège Est,68.6
2026-08-22T08:00:00,Usine Nord,515.6
2026-08-22T08:15:00,Atelier Sud,72.9
2026-08-22T08:15:00,Siège Est,47.5
2026-08-22T08:15:00,Usine Nord,501.2
2026-08-22T08:30:00,Atelier Sud,63.7
2026-08-22T08:30:00,Siège Est,66.0
2026-08-22T08:30:00,Usine Nord,517.9
2026-08-22T08:45:00,Atelier Sud,15.0
2026-08-22T08:45:00,Siège Est,72.7
2026-08-22T08:45:00,Usine Nord,529.5
2026-08-22T09:00:00,Atelier Sud,27.7
2026-08-22T09:00:00,Siège Est,71.1
2026-08-22T09:00:00,Usine Nord,516.9
2026-08-22T09:15:00,Atelier Sud,43.0
2026-08-22T09:15:00,Siège Est,69.3
2026-08-22T09:15:00,Usine Nord,536.6
2026-08-22T09:30:00,Atelier Sud,15.1
2026-08-22T09:30:00,Siège Est,91.0
2026-08-22T09:30:00,Usine Nord,532.8
2026-08-22T09:45:00,Atelier Sud,26.3
2026-08-22T09:45:00,Siège Est,70.7
2026-08-22T09:45:00,Usine Nord,497.1
2026-08-22T10:00:00,Atelier Sud,28.1
2026-08-22T10:00:00,Siège Est,64.5
2026-08-22T10:00:00,Usine Nord,523.2
2026-08-22T10:15:00,Atelier Sud,47.7
2026-08-22T10:15:00,Siège Est,62.9
2026-08-22T10:15:00,Usine Nord,545.1
2026-08-22T10:30:00,Atelier Sud,24.0
2026-08-22T10:30:00,Siège Est,65.5
2026-08-22T10:30:00,Usine Nord,535.4
2026-08-22T10:45:00,Atelier Sud,48.8
2026-08-22T10:45:00,Siège Est,81.5
2026-08-22T10:45:00,Usine Nord,515.7
2026-08-22T11:00:00,Atelier Sud,18.7
2026-08-22T11:00:00,Siège Est,92.0
2026-08-22T11:00:00,Usine Nord,493.0
2026-08-22T11:15:00,Atelier Sud,15.0
2026-08-22T11:15:00,Siège Est,72.4
2026-08-22T11:15:00,Usine Nord,525.0
2026-08-22T11:30:00,Atelier Sud,34.5
2026-08-22T11:30:00,Siège Est,69.9
2026-08-22T11:30:00,Usine Nord,526.9
2026-08-22T11:45:00,Atelier Sud,29.2
2026-08-22T11:45:00,Siège Est,74.5
2026-08-22T11:45:00,Usine Nord,547.3
2026-08-22T12:00:00,Atelier Sud,31.0
2026-08-22T12:00:00,Siège Est,76.8
2026-08-22T12:00:00,Usine Nord,520.5
2026-08-22T12:15:00,Atelier Sud,19.3
2026-08-22T12:15:00,Siège Est,70.6
2026-08-22T12:15:00,Usine Nord,522.8
2026-08-22T12:30:00,Atelier Sud,31.5
2026-08-22T12:30:00,Siège Est,63.4
2026-08-22T12:30:00,Usine Nord,529.9
2026-08-22T12:45:00,Atelier Sud,29.7
2026-08-22T12:45:00,Siège Est,62.9
2026-08-22T12:45:00,Usine Nord,552.1
2026-08-22T13:00:00,Atelier Sud,30.6
2026-08-22T13:00:00,Siège Est,67.6
2026-08-22T13:00:00,Usine Nord,543.5
2026-08-22T13:15:00,Atelier Sud,42.7
2026-08-22T13:15:00,Siège Est,62.4
2026-08-22T13:15:00,Usine Nord,564.3
2026-08-22T13:30:00,Atelier Sud,59.8
2026-08-22T13:30:00,Siège Est,69.0
2026-08-22T13:30:00,Usine Nord,511.6
2026-08-22T13:45:00,Atelier Sud,15.0
2026-08-22T13:45:00,Siège Est,80.9
2026-08-22T13:45:00,Usine Nord,545.0
2026-08-22T14:00:00,Atelier Sud,44.6
2026-08-22T14:00:00,Siège Est,81.1
2026-08-22T14:00:00,Usine Nord,527.6
2026-08-22T14:15:00,Atelier Sud,15.0
2026-08-22T14:15:00,Siège Est,70.4
2026-08-22T14:15:00,Usine Nord,555.4
2026-08-22T14:30:00,Atelier Sud,15.0
2026-08-22T14:30:00,Siège Est,75.3
2026-08-22T14:30:00,Usine Nord,512.2
2026-08-22T14:45:00,Atelier Sud,46.5
2026-08-22T14:45:00,Siège Est,79.4
2026-08-22T14:45:00,Usine Nord,538.6
2026-08-22T15:00:00,Atelier Sud,27.6
2026-08-22T15:00:00,Siège Est,60.0
2026-08-22T15:00:00,Usine Nord,537.4
2026-08-22T15:15:00,Atelier Sud,51.2
2026-08-22T15:15:00,Siège Est,64.0
2026-08-22T15:15:00,Usine Nord,503.4
2026-08-22T15:30:00,Atelier Sud,17.0
2026-08-22T15:30:00,Siège Est,65.3
2026-08-22T15:30:00,Usine Nord,522.8
2026-08-22T15:45:00,Atelier Sud,69.9
2026-08-22T15:45:00,Siège Est,53.4
2026-08-22T15:45:00,Usine Nord,518.0
2026-08-22T16:00:00,Atelier Sud,37.7
2026-08-22T16:00:00,Siège Est,79.6
2026-08-22T16:00:00,Usine Nord,512.3
2026-08-22T16:15:00,Atelier Sud,67.5
2026-08-22T16:15:00,Siège Est,63.0
2026-08-22T16:15:00,Usine Nord,507.4
2026-08-22T16:30:00,Atelier Sud,45.4
2026-08-22T16:30:00,Siège Est,66.2
2026-08-22T16:30:00,Usine Nord,492.1
2026-08-22T16:45:00,Atelier Sud,32.3
2026-08-22T16:45:00,Siège Est,59.9
2026-08-22T16:45:00,Usine Nord,531.1
2026-08-22T17:00:00,Atelier Sud,49.9
2026-08-22T17:00:00,Siège Est,84.5
2026-08-22T17:00:00,Usine Nord,524.2
2026-08-22T17:15:00,Atelier Sud,44.9
2026-08-22T17:15:00,Siège Est,55.9
2026-08-22T17:15:00,Usine Nord,525.6
2026-08-22T17:30:00,Atelier Sud,62.0
2026-08-22T17:30:00,Siège Est,70.3
2026-08-22T17:30:00,Usine Nord,519.9
2026-08-22T17:45:00,Atelier Sud,94.6
2026-08-22T17:45:00,Siège Est,66.2
2026-08-22T17:45:00,Usine Nord,529.5
2026-08-22T18:00:00,Atelier Sud,94.8
2026-08-22T18:00:00,Siège Est,80.2
2026-08-22T18:00:00,Usine Nord,508.1
2026-08-22T18:15:00,Atelier Sud,53.6
2026-08-22T18:15:00,Siège Est,57.9
2026-08-22T18:15:00,Usine Nord,502.2
2026-08-22T18:30:00,Atelier Sud,56.4
2026-08-22T18:30:00,Siège Est,67.8
2026-08-22T18:30:00,Usine Nord,530.9
2026-08-22T18:45:00,Atelier Sud,53.8
2026-08-22T18:45:00,Siège Est,54.7
2026-08-22T18:45:00,Usine Nord,529.9
2026-08-22T19:00:00,Atelier Sud,68.0
2026-08-22T19:00:00,Siège Est,60.7
2026-08-22T19:00:00,Usine Nord,533.8
2026-08-22T19:15:00,Atelier Sud,65.4
2026-08-22T19:15:00,Siège Est,66.8
2026-08-22T19:15:00,Usine Nord,531.2
2026-08-22T19:30:00,Atelier Sud,74.4
2026-08-22T19:30:00,Siège Est,69.3
2026-08-22T19:30:00,Usine Nord,496.2
2026-08-22T19:45:00,Atelier Sud,49.9
2026-08-22T19:45:00,Siège Est,80.7
2026-08-22T19:45:00,Usine Nord,497.3
2026-08-22T20:00:00,Atelier Sud,67.8
2026-08-22T20:00:00,Siège Est,65.4
2026-08-22T20:00:00,Usine Nord,506.9
2026-08-22T20:15:00,Atelier Sud,56.7
2026-08-22T20:15:00,Siège Est,85.8
2026-08-22T20:15:00,Usine Nord,562.2
2026-08-22T20:30:00,Atelier Sud,53.2
2026-08-22T20:30:00,Siège Est,61.7
2026-08-22T20:30:00,Usine Nord,535.3
2026-08-22T20:45:00,Atelier Sud,82.5
2026-08-22T20:45:00,Siège Est,87.4
2026-08-22T20:45:00,Usine Nord,498.4
2026-08-22T21:00:00,Atelier Sud,61.0
2026-08-22T21:00:00,Siège Est,75.3
2026-08-22T21:00:00,Usine Nord,543.8
2026-08-22T21:15:00,Atelier Sud,95.4
2026-08-22T21:15:00,Siège Est,79.8
2026-08-22T21:15:00,Usine Nord,538.6
2026-08-22T21:30:00,Atelier Sud,52.7
2026-08-22T21:30:00,Siège Est,82.4
2026-08-22T21:30:00,Usine Nord,512.5
2026-08-22T21:45:00,Atelier Sud,75.1
2026-08-22T21:45:00,Siège Est,78.9
2026-08-22T21:45:00,Usine Nord,537.3
2026-08-22T22:00:00,Atelier Sud,74.5
2026-08-22T22:00:00,Siège Est,81.1
2026-08-22T22:00:00,Usine Nord,360.3
2026-08-22T22:15:00,Atelier Sud,92.2
2026-08-22T22:15:00,Siège Est,59.7
2026-08-22T22:15:00,Usine Nord,356.8
2026-08-22T22:30:00,Atelier Sud,104.3
2026-08-22T22:30:00,Siège Est,67.2
2026-08-22T22:30:00,Usine Nord,362.8
2026-08-22T22:45:00,Atelier Sud,103.7
2026-08-22T22:45:00,Siège Est,72.3
2026-08-22T22:45:00,Usine Nord,382.2
2026-08-22T23:00:00,Atelier Sud,85.8
2026-08-22T23:00:00,Siège Est,50.5
2026-08-22T23:00:00,Usine Nord,371.2
2026-08-22T23:15:00,Atelier Sud,84.2
2026-08-22T23:15:00,Siège Est,55.2
2026-08-22T23:15:00,Usine Nord,319.2
2026-08-22T23:30:00,Atelier Sud,84.8
2026-08-22T23:30:00,Siège Est,63.4
2026-08-22T23:30:00,Usine Nord,343.5
2026-08-22T23:45:00,Atelier Sud,83.5
2026-08-22T23:45:00,Siège Est,69.4
2026-08-22T23:45:00,Usine Nord,386.2
2026-08-23T00:00:00,Atelier Sud,56.5
2026-08-23T00:00:00,Siège Est,78.9
2026-08-23T00:00:00,Usine Nord,404.2
2026-08-23T00:15:00,Atelier Sud,43.7
2026-08-23T00:15:00,Siège Est,55.0
2026-08-23T00:15:00,Usine Nord,333.1
2026-08-23T00:30:00,Atelier Sud,56.9
2026-08-23T00:30:00,Siège Est,85.0
2026-08-23T00:30:00,Usine Nord,381.6
2026-08-23T00:45:00,Atelier Sud,53.9
2026-08-23T00:45:00,Siège Est,54.8
2026-08-23T00:45:00,Usine Nord,324.9
2026-08-23T01:00:00,Atelier Sud,78.7
2026-08-23T01:00:00,Siège Est,72.9
2026-08-23T01:00:00,Usine Nord,383.7
2026-08-23T01:15:00,Atelier Sud,81.4
2026-08-23T01:15:00,Siège Est,65.2
2026-08-23T01:15:00,Usine Nord,351.6
2026-08-23T01:30:00,Atelier Sud,66.3
2026-08-23T01:30:00,Siège Est,72.4
2026-08-23T01:30:00,Usine Nord,381.7
2026-08-23T01:45:00,Atelier Sud,60.5
2026-08-23T01:45:00,Siège Est,84.9
2026-08-23T01:45:00,Usine Nord,369.9
2026-08-23T02:00:00,Atelier Sud,80.6
2026-08-23T02:00:00,Siège Est,60.3
2026-08-23T02:00:00,Usine Nord,339.8
2026-08-23T02:15:00,Atelier Sud,85.0
2026-08-23T02:15:00,Siège Est,78.5
2026-08-23T02:15:00,Usine Nord,335.8
2026-08-23T02:30:00,Atelier Sud,75.4
2026-08-23T02:30:00,Siège Est,71.2
2026-08-23T02:30:00,Usine Nord,330.0
2026-08-23T02:45:00,Atelier Sud,83.0
2026-08-23T02:45:00,Siège Est,64.9
2026-08-23T02:45:00,Usine Nord,317.5
2026-08-23T03:00:00,Atelier Sud,57.1
2026-08-23T03:00:00,Siège Est,73.9
2026-08-23T03:00:00,Usine Nord,286.6
2026-08-23T03:15:00,Atelier Sud,59.2
2026-08-23T03:15:00,Siège Est,60.1
2026-08-23T03:15:00,Usine Nord,333.6
2026-08-23T03:30:00,Atelier Sud,89.0
2026-08-23T03:30:00,Siège Est,82.3
2026-08-23T03:30:00,Usine Nord,358.5
2026-08-23T03:45:00,Atelier Sud,61.3
2026-08-23T03:45:00,Siège Est,63.9
2026-08-23T03:45:00,Usine Nord,348.8
2026-08-23T04:00:00,Atelier Sud,90.5
2026-08-23T04:00:00,Siège Est,64.9
2026-08-23T04:00:00,Usine Nord,367.8
2026-08-23T04:15:00,Atelier Sud,105.3
2026-08-23T04:15:00,Siège Est,82.9
2026-08-23T04:15:00,Usine Nord,346.7
2026-08-23T04:30:00,Atelier Sud,72.9
2026-08-23T04:30:00,Siège Est,84.0
2026-08-23T04:30:00,Usine Nord,674.3
2026-08-23T04:45:00,Atelier Sud,85.4
2026-08-23T04:45:00,Siège Est,64.8
2026-08-23T04:45:00,Usine Nord,366.2
2026-08-23T05:00:00,Atelier Sud,75.5
2026-08-23T05:00:00,Siège Est,67.9
2026-08-23T05:00:00,Usine Nord,347.6
2026-08-23T05:15:00,Atelier Sud,74.0
2026-08-23T05:15:00,Siège Est,53.2
2026-08-23T05:15:00,Usine Nord,330.5
2026-08-23T05:30:00,Atelier Sud,67.6
2026-08-23T05:30:00,Siège Est,66.7
2026-08-23T05:30:00,Usine Nord,315.1
2026-08-23T05:45:00,Atelier Sud,84.9
2026-08-23T05:45:00,Siège Est,62.4
2026-08-23T05:45:00,Usine Nord,371.1
2026-08-23T06:00:00,Atelier Sud,74.7
2026-08-23T06:00:00,Siège Est,77.8
2026-08-23T06:00:00,Usine Nord,521.7
2026-08-23T06:15:00,Atelier Sud,76.5
2026-08-23T06:15:00,Siège Est,64.5
2026-08-23T06:15:00,Usine Nord,482.4
2026-08-23T06:30:00,Atelier Sud,49.7
2026-08-23T06:30:00,Siège Est,62.3
2026-08-23T06:30:00,Usine Nord,505.2
2026-08-23T06:45:00,Atelier Sud,74.2
2026-08-23T06:45:00,Siège Est,79.6
2026-08-23T06:45:00,Usine Nord,514.3
2026-08-23T07:00:00,Atelier Sud,77.0
2026-08-23T07:00:00,Siège Est,71.8
2026-08-23T07:00:00,Usine Nord,556.7
2026-08-23T07:15:00,Atelier Sud,72.8
2026-08-23T07:15:00,Siège Est,58.1
2026-08-23T07:15:00,Usine Nord,545.3
2026-08-23T07:30:00,Atelier Sud,56.8
2026-08-23T07:30:00,Siège Est,64.0
2026-08-23T07:30:00,Usine Nord,518.0
2026-08-23T07:45:00,Atelier Sud,57.0
2026-08-23T07:45:00,Siège Est,85.6
2026-08-23T07:45:00,Usine Nord,537.4
2026-08-23T08:00:00,Atelier Sud,90.1
2026-08-23T08:00:00,Siège Est,71.9
2026-08-23T08:00:00,Usine Nord,489.8
2026-08-23T08:15:00,Atelier Sud,66.4
2026-08-23T08:15:00,Siège Est,72.1
2026-08-23T08:15:00,Usine Nord,512.5
2026-08-23T08:30:00,Atelier Sud,44.5
2026-08-23T08:30:00,Siège Est,69.9
2026-08-23T08:30:00,Usine Nord,513.5
2026-08-23T08:45:00,Atelier Sud,17.3
2026-08-23T08:45:00,Siège Est,59.4
2026-08-23T08:45:00,Usine Nord,492.9
2026-08-23T09:00:00,Atelier Sud,73.1
2026-08-23T09:00:00,Siège Est,69.5
2026-08-23T09:00:00,Usine Nord,549.2
2026-08-23T09:15:00,Atelier Sud,55.8
2026-08-23T09:15:00,Siège Est,69.6
2026-08-23T09:15:00,Usine Nord,514.2
2026-08-23T09:30:00,Atelier Sud,26.2
2026-08-23T09:30:00,Siège Est,76.2
2026-08-23T09:30:00,Usine Nord,550.8
2026-08-23T09:45:00,Atelier Sud,41.5
2026-08-23T09:45:00,Siège Est,74.3
2026-08-23T09:45:00,Usine Nord,487.6
2026-08-23T10:00:00,Atelier Sud,53.7
2026-08-23T10:00:00,Siège Est,71.3
2026-08-23T10:00:00,Usine Nord,542.9
2026-08-23T10:15:00,Atelier Sud,56.1
2026-08-23T10:15:00,Siège Est,73.3
2026-08-23T10:15:00,Usine Nord,540.0
2026-08-23T10:30:00,Atelier Sud,15.0
2026-08-23T10:30:00,Siège Est,59.9
2026-08-23T10:30:00,Usine Nord,499.5
2026-08-23T10:45:00,Atelier Sud,16.7
2026-08-23T10:45:00,Siège Est,53.0
2026-08-23T10:45:00,Usine Nord,529.3
2026-08-23T11:00:00,Atelier Sud,53.2
2026-08-23T11:00:00,Siège Est,74.3
2026-08-23T11:00:00,Usine Nord,528.2
2026-08-23T11:15:00,Atelier Sud,15.0
2026-08-23T11:15:00,Siège Est,58.5
2026-08-23T11:15:00,Usine Nord,537.2
2026-08-23T11:30:00,Atelier Sud,41.0
2026-08-23T11:30:00,Siège Est,80.6
2026-08-23T11:30:00,Usine Nord,513.4
2026-08-23T11:45:00,Atelier Sud,60.3
2026-08-23T11:45:00,Siège Est,72.9
2026-08-23T11:45:00,Usine Nord,502.9
2026-08-23T12:00:00,Atelier Sud,50.1
2026-08-23T12:00:00,Siège Est,47.7
2026-08-23T12:00:00,Usine Nord,500.2
2026-08-23T12:15:00,Atelier Sud,15.0
2026-08-23T12:15:00,Siège Est,69.7
2026-08-23T12:15:00,Usine Nord,526.3
2026-08-23T12:30:00,Atelier Sud,17.5
2026-08-23T12:30:00,Siège Est,65.2
2026-08-23T12:30:00,Usine Nord,509.2
2026-08-23T12:45:00,Atelier Sud,47.6
2026-08-23T12:45:00,Siège Est,70.5
2026-08-23T12:45:00,Usine Nord,522.1
2026-08-23T13:00:00,Atelier Sud,15.0
2026-08-23T13:00:00,Siège Est,73.2
2026-08-23T13:00:00,Usine Nord,676.5
2026-08-23T13:15:00,Atelier Sud,19.9
2026-08-23T13:15:00,Siège Est,77.9
2026-08-23T13:15:00,Usine Nord,516.5
2026-08-23T13:30:00,Atelier Sud,15.0
2026-08-23T13:30:00,Siège Est,57.5
2026-08-23T13:30:00,Usine Nord,483.8
2026-08-23T13:45:00,Atelier Sud,15.0
2026-08-23T13:45:00,Siège Est,78.8
2026-08-23T13:45:00,Usine Nord,525.8
2026-08-23T14:00:00,Atelier Sud,26.8
2026-08-23T14:00:00,Siège Est,64.2
2026-08-23T14:00:00,Usine Nord,551.5
2026-08-23T14:15:00,Atelier Sud,46.9
2026-08-23T14:15:00,Siège Est,61.8
2026-08-23T14:15:00,Usine Nord,529.7
2026-08-23T14:30:00,Atelier Sud,29.0
2026-08-23T14:30:00,Siège Est,64.8
2026-08-23T14:30:00,Usine Nord,516.2
2026-08-23T14:45:00,Atelier Sud,51.1
2026-08-23T14:45:00,Siège Est,75.2
2026-08-23T14:45:00,Usine Nord,542.2
2026-08-23T15:00:00,Atelier Sud,49.9
2026-08-23T15:00:00,Siège Est,71.3
2026-08-23T15:00:00,Usine Nord,477.7
2026-08-23T15:15:00,Atelier Sud,51.9
2026-08-23T15:15:00,Siège Est,77.0
2026-08-23T15:15:00,Usine Nord,510.9
2026-08-23T15:30:00,Atelier Sud,15.0
2026-08-23T15:30:00,Siège Est,77.7
2026-08-23T15:30:00,Usine Nord,545.5
2026-08-23T15:45:00,Atelier Sud,51.3
2026-08-23T15:45:00,Siège Est,57.0
2026-08-23T15:45:00,Usine Nord,511.4
2026-08-23T16:00:00,Atelier Sud,49.5
2026-08-23T16:00:00,Siège Est,86.5
2026-08-23T16:00:00,Usine Nord,481.5
2026-08-23T16:15:00,Atelier Sud,48.1
2026-08-23T16:15:00,Siège Est,59.6
2026-08-23T16:15:00,Usine Nord,500.2
2026-08-23T16:30:00,Atelier Sud,74.4
2026-08-23T16:30:00,Siège Est,53.1
2026-08-23T16:30:00,Usine Nord,533.4
2026-08-23T16:45:00,Atelier Sud,62.0
2026-08-23T16:45:00,Siège Est,50.4
2026-08-23T16:45:00,Usine Nord,534.2
2026-08-23T17:00:00,Atelier Sud,52.1
2026-08-23T17:00:00,Siège Est,64.8
2026-08-23T17:00:00,Usine Nord,526.2
2026-08-23T17:15:00,Atelier Sud,72.0
2026-08-23T17:15:00,Siège Est,70.1
2026-08-23T17:15:00,Usine Nord,543.2
2026-08-23T17:30:00,Atelier Sud,57.8
2026-08-23T17:30:00,Siège Est,61.8
2026-08-23T17:30:00,Usine Nord,525.3
2026-08-23T17:45:00,Atelier Sud,70.2
2026-08-23T17:45:00,Siège Est,74.6
2026-08-23T17:45:00,Usine Nord,528.0
2026-08-23T18:00:00,Atelier Sud,54.4
2026-08-23T18:00:00,Siège Est,67.5
2026-08-23T18:00:00,Usine Nord,544.9
2026-08-23T18:15:00,Atelier Sud,70.7
2026-08-23T18:15:00,Siège Est,65.4
2026-08-23T18:15:00,Usine Nord,483.0
2026-08-23T18:30:00,Atelier Sud,73.7
2026-08-23T18:30:00,Siège Est,78.2
2026-08-23T18:30:00,Usine Nord,582.9
2026-08-23T18:45:00,Atelier Sud,85.8
2026-08-23T18:45:00,Siège Est,72.8
2026-08-23T18:45:00,Usine Nord,531.4
2026-08-23T19:00:00,Atelier Sud,68.8
2026-08-23T19:00:00,Siège Est,62.6
2026-08-23T19:00:00,Usine Nord,572.3
2026-08-23T19:15:00,Atelier Sud,68.9
2026-08-23T19:15:00,Siège Est,74.3
2026-08-23T19:15:00,Usine Nord,527.2
2026-08-23T19:30:00,Atelier Sud,105.2
2026-08-23T19:30:00,Siège Est,70.2
2026-08-23T19:30:00,Usine Nord,551.7
2026-08-23T19:45:00,Atelier Sud,69.3
2026-08-23T19:45:00,Siège Est,74.2
2026-08-23T19:45:00,Usine Nord,535.2
2026-08-23T20:00:00,Atelier Sud,75.6
2026-08-23T20:00:00,Siège Est,84.5
2026-08-23T20:00:00,Usine Nord,532.9
2026-08-23T20:15:00,Atelier Sud,72.7
2026-08-23T20:15:00,Siège Est,60.9
2026-08-23T20:15:00,Usine Nord,525.8
2026-08-23T20:30:00,Atelier Sud,47.3
2026-08-23T20:30:00,Siège Est,59.9
2026-08-23T20:30:00,Usine Nord,519.3
2026-08-23T20:45:00,Atelier Sud,66.9
2026-08-23T20:45:00,Siège Est,55.6
2026-08-23T20:45:00,Usine Nord,556.0
2026-08-23T21:00:00,Atelier Sud,82.3
2026-08-23T21:00:00,Siège Est,65.3
2026-08-23T21:00:00,Usine Nord,542.3
2026-08-23T21:15:00,Atelier Sud,89.3
2026-08-23T21:15:00,Siège Est,76.0
2026-08-23T21:15:00,Usine Nord,560.2
2026-08-23T21:30:00,Atelier Sud,70.1
2026-08-23T21:30:00,Siège Est,72.3
2026-08-23T21:30:00,Usine Nord,491.6
2026-08-23T21:45:00,Atelier Sud,83.7
2026-08-23T21:45:00,Siège Est,92.6
2026-08-23T21:45:00,Usine Nord,482.7
2026-08-23T22:00:00,Atelier Sud,54.2
2026-08-23T22:00:00,Siège Est,61.6
2026-08-23T22:00:00,Usine Nord,368.7
2026-08-23T22:15:00,Atelier Sud,66.7
2026-08-23T22:15:00,Siège Est,67.6
2026-08-23T22:15:00,Usine Nord,393.7
2026-08-23T22:30:00,Atelier Sud,78.1
2026-08-23T22:30:00,Siège Est,66.4
2026-08-23T22:30:00,Usine Nord,332.6
2026-08-23T22:45:00,Atelier Sud,65.0
2026-08-23T22:45:00,Siège Est,63.0
2026-08-23T22:45:00,Usine Nord,334.4
2026-08-23T23:00:00,Atelier Sud,66.7
2026-08-23T23:00:00,Siège Est,68.3
2026-08-23T23:00:00,Usine Nord,337.8
2026-08-23T23:15:00,Atelier Sud,59.4
2026-08-23T23:15:00,Siège Est,84.4
2026-08-23T23:15:00,Usine Nord,354.4
2026-08-23T23:30:00,Atelier Sud,89.9
2026-08-23T23:30:00,Siège Est,61.0
2026-08-23T23:30:00,Usine Nord,380.6
2026-08-23T23:45:00,Atelier Sud,72.3
2026-08-23T23:45:00,Siège Est,68.4
2026-08-23T23:45:00,Usine Nord,355.4
2026-08-24T00:00:00,Atelier Sud,73.3
2026-08-24T00:00:00,Siège Est,68.5
2026-08-24T00:00:00,Usine Nord,655.6
2026-08-24T00:15:00,Atelier Sud,82.0
2026-08-24T00:15:00,Siège Est,76.5
2026-08-24T00:15:00,Usine Nord,614.0
2026-08-24T00:30:00,Atelier Sud,59.8
2026-08-24T00:30:00,Siège Est,74.0
2026-08-24T00:30:00,Usine Nord,607.6
2026-08-24T00:45:00,Atelier Sud,83.1
2026-08-24T00:45:00,Siège Est,79.9
2026-08-24T00:45:00,Usine Nord,655.3
2026-08-24T01:00:00,Atelier Sud,50.4
2026-08-24T01:00:00,Siège Est,93.3
2026-08-24T01:00:00,Usine Nord,656.1
2026-08-24T01:15:00,Atelier Sud,64.0
2026-08-24T01:15:00,Siège Est,61.6
2026-08-24T01:15:00,Usine Nord,633.8
2026-08-24T01:30:00,Atelier Sud,82.8
2026-08-24T01:30:00,Siège Est,60.7
2026-08-24T01:30:00,Usine Nord,654.1
2026-08-24T01:45:00,Atelier Sud,42.1
2026-08-24T01:45:00,Siège Est,70.2
2026-08-24T01:45:00,Usine Nord,652.1
2026-08-24T02:00:00,Atelier Sud,48.0
2026-08-24T02:00:00,Siège Est,70.9
2026-08-24T02:00:00,Usine Nord,663.0
2026-08-24T02:15:00,Atelier Sud,67.0
2026-08-24T02:15:00,Siège Est,73.9
2026-08-24T02:15:00,Usine Nord,636.3
2026-08-24T02:30:00,Atelier Sud,82.8
2026-08-24T02:30:00,Siège Est,78.1
2026-08-24T02:30:00,Usine Nord,649.0
2026-08-24T02:45:00,Atelier Sud,80.1
2026-08-24T02:45:00,Siège Est,61.9
2026-08-24T02:45:00,Usine Nord,687.5
2026-08-24T03:00:00,Atelier Sud,79.8
2026-08-24T03:00:00,Siège Est,67.6
2026-08-24T03:00:00,Usine Nord,630.7
2026-08-24T03:15:00,Atelier Sud,59.3
2026-08-24T03:15:00,Siège Est,72.4
2026-08-24T03:15:00,Usine Nord,640.0
2026-08-24T03:30:00,Atelier Sud,66.2
2026-08-24T03:30:00,Siège Est,74.6
2026-08-24T03:30:00,Usine Nord,636.7
2026-08-24T03:45:00,Atelier Sud,69.3
2026-08-24T03:45:00,Siège Est,50.3
2026-08-24T03:45:00,Usine Nord,665.6
2026-08-24T04:00:00,Atelier Sud,80.3
2026-08-24T04:00:00,Siège Est,72.8
2026-08-24T04:00:00,Usine Nord,629.0
2026-08-24T04:15:00,Atelier Sud,72.7
2026-08-24T04:15:00,Siège Est,65.6
2026-08-24T04:15:00,Usine Nord,619.5
2026-08-24T04:30:00,Atelier Sud,64.2
2026-08-24T04:30:00,Siège Est,60.3
2026-08-24T04:30:00,Usine Nord,632.2
2026-08-24T04:45:00,Atelier Sud,58.9
2026-08-24T04:45:00,Siège Est,58.4
2026-08-24T04:45:00,Usine Nord,617.1
2026-08-24T05:00:00,Atelier Sud,76.2
2026-08-24T05:00:00,Siège Est,82.2
2026-08-24T05:00:00,Usine Nord,654.7
2026-08-24T05:15:00,Atelier Sud,71.9
2026-08-24T05:15:00,Siège Est,63.1
2026-08-24T05:15:00,Usine Nord,689.6
2026-08-24T05:30:00,Atelier Sud,59.1
2026-08-24T05:30:00,Siège Est,51.8
2026-08-24T05:30:00,Usine Nord,663.1
2026-08-24T05:45:00,Atelier Sud,73.6
2026-08-24T05:45:00,Siège Est,59.5
2026-08-24T05:45:00,Usine Nord,660.9
2026-08-24T06:00:00,Atelier Sud,65.3
2026-08-24T06:00:00,Siège Est,70.3
2026-08-24T06:00:00,Usine Nord,960.4
2026-08-24T06:15:00,Atelier Sud,117.1
2026-08-24T06:15:00,Siège Est,72.9
2026-08-24T06:15:00,Usine Nord,943.0
2026-08-24T06:30:00,Atelier Sud,103.2
2026-08-24T06:30:00,Siège Est,64.6
2026-08-24T06:30:00,Usine Nord,916.1
2026-08-24T06:45:00,Atelier Sud,132.1
2026-08-24T06:45:00,Siège Est,78.3
2026-08-24T06:45:00,Usine Nord,927.6
2026-08-24T07:00:00,Atelier Sud,163.1
2026-08-24T07:00:00,Siège Est,79.4
2026-08-24T07:00:00,Usine Nord,970.1
2026-08-24T07:15:00,Atelier Sud,162.6
2026-08-24T07:15:00,Siège Est,46.7
2026-08-24T07:15:00,Usine Nord,919.0
2026-08-24T07:30:00,Atelier Sud,177.0
2026-08-24T07:30:00,Siège Est,70.7
2026-08-24T07:30:00,Usine Nord,988.0
2026-08-24T07:45:00,Atelier Sud,197.4
2026-08-24T07:45:00,Siège Est,83.1
2026-08-24T07:45:00,Usine Nord,925.5
2026-08-24T08:00:00,Atelier Sud,223.5
2026-08-24T08:00:00,Siège Est,231.7
2026-08-24T08:00:00,Usine Nord,941.1
2026-08-24T08:15:00,Atelier Sud,235.6
2026-08-24T08:15:00,Siège Est,229.9
2026-08-24T08:15:00,Usine Nord,931.1
2026-08-24T08:30:00,Atelier Sud,278.2
2026-08-24T08:30:00,Siège Est,229.4
2026-08-24T08:30:00,Usine Nord,923.7
2026-08-24T08:45:00,Atelier Sud,264.3
2026-08-24T08:45:00,Siège Est,221.2
2026-08-24T08:45:00,Usine Nord,940.0
2026-08-24T09:00:00,Atelier Sud,273.1
2026-08-24T09:00:00,Siège Est,225.3
2026-08-24T09:00:00,Usine Nord,945.5
2026-08-24T09:15:00,Atelier Sud,250.0
2026-08-24T09:15:00,Siège Est,220.4
2026-08-24T09:15:00,Usine Nord,944.2
2026-08-24T09:30:00,Atelier Sud,336.8
2026-08-24T09:30:00,Siège Est,241.7
2026-08-24T09:30:00,Usine Nord,959.2
2026-08-24T09:45:00,Atelier Sud,272.7
2026-08-24T09:45:00,Siège Est,244.1
2026-08-24T09:45:00,Usine Nord,953.2
2026-08-24T10:00:00,Atelier Sud,332.2
2026-08-24T10:00:00,Siège Est,256.2
2026-08-24T10:00:00,Usine Nord,978.9
2026-08-24T10:15:00,Atelier Sud,310.6
2026-08-24T10:15:00,Siège Est,219.5
2026-08-24T10:15:00,Usine Nord,941.2
2026-08-24T10:30:00,Atelier Sud,383.1
2026-08-24T10:30:00,Siège Est,221.6
2026-08-24T10:30:00,Usine Nord,930.3
2026-08-24T10:45:00,Atelier Sud,373.3
2026-08-24T10:45:00,Siège Est,236.3
2026-08-24T10:45:00,Usine Nord,935.2
2026-08-24T11:00:00,Atelier Sud,368.4
2026-08-24T11:00:00,Siège Est,243.6
2026-08-24T11:00:00,Usine Nord,947.6
2026-08-24T11:15:00,Atelier Sud,319.3
2026-08-24T11:15:00,Siège Est,234.5
2026-08-24T11:15:00,Usine Nord,975.5
2026-08-24T11:30:00,Atelier Sud,328.2
2026-08-24T11:30:00,Siège Est,221.5
2026-08-24T11:30:00,Usine Nord,953.9
2026-08-24T11:45:00,Atelier Sud,311.3
2026-08-24T11:45:00,Siège Est,234.3
2026-08-24T11:45:00,Usine Nord,941.7
2026-08-24T12:00:00,Atelier Sud,339.7
2026-08-24T12:00:00,Siège Est,232.0
2026-08-24T12:00:00,Usine Nord,954.2
2026-08-24T12:15:00,Atelier Sud,339.2
2026-08-24T12:15:00,Siège Est,231.2
2026-08-24T12:15:00,Usine Nord,923.8
2026-08-24T12:30:00,Atelier Sud,290.6
2026-08-24T12:30:00,Siège Est,253.7
2026-08-24T12:30:00,Usine Nord,941.0
2026-08-24T12:45:00,Atelier Sud,311.8
2026-08-24T12:45:00,Siège Est,237.7
2026-08-24T12:45:00,Usine Nord,935.3
2026-08-24T13:00:00,Atelier Sud,352.9
2026-08-24T13:00:00,Siège Est,221.6
2026-08-24T13:00:00,Usine Nord,927.4
2026-08-24T13:15:00,Atelier Sud,308.4
2026-08-24T13:15:00,Siège Est,228.2
2026-08-24T13:15:00,Usine Nord,963.2
2026-08-24T13:30:00,Atelier Sud,312.0
2026-08-24T13:30:00,Siège Est,232.4
2026-08-24T13:30:00,Usine Nord,931.6
2026-08-24T13:45:00,Atelier Sud,255.8
2026-08-24T13:45:00,Siège Est,221.1
2026-08-24T13:45:00,Usine Nord,936.0
2026-08-24T14:00:00,Atelier Sud,310.4
2026-08-24T14:00:00,Siège Est,220.2
2026-08-24T14:00:00,Usine Nord,925.3
2026-08-24T14:15:00,Atelier Sud,240.9
2026-08-24T14:15:00,Siège Est,226.3
2026-08-24T14:15:00,Usine Nord,956.6
2026-08-24T14:30:00,Atelier Sud,261.8
2026-08-24T14:30:00,Siège Est,224.3
2026-08-24T14:30:00,Usine Nord,926.3
2026-08-24T14:45:00,Atelier Sud,261.1
2026-08-24T14:45:00,Siège Est,231.6
2026-08-24T14:45:00,Usine Nord,995.5
2026-08-24T15:00:00,Atelier Sud,271.5
2026-08-24T15:00:00,Siège Est,224.8
2026-08-24T15:00:00,Usine Nord,927.7
2026-08-24T15:15:00,Atelier Sud,257.1
2026-08-24T15:15:00,Siège Est,232.4
2026-08-24T15:15:00,Usine Nord,969.0
2026-08-24T15:30:00,Atelier Sud,254.1
2026-08-24T15:30:00,Siège Est,239.9
2026-08-24T15:30:00,Usine Nord,961.9
2026-08-24T15:45:00,Atelier Sud,182.8
2026-08-24T15:45:00,Siège Est,255.3
2026-08-24T15:45:00,Usine Nord,969.4
2026-08-24T16:00:00,Atelier Sud,183.9
2026-08-24T16:00:00,Siège Est,241.4
2026-08-24T16:00:00,Usine Nord,953.8
2026-08-24T16:15:00,Atelier Sud,196.1
2026-08-24T16:15:00,Siège Est,250.0
2026-08-24T16:15:00,Usine Nord,928.1
2026-08-24T16:30:00,Atelier Sud,193.3
2026-08-24T16:30:00,Siège Est,236.8
2026-08-24T16:30:00,Usine Nord,997.8
2026-08-24T16:45:00,Atelier Sud,135.0
2026-08-24T16:45:00,Siège Est,235.1
2026-08-24T16:45:00,Usine Nord,954.9
2026-08-24T17:00:00,Atelier Sud,122.9
2026-08-24T17:00:00,Siège Est,237.1
2026-08-24T17:00:00,Usine Nord,926.4
2026-08-24T17:15:00,Atelier Sud,155.1
2026-08-24T17:15:00,Siège Est,236.3
2026-08-24T17:15:00,Usine Nord,978.5
2026-08-24T17:30:00,Atelier Sud,115.6
2026-08-24T17:30:00,Siège Est,235.1
2026-08-24T17:30:00,Usine Nord,949.1
2026-08-24T17:45:00,Atelier Sud,91.1
2026-08-24T17:45:00,Siège Est,235.4
2026-08-24T17:45:00,Usine Nord,935.1
2026-08-24T18:00:00,Atelier Sud,69.3
2026-08-24T18:00:00,Siège Est,243.7
2026-08-24T18:00:00,Usine Nord,964.6
2026-08-24T18:15:00,Atelier Sud,69.5
2026-08-24T18:15:00,Siège Est,231.8
2026-08-24T18:15:00,Usine Nord,952.1
2026-08-24T18:30:00,Atelier Sud,55.4
2026-08-24T18:30:00,Siège Est,220.6
2026-08-24T18:30:00,Usine Nord,963.8
2026-08-24T18:45:00,Atelier Sud,65.5
2026-08-24T18:45:00,Siège Est,235.3
2026-08-24T18:45:00,Usine Nord,949.8
2026-08-24T19:00:00,Atelier Sud,68.6
2026-08-24T19:00:00,Siège Est,63.1
2026-08-24T19:00:00,Usine Nord,973.0
2026-08-24T19:15:00,Atelier Sud,62.4
2026-08-24T19:15:00,Siège Est,84.0
2026-08-24T19:15:00,Usine Nord,960.0
2026-08-24T19:30:00,Atelier Sud,61.0
2026-08-24T19:30:00,Siège Est,70.0
2026-08-24T19:30:00,Usine Nord,942.5
2026-08-24T19:45:00,Atelier Sud,61.7
2026-08-24T19:45:00,Siège Est,78.6
2026-08-24T19:45:00,Usine Nord,950.9
2026-08-24T20:00:00,Atelier Sud,110.7
2026-08-24T20:00:00,Siège Est,69.2
2026-08-24T20:00:00,Usine Nord,973.9
2026-08-24T20:15:00,Atelier Sud,81.6
2026-08-24T20:15:00,Siège Est,76.7
2026-08-24T20:15:00,Usine Nord,950.3
2026-08-24T20:30:00,Atelier Sud,54.1
2026-08-24T20:30:00,Siège Est,59.0
2026-08-24T20:30:00,Usine Nord,935.3
2026-08-24T20:45:00,Atelier Sud,63.9
2026-08-24T20:45:00,Siège Est,68.1
2026-08-24T20:45:00,Usine Nord,953.7
2026-08-24T21:00:00,Atelier Sud,73.3
2026-08-24T21:00:00,Siège Est,73.0
2026-08-24T21:00:00,Usine Nord,962.9
2026-08-24T21:15:00,Atelier Sud,61.8
2026-08-24T21:15:00,Siège Est,69.4
2026-08-24T21:15:00,Usine Nord,961.0
2026-08-24T21:30:00,Atelier Sud,78.1
2026-08-24T21:30:00,Siège Est,70.4
2026-08-24T21:30:00,Usine Nord,921.6
2026-08-24T21:45:00,Atelier Sud,98.4
2026-08-24T21:45:00,Siège Est,75.0
2026-08-24T21:45:00,Usine Nord,926.1
2026-08-24T22:00:00,Atelier Sud,38.1
2026-08-24T22:00:00,Siège Est,79.0
2026-08-24T22:00:00,Usine Nord,642.7
2026-08-24T22:15:00,Atelier Sud,85.3
2026-08-24T22:15:00,Siège Est,69.0
2026-08-24T22:15:00,Usine Nord,666.9
2026-08-24T22:30:00,Atelier Sud,70.7
2026-08-24T22:30:00,Siège Est,55.2
2026-08-24T22:30:00,Usine Nord,653.4
2026-08-24T22:45:00,Atelier Sud,51.4
2026-08-24T22:45:00,Siège Est,73.3
2026-08-24T22:45:00,Usine Nord,682.5
2026-08-24T23:00:00,Atelier Sud,59.9
2026-08-24T23:00:00,Siège Est,61.6
2026-08-24T23:00:00,Usine Nord,683.1
2026-08-24T23:15:00,Atelier Sud,35.2
2026-08-24T23:15:00,Siège Est,68.4
2026-08-24T23:15:00,Usine Nord,666.3
2026-08-24T23:30:00,Atelier Sud,52.1
2026-08-24T23:30:00,Siège Est,67.8
2026-08-24T23:30:00,Usine Nord,652.9
2026-08-24T23:45:00,Atelier Sud,93.0
2026-08-24T23:45:00,Siège Est,58.2
2026-08-24T23:45:00,Usine Nord,645.6
2026-08-25T00:00:00,Atelier Sud,54.4
2026-08-25T00:00:00,Siège Est,91.4
2026-08-25T00:00:00,Usine Nord,630.2
2026-08-25T00:15:00,Atelier Sud,40.6
2026-08-25T00:15:00,Siège Est,72.8
2026-08-25T00:15:00,Usine Nord,653.3
2026-08-25T00:30:00,Atelier Sud,74.9
2026-08-25T00:30:00,Siège Est,70.0
2026-08-25T00:30:00,Usine Nord,624.6
2026-08-25T00:45:00,Atelier Sud,88.9
2026-08-25T00:45:00,Siège Est,70.8
2026-08-25T00:45:00,Usine Nord,668.1
2026-08-25T01:00:00,Atelier Sud,91.2
2026-08-25T01:00:00,Siège Est,59.9
2026-08-25T01:00:00,Usine Nord,612.4
2026-08-25T01:15:00,Atelier Sud,49.5
2026-08-25T01:15:00,Siège Est,59.0
2026-08-25T01:15:00,Usine Nord,674.8
2026-08-25T01:30:00,Atelier Sud,59.4
2026-08-25T01:30:00,Siège Est,62.6
2026-08-25T01:30:00,Usine Nord,644.7
2026-08-25T01:45:00,Atelier Sud,67.0
2026-08-25T01:45:00,Siège Est,61.1
2026-08-25T01:45:00,Usine Nord,633.0
2026-08-25T02:00:00,Atelier Sud,77.3
2026-08-25T02:00:00,Siège Est,79.2
2026-08-25T02:00:00,Usine Nord,651.8
2026-08-25T02:15:00,Atelier Sud,56.5
2026-08-25T02:15:00,Siège Est,54.0
2026-08-25T02:15:00,Usine Nord,651.8
2026-08-25T02:30:00,Atelier Sud,79.1
2026-08-25T02:30:00,Siège Est,74.4
2026-08-25T02:30:00,Usine Nord,650.1
2026-08-25T02:45:00,Atelier Sud,85.7
2026-08-25T02:45:00,Siège Est,71.7
2026-08-25T02:45:00,Usine Nord,620.9
2026-08-25T03:00:00,Atelier Sud,67.6
2026-08-25T03:00:00,Siège Est,65.0
2026-08-25T03:00:00,Usine Nord,587.7
2026-08-25T03:15:00,Atelier Sud,76.9
2026-08-25T03:15:00,Siège Est,82.6
2026-08-25T03:15:00,Usine Nord,669.7
2026-08-25T03:30:00,Atelier Sud,91.1
2026-08-25T03:30:00,Siège Est,68.0
2026-08-25T03:30:00,Usine Nord,649.4
2026-08-25T03:45:00,Atelier Sud,66.4
2026-08-25T03:45:00,Siège Est,70.2
2026-08-25T03:45:00,Usine Nord,664.5
2026-08-25T04:00:00,Atelier Sud,85.6
2026-08-25T04:00:00,Siège Est,59.7
2026-08-25T04:00:00,Usine Nord,596.5
2026-08-25T04:15:00,Atelier Sud,63.9
2026-08-25T04:15:00,Siège Est,74.4
2026-08-25T04:15:00,Usine Nord,640.5
2026-08-25T04:30:00,Atelier Sud,70.9
2026-08-25T04:30:00,Siège Est,45.4
2026-08-25T04:30:00,Usine Nord,627.5
2026-08-25T04:45:00,Atelier Sud,69.7
2026-08-25T04:45:00,Siège Est,85.3
2026-08-25T04:45:00,Usine Nord,651.4
2026-08-25T05:00:00,Atelier Sud,66.2
2026-08-25T05:00:00,Siège Est,63.3
2026-08-25T05:00:00,Usine Nord,670.2
2026-08-25T05:15:00,Atelier Sud,76.1
2026-08-25T05:15:00,Siège Est,70.6
2026-08-25T05:15:00,Usine Nord,623.3
2026-08-25T05:30:00,Atelier Sud,74.4
2026-08-25T05:30:00,Siège Est,62.4
2026-08-25T05:30:00,Usine Nord,659.2
2026-08-25T05:45:00,Atelier Sud,70.4
2026-08-25T05:45:00,Siège Est,75.6
2026-08-25T05:45:00,Usine Nord,659.9
2026-08-25T06:00:00,Atelier Sud,72.9
2026-08-25T06:00:00,Siège Est,66.1
2026-08-25T06:00:00,Usine Nord,904.9
2026-08-25T06:15:00,Atelier Sud,102.1
2026-08-25T06:15:00,Siège Est,54.1
2026-08-25T06:15:00,Usine Nord,948.0
2026-08-25T06:30:00,Atelier Sud,101.7
2026-08-25T06:30:00,Siège Est,48.2
2026-08-25T06:30:00,Usine Nord,950.1
2026-08-25T06:45:00,Atelier Sud,126.7
2026-08-25T06:45:00,Siège Est,74.3
2026-08-25T06:45:00,Usine Nord,943.8
2026-08-25T07:00:00,Atelier Sud,162.4
2026-08-25T07:00:00,Siège Est,60.6
2026-08-25T07:00:00,Usine Nord,961.0
2026-08-25T07:15:00,Atelier Sud,186.0
2026-08-25T07:15:00,Siège Est,56.3
2026-08-25T07:15:00,Usine Nord,977.2
2026-08-25T07:30:00,Atelier Sud,186.8
2026-08-25T07:30:00,Siège Est,69.9
2026-08-25T07:30:00,Usine Nord,966.3
2026-08-25T07:45:00,Atelier Sud,214.8
2026-08-25T07:45:00,Siège Est,71.5
2026-08-25T07:45:00,Usine Nord,976.0
2026-08-25T08:00:00,Atelier Sud,208.0
2026-08-25T08:00:00,Siège Est,237.0
2026-08-25T08:00:00,Usine Nord,969.9
2026-08-25T08:15:00,Atelier Sud,248.0
2026-08-25T08:15:00,Siège Est,239.9
2026-08-25T08:15:00,Usine Nord,947.9
2026-08-25T08:30:00,Atelier Sud,253.6
2026-08-25T08:30:00,Siège Est,215.1
2026-08-25T08:30:00,Usine Nord,936.8
2026-08-25T08:45:00,Atelier Sud,275.1
2026-08-25T08:45:00,Siège Est,228.7
2026-08-25T08:45:00,Usine Nord,924.0
2026-08-25T09:00:00,Atelier Sud,269.2
2026-08-25T09:00:00,Siège Est,229.3
2026-08-25T09:00:00,Usine Nord,908.6
2026-08-25T09:15:00,Atelier Sud,309.1
2026-08-25T09:15:00,Siège Est,225.3
2026-08-25T09:15:00,Usine Nord,937.0
2026-08-25T09:30:00,Atelier Sud,301.0
2026-08-25T09:30:00,Siège Est,234.5
2026-08-25T09:30:00,Usine Nord,956.9
2026-08-25T09:45:00,Atelier Sud,296.2
2026-08-25T09:45:00,Siège Est,236.8
2026-08-25T09:45:00,Usine Nord,947.0
2026-08-25T10:00:00,Atelier Sud,297.6
2026-08-25T10:00:00,Siège Est,222.5
2026-08-25T10:00:00,Usine Nord,948.6
2026-08-25T10:15:00,Atelier Sud,362.5
2026-08-25T10:15:00,Siège Est,235.6
2026-08-25T10:15:00,Usine Nord,968.3
2026-08-25T10:30:00,Atelier Sud,322.4
2026-08-25T10:30:00,Siège Est,235.3
2026-08-25T10:30:00,Usine Nord,970.2
2026-08-25T10:45:00,Atelier Sud,328.2
2026-08-25T10:45:00,Siège Est,240.2
2026-08-25T10:45:00,Usine Nord,945.0
2026-08-25T11:00:00,Atelier Sud,303.0
2026-08-25T11:00:00,Siège Est,235.6
2026-08-25T11:00:00,Usine Nord,947.6
2026-08-25T11:15:00,Atelier Sud,328.8
2026-08-25T11:15:00,Siège Est,214.8
2026-08-25T11:15:00,Usine Nord,917.6
2026-08-25T11:30:00,Atelier Sud,383.6
2026-08-25T11:30:00,Siège Est,227.7
2026-08-25T11:30:00,Usine Nord,974.0
2026-08-25T11:45:00,Atelier Sud,355.4
2026-08-25T11:45:00,Siège Est,221.0
2026-08-25T11:45:00,Usine Nord,946.2
2026-08-25T12:00:00,Atelier Sud,347.3
2026-08-25T12:00:00,Siège Est,232.6
2026-08-25T12:00:00,Usine Nord,892.7
2026-08-25T12:15:00,Atelier Sud,329.4
2026-08-25T12:15:00,Siège Est,233.9
2026-08-25T12:15:00,Usine Nord,950.2
2026-08-25T12:30:00,Atelier Sud,328.8
2026-08-25T12:30:00,Siège Est,219.7
2026-08-25T12:30:00,Usine Nord,945.7
2026-08-25T12:45:00,Atelier Sud,292.9
2026-08-25T12:45:00,Siège Est,224.1
2026-08-25T12:45:00,Usine Nord,965.9
2026-08-25T13:00:00,Atelier Sud,326.8
2026-08-25T13:00:00,Siège Est,225.4
2026-08-25T13:00:00,Usine Nord,950.2
2026-08-25T13:15:00,Atelier Sud,349.1
2026-08-25T13:15:00,Siège Est,233.0
2026-08-25T13:15:00,Usine Nord,960.5
2026-08-25T13:30:00,Atelier Sud,307.7
2026-08-25T13:30:00,Siège Est,242.9
2026-08-25T13:30:00,Usine Nord,937.9
2026-08-25T13:45:00,Atelier Sud,320.2
2026-08-25T13:45:00,Siège Est,212.4
2026-08-25T13:45:00,Usine Nord,968.5
2026-08-25T14:00:00,Atelier Sud,280.0
2026-08-25T14:00:00,Siège Est,230.7
2026-08-25T14:00:00,Usine Nord,925.6
2026-08-25T14:15:00,Atelier Sud,285.2
2026-08-25T14:15:00,Siège Est,222.3
2026-08-25T14:15:00,Usine Nord,946.8
2026-08-25T14:30:00,Atelier Sud,327.4
2026-08-25T14:30:00,Siège Est,231.1
2026-08-25T14:30:00,Usine Nord,954.4
2026-08-25T14:45:00,Atelier Sud,283.1
2026-08-25T14:45:00,Siège Est,232.1
2026-08-25T14:45:00,Usine Nord,943.0
2026-08-25T15:00:00,Atelier Sud,270.6
2026-08-25T15:00:00,Siège Est,242.6
2026-08-25T15:00:00,Usine Nord,969.1
2026-08-25T15:15:00,Atelier Sud,279.9
2026-08-25T15:15:00,Siège Est,223.4
2026-08-25T15:15:00,Usine Nord,958.5
2026-08-25T15:30:00,Atelier Sud,208.5
2026-08-25T15:30:00,Siège Est,236.2
2026-08-25T15:30:00,Usine Nord,955.5
2026-08-25T15:45:00,Atelier Sud,229.5
2026-08-25T15:45:00,Siège Est,235.5
2026-08-25T15:45:00,Usine Nord,954.3
2026-08-25T16:00:00,Atelier Sud,245.0
2026-08-25T16:00:00,Siège Est,238.6
2026-08-25T16:00:00,Usine Nord,960.5
2026-08-25T16:15:00,Atelier Sud,209.0
2026-08-25T16:15:00,Siège Est,222.3
2026-08-25T16:15:00,Usine Nord,962.9
2026-08-25T16:30:00,Atelier Sud,177.9
2026-08-25T16:30:00,Siège Est,222.8
2026-08-25T16:30:00,Usine Nord,929.6
2026-08-25T16:45:00,Atelier Sud,126.5
2026-08-25T16:45:00,Siège Est,227.8
2026-08-25T16:45:00,Usine Nord,949.5
2026-08-25T17:00:00,Atelier Sud,149.9
2026-08-25T17:00:00,Siège Est,227.9
2026-08-25T17:00:00,Usine Nord,944.3
2026-08-25T17:15:00,Atelier Sud,135.6
2026-08-25T17:15:00,Siège Est,230.6
2026-08-25T17:15:00,Usine Nord,943.0
2026-08-25T17:30:00,Atelier Sud,89.8
2026-08-25T17:30:00,Siège Est,231.5
2026-08-25T17:30:00,Usine Nord,951.8
2026-08-25T17:45:00,Atelier Sud,97.3
2026-08-25T17:45:00,Siège Est,246.3
2026-08-25T17:45:00,Usine Nord,950.3
2026-08-25T18:00:00,Atelier Sud,64.9
2026-08-25T18:00:00,Siège Est,226.3
2026-08-25T18:00:00,Usine Nord,921.9
2026-08-25T18:15:00,Atelier Sud,73.9
2026-08-25T18:15:00,Siège Est,226.6
2026-08-25T18:15:00,Usine Nord,944.7
2026-08-25T18:30:00,Atelier Sud,75.4
2026-08-25T18:30:00,Siège Est,224.4
2026-08-25T18:30:00,Usine Nord,971.8
2026-08-25T18:45:00,Atelier Sud,62.8
2026-08-25T18:45:00,Siège Est,215.2
2026-08-25T18:45:00,Usine Nord,964.1
2026-08-25T19:00:00,Atelier Sud,71.7
2026-08-25T19:00:00,Siège Est,65.2
2026-08-25T19:00:00,Usine Nord,909.4
2026-08-25T19:15:00,Atelier Sud,62.6
2026-08-25T19:15:00,Siège Est,81.2
2026-08-25T19:15:00,Usine Nord,937.2
2026-08-25T19:30:00,Atelier Sud,78.0
2026-08-25T19:30:00,Siège Est,56.1
2026-08-25T19:30:00,Usine Nord,958.1
2026-08-25T19:45:00,Atelier Sud,70.8
2026-08-25T19:45:00,Siège Est,64.5
2026-08-25T19:45:00,Usine Nord,921.3
2026-08-25T20:00:00,Atelier Sud,102.9
2026-08-25T20:00:00,Siège Est,71.2
2026-08-25T20:00:00,Usine Nord,953.5
2026-08-25T20:15:00,Atelier Sud,63.7
2026-08-25T20:15:00,Siège Est,61.9
2026-08-25T20:15:00,Usine Nord,983.2
2026-08-25T20:30:00,Atelier Sud,67.0
2026-08-25T20:30:00,Siège Est,55.6
2026-08-25T20:30:00,Usine Nord,959.6
2026-08-25T20:45:00,Atelier Sud,49.5
2026-08-25T20:45:00,Siège Est,72.3
2026-08-25T20:45:00,Usine Nord,929.9
2026-08-25T21:00:00,Atelier Sud,51.4
2026-08-25T21:00:00,Siège Est,77.3
2026-08-25T21:00:00,Usine Nord,957.6
2026-08-25T21:15:00,Atelier Sud,63.9
2026-08-25T21:15:00,Siège Est,77.2
2026-08-25T21:15:00,Usine Nord,911.5
2026-08-25T21:30:00,Atelier Sud,76.2
2026-08-25T21:30:00,Siège Est,82.6
2026-08-25T21:30:00,Usine Nord,947.6
2026-08-25T21:45:00,Atelier Sud,45.2
2026-08-25T21:45:00,Siège Est,64.3
2026-08-25T21:45:00,Usine Nord,906.5
2026-08-25T22:00:00,Atelier Sud,55.1
2026-08-25T22:00:00,Siège Est,88.7
2026-08-25T22:00:00,Usine Nord,636.4
2026-08-25T22:15:00,Atelier Sud,87.9
2026-08-25T22:15:00,Siège Est,62.2
2026-08-25T22:15:00,Usine Nord,606.7
2026-08-25T22:30:00,Atelier Sud,92.8
2026-08-25T22:30:00,Siège Est,71.0
2026-08-25T22:30:00,Usine Nord,632.5
2026-08-25T22:45:00,Atelier Sud,68.0
2026-08-25T22:45:00,Siège Est,69.1
2026-08-25T22:45:00,Usine Nord,638.9
2026-08-25T23:00:00,Atelier Sud,81.4
2026-08-25T23:00:00,Siège Est,56.8
2026-08-25T23:00:00,Usine Nord,670.3
2026-08-25T23:15:00,Atelier Sud,54.6
2026-08-25T23:15:00,Siège Est,75.8
2026-08-25T23:15:00,Usine Nord,656.5
2026-08-25T23:30:00,Atelier Sud,96.5
2026-08-25T23:30:00,Siège Est,55.7
2026-08-25T23:30:00,Usine Nord,687.6
2026-08-25T23:45:00,Atelier Sud,72.0
2026-08-25T23:45:00,Siège Est,47.8
2026-08-25T23:45:00,Usine Nord,676.3
2026-08-26T00:00:00,Atelier Sud,86.9
2026-08-26T00:00:00,Siège Est,74.0
2026-08-26T00:00:00,Usine Nord,649.9
2026-08-26T00:15:00,Atelier Sud,71.3
2026-08-26T00:15:00,Siège Est,76.4
2026-08-26T00:15:00,Usine Nord,662.6
2026-08-26T00:30:00,Atelier Sud,66.7
2026-08-26T00:30:00,Siège Est,88.5
2026-08-26T00:30:00,Usine Nord,627.1
2026-08-26T00:45:00,Atelier Sud,46.6
2026-08-26T00:45:00,Siège Est,61.9
2026-08-26T00:45:00,Usine Nord,648.7
2026-08-26T01:00:00,Atelier Sud,64.9
2026-08-26T01:00:00,Siège Est,72.2
2026-08-26T01:00:00,Usine Nord,637.7
2026-08-26T01:15:00,Atelier Sud,111.6
2026-08-26T01:15:00,Siège Est,72.7
2026-08-26T01:15:00,Usine Nord,626.7
2026-08-26T01:30:00,Atelier Sud,80.1
2026-08-26T01:30:00,Siège Est,56.9
2026-08-26T01:30:00,Usine Nord,669.9
2026-08-26T01:45:00,Atelier Sud,82.7
2026-08-26T01:45:00,Siège Est,73.7
2026-08-26T01:45:00,Usine Nord,634.2
2026-08-26T02:00:00,Atelier Sud,72.5
2026-08-26T02:00:00,Siège Est,57.7
2026-08-26T02:00:00,Usine Nord,655.9
2026-08-26T02:15:00,Atelier Sud,74.2
2026-08-26T02:15:00,Siège Est,68.9
2026-08-26T02:15:00,Usine Nord,641.5
2026-08-26T02:30:00,Atelier Sud,86.9
2026-08-26T02:30:00,Siège Est,64.5
2026-08-26T02:30:00,Usine Nord,668.5
2026-08-26T02:45:00,Atelier Sud,61.4
2026-08-26T02:45:00,Siège Est,79.6
2026-08-26T02:45:00,Usine Nord,658.0
2026-08-26T03:00:00,Atelier Sud,61.9
2026-08-26T03:00:00,Siège Est,76.9
2026-08-26T03:00:00,Usine Nord,614.4
2026-08-26T03:15:00,Atelier Sud,78.2
2026-08-26T03:15:00,Siège Est,73.2
2026-08-26T03:15:00,Usine Nord,655.8
2026-08-26T03:30:00,Atelier Sud,77.9
2026-08-26T03:30:00,Siège Est,57.0
2026-08-26T03:30:00,Usine Nord,706.4
2026-08-26T03:45:00,Atelier Sud,67.9
2026-08-26T03:45:00,Siège Est,68.7
2026-08-26T03:45:00,Usine Nord,664.1
2026-08-26T04:00:00,Atelier Sud,77.7
2026-08-26T04:00:00,Siège Est,68.3
2026-08-26T04:00:00,Usine Nord,672.7
2026-08-26T04:15:00,Atelier Sud,79.2
2026-08-26T04:15:00,Siège Est,86.7
2026-08-26T04:15:00,Usine Nord,661.0
2026-08-26T04:30:00,Atelier Sud,69.6
2026-08-26T04:30:00,Siège Est,72.0
2026-08-26T04:30:00,Usine Nord,682.9
2026-08-26T04:45:00,Atelier Sud,73.2
2026-08-26T04:45:00,Siège Est,70.2
2026-08-26T04:45:00,Usine Nord,636.5
2026-08-26T05:00:00,Atelier Sud,75.3
2026-08-26T05:00:00,Siège Est,94.3
2026-08-26T05:00:00,Usine Nord,634.5
2026-08-26T05:15:00,Atelier Sud,69.4
2026-08-26T05:15:00,Siège Est,74.5
2026-08-26T05:15:00,Usine Nord,639.2
2026-08-26T05:30:00,Atelier Sud,70.4
2026-08-26T05:30:00,Siège Est,54.3
2026-08-26T05:30:00,Usine Nord,618.7
2026-08-26T05:45:00,Atelier Sud,76.2
2026-08-26T05:45:00,Siège Est,84.5
2026-08-26T05:45:00,Usine Nord,627.2
2026-08-26T06:00:00,Atelier Sud,49.6
2026-08-26T06:00:00,Siège Est,43.8
2026-08-26T06:00:00,Usine Nord,975.1
2026-08-26T06:15:00,Atelier Sud,90.6
2026-08-26T06:15:00,Siège Est,75.3
2026-08-26T06:15:00,Usine Nord,935.7
2026-08-26T06:30:00,Atelier Sud,120.1
2026-08-26T06:30:00,Siège Est,67.9
2026-08-26T06:30:00,Usine Nord,934.8
2026-08-26T06:45:00,Atelier Sud,145.8
2026-08-26T06:45:00,Siège Est,63.5
2026-08-26T06:45:00,Usine Nord,977.9
2026-08-26T07:00:00,Atelier Sud,172.5
2026-08-26T07:00:00,Siège Est,68.6
2026-08-26T07:00:00,Usine Nord,962.1
2026-08-26T07:15:00,Atelier Sud,174.8
2026-08-26T07:15:00,Siège Est,70.1
2026-08-26T07:15:00,Usine Nord,939.4
2026-08-26T07:30:00,Atelier Sud,213.4
2026-08-26T07:30:00,Siège Est,68.7
2026-08-26T07:30:00,Usine Nord,935.5
2026-08-26T07:45:00,Atelier Sud,216.8
2026-08-26T07:45:00,Siège Est,50.2
2026-08-26T07:45:00,Usine Nord,945.5
2026-08-26T08:00:00,Atelier Sud,220.3
2026-08-26T08:00:00,Siège Est,217.7
2026-08-26T08:00:00,Usine Nord,952.0
2026-08-26T08:15:00,Atelier Sud,225.2
2026-08-26T08:15:00,Siège Est,218.6
2026-08-26T08:15:00,Usine Nord,973.2
2026-08-26T08:30:00,Atelier Sud,244.8
2026-08-26T08:30:00,Siège Est,231.4
2026-08-26T08:30:00,Usine Nord,958.5
2026-08-26T08:45:00,Atelier Sud,246.6
2026-08-26T08:45:00,Siège Est,234.9
2026-08-26T08:45:00,Usine Nord,930.7
2026-08-26T09:00:00,Atelier Sud,284.2
2026-08-26T09:00:00,Siège Est,236.2
2026-08-26T09:00:00,Usine Nord,946.4
2026-08-26T09:15:00,Atelier Sud,294.0
2026-08-26T09:15:00,Siège Est,247.8
2026-08-26T09:15:00,Usine Nord,920.8
2026-08-26T09:30:00,Atelier Sud,289.6
2026-08-26T09:30:00,Siège Est,240.9
2026-08-26T09:30:00,Usine Nord,938.2
2026-08-26T09:45:00,Atelier Sud,305.3
2026-08-26T09:45:00,Siège Est,220.6
2026-08-26T09:45:00,Usine Nord,986.3
2026-08-26T10:00:00,Atelier Sud,347.8
2026-08-26T10:00:00,Siège Est,216.7
2026-08-26T10:00:00,Usine Nord,921.4
2026-08-26T10:15:00,Atelier Sud,296.5
2026-08-26T10:15:00,Siège Est,229.5
2026-08-26T10:15:00,Usine Nord,939.6
2026-08-26T10:30:00,Atelier Sud,295.0
2026-08-26T10:30:00,Siège Est,225.7
2026-08-26T10:30:00,Usine Nord,968.3
2026-08-26T10:45:00,Atelier Sud,354.5
2026-08-26T10:45:00,Siège Est,222.7
2026-08-26T10:45:00,Usine Nord,954.9
2026-08-26T11:00:00,Atelier Sud,350.5
2026-08-26T11:00:00,Siège Est,248.6
2026-08-26T11:00:00,Usine Nord,944.1
2026-08-26T11:15:00,Atelier Sud,272.5
2026-08-26T11:15:00,Siège Est,236.5
2026-08-26T11:15:00,Usine Nord,934.0
2026-08-26T11:30:00,Atelier Sud,353.7
2026-08-26T11:30:00,Siège Est,222.4
2026-08-26T11:30:00,Usine Nord,932.1
2026-08-26T11:45:00,Atelier Sud,377.3
2026-08-26T11:45:00,Siège Est,231.1
2026-08-26T11:45:00,Usine Nord,965.6
2026-08-26T12:00:00,Atelier Sud,301.9
2026-08-26T12:00:00,Siège Est,225.5
2026-08-26T12:00:00,Usine Nord,947.7
2026-08-26T12:15:00,Atelier Sud,375.0
2026-08-26T12:15:00,Siège Est,220.8
2026-08-26T12:15:00,Usine Nord,957.3
2026-08-26T12:30:00,Atelier Sud,324.7
2026-08-26T12:30:00,Siège Est,221.4
2026-08-26T12:30:00,Usine Nord,964.5
2026-08-26T12:45:00,Atelier Sud,346.3
2026-08-26T12:45:00,Siège Est,249.8
2026-08-26T12:45:00,Usine Nord,918.6
2026-08-26T13:00:00,Atelier Sud,321.5
2026-08-26T13:00:00,Siège Est,232.3
2026-08-26T13:00:00,Usine Nord,912.5
2026-08-26T13:15:00,Atelier Sud,319.5
2026-08-26T13:15:00,Siège Est,228.6
2026-08-26T13:15:00,Usine Nord,959.4
2026-08-26T13:30:00,Atelier Sud,353.4
2026-08-26T13:30:00,Siège Est,234.8
2026-08-26T13:30:00,Usine Nord,970.9
2026-08-26T13:45:00,Atelier Sud,332.8
2026-08-26T13:45:00,Siège Est,224.4
2026-08-26T13:45:00,Usine Nord,950.1
2026-08-26T14:00:00,Atelier Sud,362.2
2026-08-26T14:00:00,Siège Est,242.8
2026-08-26T14:00:00,Usine Nord,967.4
2026-08-26T14:15:00,Atelier Sud,287.0
2026-08-26T14:15:00,Siège Est,242.0
2026-08-26T14:15:00,Usine Nord,917.0
2026-08-26T14:30:00,Atelier Sud,286.8
2026-08-26T14:30:00,Siège Est,245.0
2026-08-26T14:30:00,Usine Nord,943.1
2026-08-26T14:45:00,Atelier Sud,257.9
2026-08-26T14:45:00,Siège Est,210.1
2026-08-26T14:45:00,Usine Nord,938.7
2026-08-26T15:00:00,Atelier Sud,232.2
2026-08-26T15:00:00,Siège Est,242.3
2026-08-26T15:00:00,Usine Nord,938.5
2026-08-26T15:15:00,Atelier Sud,241.2
2026-08-26T15:15:00,Siège Est,217.5
2026-08-26T15:15:00,Usine Nord,960.6
2026-08-26T15:30:00,Atelier Sud,206.9
2026-08-26T15:30:00,Siège Est,225.9
2026-08-26T15:30:00,Usine Nord,892.5
2026-08-26T15:45:00,Atelier Sud,251.8
2026-08-26T15:45:00,Siège Est,233.4
2026-08-26T15:45:00,Usine Nord,939.0
2026-08-26T16:00:00,Atelier Sud,217.2
2026-08-26T16:00:00,Siège Est,228.1
2026-08-26T16:00:00,Usine Nord,972.1
2026-08-26T16:15:00,Atelier Sud,189.6
2026-08-26T16:15:00,Siège Est,228.7
2026-08-26T16:15:00,Usine Nord,942.1
2026-08-26T16:30:00,Atelier Sud,157.9
2026-08-26T16:30:00,Siège Est,227.6
2026-08-26T16:30:00,Usine Nord,925.5
2026-08-26T16:45:00,Atelier Sud,138.2
2026-08-26T16:45:00,Siège Est,225.4
2026-08-26T16:45:00,Usine Nord,956.5
2026-08-26T17:00:00,Atelier Sud,120.0
2026-08-26T17:00:00,Siège Est,234.3
2026-08-26T17:00:00,Usine Nord,920.8
2026-08-26T17:15:00,Atelier Sud,131.4
2026-08-26T17:15:00,Siège Est,245.6
2026-08-26T17:15:00,Usine Nord,968.2
2026-08-26T17:30:00,Atelier Sud,83.6
2026-08-26T17:30:00,Siège Est,232.9
2026-08-26T17:30:00,Usine Nord,933.4
2026-08-26T17:45:00,Atelier Sud,88.7
2026-08-26T17:45:00,Siège Est,217.5
2026-08-26T17:45:00,Usine Nord,979.2
2026-08-26T18:00:00,Atelier Sud,62.3
2026-08-26T18:00:00,Siège Est,241.8
2026-08-26T18:00:00,Usine Nord,957.1
2026-08-26T18:15:00,Atelier Sud,88.8
2026-08-26T18:15:00,Siège Est,244.9
2026-08-26T18:15:00,Usine Nord,923.2
2026-08-26T18:30:00,Atelier Sud,54.9
2026-08-26T18:30:00,Siège Est,224.0
2026-08-26T18:30:00,Usine Nord,946.5
2026-08-26T18:45:00,Atelier Sud,85.8
2026-08-26T18:45:00,Siège Est,235.9
2026-08-26T18:45:00,Usine Nord,946.8
2026-08-26T19:00:00,Atelier Sud,55.0
2026-08-26T19:00:00,Siège Est,67.4
2026-08-26T19:00:00,Usine Nord,962.1
2026-08-26T19:15:00,Atelier Sud,64.1
2026-08-26T19:15:00,Siège Est,82.2
2026-08-26T19:15:00,Usine Nord,919.2
2026-08-26T19:30:00,Atelier Sud,80.5
2026-08-26T19:30:00,Siège Est,66.3
2026-08-26T19:30:00,Usine Nord,968.4
2026-08-26T19:45:00,Atelier Sud,66.3
2026-08-26T19:45:00,Siège Est,52.2
2026-08-26T19:45:00,Usine Nord,928.9
2026-08-26T20:00:00,Atelier Sud,49.5
2026-08-26T20:00:00,Siège Est,65.3
2026-08-26T20:00:00,Usine Nord,909.7
2026-08-26T20:15:00,Atelier Sud,62.3
2026-08-26T20:15:00,Siège Est,58.0
2026-08-26T20:15:00,Usine Nord,944.8
2026-08-26T20:30:00,Atelier Sud,69.5
2026-08-26T20:30:00,Siège Est,70.2
2026-08-26T20:30:00,Usine Nord,932.6
2026-08-26T20:45:00,Atelier Sud,66.5
2026-08-26T20:45:00,Siège Est,60.6
2026-08-26T20:45:00,Usine Nord,950.7
2026-08-26T21:00:00,Atelier Sud,78.9
2026-08-26T21:00:00,Siège Est,67.8
2026-08-26T21:00:00,Usine Nord,983.0
2026-08-26T21:15:00,Atelier Sud,74.7
2026-08-26T21:15:00,Siège Est,54.7
2026-08-26T21:15:00,Usine Nord,946.6
2026-08-26T21:30:00,Atelier Sud,69.8
2026-08-26T21:30:00,Siège Est,76.6
2026-08-26T21:30:00,Usine Nord,985.9
2026-08-26T21:45:00,Atelier Sud,77.6
2026-08-26T21:45:00,Siège Est,62.9
2026-08-26T21:45:00,Usine Nord,993.8
2026-08-26T22:00:00,Atelier Sud,54.8
2026-08-26T22:00:00,Siège Est,61.3
2026-08-26T22:00:00,Usine Nord,691.4
2026-08-26T22:15:00,Atelier Sud,63.0
2026-08-26T22:15:00,Siège Est,59.4
2026-08-26T22:15:00,Usine Nord,653.0
2026-08-26T22:30:00,Atelier Sud,42.6
2026-08-26T22:30:00,Siège Est,74.2
2026-08-26T22:30:00,Usine Nord,677.4
2026-08-26T22:45:00,Atelier Sud,55.8
2026-08-26T22:45:00,Siège Est,78.2
2026-08-26T22:45:00,Usine Nord,677.2
2026-08-26T23:00:00,Atelier Sud,61.1
2026-08-26T23:00:00,Siège Est,82.6
2026-08-26T23:00:00,Usine Nord,676.3
2026-08-26T23:15:00,Atelier Sud,45.9
2026-08-26T23:15:00,Siège Est,70.2
2026-08-26T23:15:00,Usine Nord,648.3
2026-08-26T23:30:00,Atelier Sud,69.8
2026-08-26T23:30:00,Siège Est,56.2
2026-08-26T23:30:00,Usine Nord,677.1
2026-08-26T23:45:00,Atelier Sud,101.1
2026-08-26T23:45:00,Siège Est,71.8
2026-08-26T23:45:00,Usine Nord,670.2
2026-08-27T00:00:00,Atelier Sud,93.1
2026-08-27T00:00:00,Siège Est,56.8
2026-08-27T00:00:00,Usine Nord,654.9
2026-08-27T00:15:00,Atelier Sud,70.4
2026-08-27T00:15:00,Siège Est,65.6
2026-08-27T00:15:00,Usine Nord,629.0
2026-08-27T00:30:00,Atelier Sud,81.0
2026-08-27T00:30:00,Siège Est,49.1
2026-08-27T00:30:00,Usine Nord,662.3
2026-08-27T00:45:00,Atelier Sud,57.7
2026-08-27T00:45:00,Siège Est,75.2
2026-08-27T00:45:00,Usine Nord,658.3
2026-08-27T01:00:00,Atelier Sud,78.2
2026-08-27T01:00:00,Siège Est,74.5
2026-08-27T01:00:00,Usine Nord,618.1
2026-08-27T01:15:00,Atelier Sud,64.3
2026-08-27T01:15:00,Siège Est,59.1
2026-08-27T01:15:00,Usine Nord,623.6
2026-08-27T01:30:00,Atelier Sud,76.3
2026-08-27T01:30:00,Siège Est,69.0
2026-08-27T01:30:00,Usine Nord,675.1
2026-08-27T01:45:00,Atelier Sud,60.3
2026-08-27T01:45:00,Siège Est,74.7
2026-08-27T01:45:00,Usine Nord,643.4
2026-08-27T02:00:00,Atelier Sud,83.4
2026-08-27T02:00:00,Siège Est,68.8
2026-08-27T02:00:00,Usine Nord,665.8
2026-08-27T02:15:00,Atelier Sud,84.5
2026-08-27T02:15:00,Siège Est,58.9
2026-08-27T02:15:00,Usine Nord,641.8
2026-08-27T02:30:00,Atelier Sud,88.9
2026-08-27T02:30:00,Siège Est,66.3
2026-08-27T02:30:00,Usine Nord,620.2
2026-08-27T02:45:00,Atelier Sud,64.8
2026-08-27T02:45:00,Siège Est,82.1
2026-08-27T02:45:00,Usine Nord,633.5
2026-08-27T03:00:00,Atelier Sud,60.2
2026-08-27T03:00:00,Siège Est,67.4
2026-08-27T03:00:00,Usine Nord,598.2
2026-08-27T03:15:00,Atelier Sud,84.7
2026-08-27T03:15:00,Siège Est,65.5
2026-08-27T03:15:00,Usine Nord,659.7
2026-08-27T03:30:00,Atelier Sud,74.5
2026-08-27T03:30:00,Siège Est,60.3
2026-08-27T03:30:00,Usine Nord,617.2
2026-08-27T03:45:00,Atelier Sud,81.6
2026-08-27T03:45:00,Siège Est,58.9
2026-08-27T03:45:00,Usine Nord,694.7
2026-08-27T04:00:00,Atelier Sud,92.3
2026-08-27T04:00:00,Siège Est,78.3
2026-08-27T04:00:00,Usine Nord,630.3
2026-08-27T04:15:00,Atelier Sud,57.7
2026-08-27T04:15:00,Siège Est,68.4
2026-08-27T04:15:00,Usine Nord,652.3
2026-08-27T04:30:00,Atelier Sud,75.9
2026-08-27T04:30:00,Siège Est,63.1
2026-08-27T04:30:00,Usine Nord,625.7
2026-08-27T04:45:00,Atelier Sud,67.5
2026-08-27T04:45:00,Siège Est,72.5
2026-08-27T04:45:00,Usine Nord,615.7
2026-08-27T05:00:00,Atelier Sud,67.7
2026-08-27T05:00:00,Siège Est,56.2
2026-08-27T05:00:00,Usine Nord,646.9
2026-08-27T05:15:00,Atelier Sud,76.6
2026-08-27T05:15:00,Siège Est,62.6
2026-08-27T05:15:00,Usine Nord,632.6
2026-08-27T05:30:00,Atelier Sud,80.2
2026-08-27T05:30:00,Siège Est,69.3
2026-08-27T05:30:00,Usine Nord,699.3
2026-08-27T05:45:00,Atelier Sud,92.1
2026-08-27T05:45:00,Siège Est,81.5
2026-08-27T05:45:00,Usine Nord,642.4
2026-08-27T06:00:00,Atelier Sud,86.6
2026-08-27T06:00:00,Siège Est,59.9
2026-08-27T06:00:00,Usine Nord,897.6
2026-08-27T06:15:00,Atelier Sud,121.4
2026-08-27T06:15:00,Siège Est,66.8
2026-08-27T06:15:00,Usine Nord,950.0
2026-08-27T06:30:00,Atelier Sud,123.3
2026-08-27T06:30:00,Siège Est,70.9
2026-08-27T06:30:00,Usine Nord,930.3
2026-08-27T06:45:00,Atelier Sud,114.1
2026-08-27T06:45:00,Siège Est,58.3
2026-08-27T06:45:00,Usine Nord,938.9
2026-08-27T07:00:00,Atelier Sud,166.3
2026-08-27T07:00:00,Siège Est,74.0
2026-08-27T07:00:00,Usine Nord,932.2
2026-08-27T07:15:00,Atelier Sud,166.2
2026-08-27T07:15:00,Siège Est,58.8
2026-08-27T07:15:00,Usine Nord,928.6
2026-08-27T07:30:00,Atelier Sud,200.8
2026-08-27T07:30:00,Siège Est,66.0
2026-08-27T07:30:00,Usine Nord,913.1
2026-08-27T07:45:00,Atelier Sud,218.9
2026-08-27T07:45:00,Siège Est,60.9
2026-08-27T07:45:00,Usine Nord,954.6
2026-08-27T08:00:00,Atelier Sud,232.1
2026-08-27T08:00:00,Siège Est,250.7
2026-08-27T08:00:00,Usine Nord,949.8
2026-08-27T08:15:00,Atelier Sud,274.4
2026-08-27T08:15:00,Siège Est,213.3
2026-08-27T08:15:00,Usine Nord,948.1
2026-08-27T08:30:00,Atelier Sud,240.2
2026-08-27T08:30:00,Siège Est,235.2
2026-08-27T08:30:00,Usine Nord,942.0
2026-08-27T08:45:00,Atelier Sud,244.9
2026-08-27T08:45:00,Siège Est,229.4
2026-08-27T08:45:00,Usine Nord,984.8
2026-08-27T09:00:00,Atelier Sud,297.3
2026-08-27T09:00:00,Siège Est,242.6
2026-08-27T09:00:00,Usine Nord,934.1
2026-08-27T09:15:00,Atelier Sud,306.8
2026-08-27T09:15:00,Siège Est,243.3
2026-08-27T09:15:00,Usine Nord,938.7
2026-08-27T09:30:00,Atelier Sud,304.3
2026-08-27T09:30:00,Siège Est,210.6
2026-08-27T09:30:00,Usine Nord,985.6
2026-08-27T09:45:00,Atelier Sud,335.4
2026-08-27T09:45:00,Siège Est,224.2
2026-08-27T09:45:00,Usine Nord,956.5
2026-08-27T10:00:00,Atelier Sud,305.6
2026-08-27T10:00:00,Siège Est,232.6
2026-08-27T10:00:00,Usine Nord,937.6
2026-08-27T10:15:00,Atelier Sud,303.8
2026-08-27T10:15:00,Siège Est,227.9
2026-08-27T10:15:00,Usine Nord,931.7
2026-08-27T10:30:00,Atelier Sud,339.5
2026-08-27T10:30:00,Siège Est,221.9
2026-08-27T10:30:00,Usine Nord,939.1
2026-08-27T10:45:00,Atelier Sud,331.1
2026-08-27T10:45:00,Siège Est,240.5
2026-08-27T10:45:00,Usine Nord,943.2
2026-08-27T11:00:00,Atelier Sud,354.2
2026-08-27T11:00:00,Siège Est,234.2
2026-08-27T11:00:00,Usine Nord,947.6
2026-08-27T11:15:00,Atelier Sud,328.9
2026-08-27T11:15:00,Siège Est,229.4
2026-08-27T11:15:00,Usine Nord,982.4
2026-08-27T11:30:00,Atelier Sud,367.4
2026-08-27T11:30:00,Siège Est,231.7
2026-08-27T11:30:00,Usine Nord,919.5
2026-08-27T11:45:00,Atelier Sud,337.3
2026-08-27T11:45:00,Siège Est,232.2
2026-08-27T11:45:00,Usine Nord,952.3
2026-08-27T12:00:00,Atelier Sud,355.0
2026-08-27T12:00:00,Siège Est,223.0
2026-08-27T12:00:00,Usine Nord,964.4
2026-08-27T12:15:00,Atelier Sud,312.1
2026-08-27T12:15:00,Siège Est,245.7
2026-08-27T12:15:00,Usine Nord,964.9
2026-08-27T12:30:00,Atelier Sud,363.8
2026-08-27T12:30:00,Siège Est,236.5
2026-08-27T12:30:00,Usine Nord,944.4
2026-08-27T12:45:00,Atelier Sud,312.7
2026-08-27T12:45:00,Siège Est,240.8
2026-08-27T12:45:00,Usine Nord,933.3
2026-08-27T13:00:00,Atelier Sud,316.5
2026-08-27T13:00:00,Siège Est,231.0
2026-08-27T13:00:00,Usine Nord,957.8
2026-08-27T13:15:00,Atelier Sud,328.1
2026-08-27T13:15:00,Siège Est,237.0
2026-08-27T13:15:00,Usine Nord,964.4
2026-08-27T13:30:00,Atelier Sud,300.5
2026-08-27T13:30:00,Siège Est,223.3
2026-08-27T13:30:00,Usine Nord,947.3
2026-08-27T13:45:00,Atelier Sud,314.5
2026-08-27T13:45:00,Siège Est,224.2
2026-08-27T13:45:00,Usine Nord,941.1
2026-08-27T14:00:00,Atelier Sud,262.6
2026-08-27T14:00:00,Siège Est,231.1
2026-08-27T14:00:00,Usine Nord,979.3
2026-08-27T14:15:00,Atelier Sud,316.1
2026-08-27T14:15:00,Siège Est,221.3
2026-08-27T14:15:00,Usine Nord,944.5
2026-08-27T14:30:00,Atelier Sud,338.7
2026-08-27T14:30:00,Siège Est,240.5
2026-08-27T14:30:00,Usine Nord,947.6
2026-08-27T14:45:00,Atelier Sud,281.5
2026-08-27T14:45:00,Siège Est,241.9
2026-08-27T14:45:00,Usine Nord,980.1
2026-08-27T15:00:00,Atelier Sud,244.8
2026-08-27T15:00:00,Siège Est,220.2
2026-08-27T15:00:00,Usine Nord,950.1
2026-08-27T15:15:00,Atelier Sud,234.1
2026-08-27T15:15:00,Siège Est,229.9
2026-08-27T15:15:00,Usine Nord,950.2
2026-08-27T15:30:00,Atelier Sud,234.4
2026-08-27T15:30:00,Siège Est,228.9
2026-08-27T15:30:00,Usine Nord,944.8
2026-08-27T15:45:00,Atelier Sud,218.4
2026-08-27T15:45:00,Siège Est,234.9
2026-08-27T15:45:00,Usine Nord,984.0
2026-08-27T16:00:00,Atelier Sud,199.3
2026-08-27T16:00:00,Siège Est,233.0
2026-08-27T16:00:00,Usine Nord,949.0
2026-08-27T16:15:00,Atelier Sud,183.3
2026-08-27T16:15:00,Siège Est,219.8
2026-08-27T16:15:00,Usine Nord,981.1
2026-08-27T16:30:00,Atelier Sud,177.2
2026-08-27T16:30:00,Siège Est,226.1
2026-08-27T16:30:00,Usine Nord,967.4
2026-08-27T16:45:00,Atelier Sud,156.0
2026-08-27T16:45:00,Siège Est,246.5
2026-08-27T16:45:00,Usine Nord,951.4
2026-08-27T17:00:00,Atelier Sud,154.1
2026-08-27T17:00:00,Siège Est,235.8
2026-08-27T17:00:00,Usine Nord,971.6
2026-08-27T17:15:00,Atelier Sud,118.0
2026-08-27T17:15:00,Siège Est,229.6
2026-08-27T17:15:00,Usine Nord,937.4
2026-08-27T17:30:00,Atelier Sud,101.2
2026-08-27T17:30:00,Siège Est,218.8
2026-08-27T17:30:00,Usine Nord,992.8
2026-08-27T17:45:00,Atelier Sud,78.7
2026-08-27T17:45:00,Siège Est,252.0
2026-08-27T17:45:00,Usine Nord,933.6
2026-08-27T18:00:00,Atelier Sud,70.0
2026-08-27T18:00:00,Siège Est,226.9
2026-08-27T18:00:00,Usine Nord,957.8
2026-08-27T18:15:00,Atelier Sud,94.6
2026-08-27T18:15:00,Siège Est,234.3
2026-08-27T18:15:00,Usine Nord,970.9
2026-08-27T18:30:00,Atelier Sud,79.1
2026-08-27T18:30:00,Siège Est,237.3
2026-08-27T18:30:00,Usine Nord,957.3
2026-08-27T18:45:00,Atelier Sud,68.7
2026-08-27T18:45:00,Siège Est,230.1
2026-08-27T18:45:00,Usine Nord,977.2
2026-08-27T19:00:00,Atelier Sud,70.0
2026-08-27T19:00:00,Siège Est,71.7
2026-08-27T19:00:00,Usine Nord,982.2
2026-08-27T19:15:00,Atelier Sud,87.5
2026-08-27T19:15:00,Siège Est,47.6
2026-08-27T19:15:00,Usine Nord,925.5
2026-08-27T19:30:00,Atelier Sud,44.0
2026-08-27T19:30:00,Siège Est,69.4
2026-08-27T19:30:00,Usine Nord,943.3
2026-08-27T19:45:00,Atelier Sud,28.0
2026-08-27T19:45:00,Siège Est,51.9
2026-08-27T19:45:00,Usine Nord,961.9
2026-08-27T20:00:00,Atelier Sud,64.7
2026-08-27T20:00:00,Siège Est,74.7
2026-08-27T20:00:00,Usine Nord,954.0
2026-08-27T20:15:00,Atelier Sud,58.3
2026-08-27T20:15:00,Siège Est,53.1
2026-08-27T20:15:00,Usine Nord,945.6
2026-08-27T20:30:00,Atelier Sud,66.6
2026-08-27T20:30:00,Siège Est,68.1
2026-08-27T20:30:00,Usine Nord,959.6
2026-08-27T20:45:00,Atelier Sud,74.7
2026-08-27T20:45:00,Siège Est,84.1
2026-08-27T20:45:00,Usine Nord,932.4
2026-08-27T21:00:00,Atelier Sud,46.3
2026-08-27T21:00:00,Siège Est,59.4
2026-08-27T21:00:00,Usine Nord,938.3
2026-08-27T21:15:00,Atelier Sud,83.0
2026-08-27T21:15:00,Siège Est,75.1
2026-08-27T21:15:00,Usine Nord,976.3
2026-08-27T21:30:00,Atelier Sud,68.5
2026-08-27T21:30:00,Siège Est,63.2
2026-08-27T21:30:00,Usine Nord,956.9
2026-08-27T21:45:00,Atelier Sud,50.2
2026-08-27T21:45:00,Siège Est,64.3
2026-08-27T21:45:00,Usine Nord,981.4
2026-08-27T22:00:00,Atelier Sud,72.6
2026-08-27T22:00:00,Siège Est,62.3
2026-08-27T22:00:00,Usine Nord,600.8
2026-08-27T22:15:00,Atelier Sud,64.2
2026-08-27T22:15:00,Siège Est,63.4
2026-08-27T22:15:00,Usine Nord,623.4
2026-08-27T22:30:00,Atelier Sud,79.8
2026-08-27T22:30:00,Siège Est,77.2
2026-08-27T22:30:00,Usine Nord,620.3
2026-08-27T22:45:00,Atelier Sud,44.6
2026-08-27T22:45:00,Siège Est,71.2
2026-08-27T22:45:00,Usine Nord,654.3
2026-08-27T23:00:00,Atelier Sud,51.3
2026-08-27T23:00:00,Siège Est,60.6
2026-08-27T23:00:00,Usine Nord,683.6
2026-08-27T23:15:00,Atelier Sud,101.7
2026-08-27T23:15:00,Siège Est,69.0
2026-08-27T23:15:00,Usine Nord,617.5
2026-08-27T23:30:00,Atelier Sud,59.2
2026-08-27T23:30:00,Siège Est,66.9
2026-08-27T23:30:00,Usine Nord,646.0
2026-08-27T23:45:00,Atelier Sud,74.5
2026-08-27T23:45:00,Siège Est,62.1
2026-08-27T23:45:00,Usine Nord,677.9
2026-08-28T00:00:00,Atelier Sud,87.3
2026-08-28T00:00:00,Siège Est,63.7
2026-08-28T00:00:00,Usine Nord,624.8
2026-08-28T00:15:00,Atelier Sud,94.0
2026-08-28T00:15:00,Siège Est,71.7
2026-08-28T00:15:00,Usine Nord,697.2
2026-08-28T00:30:00,Atelier Sud,85.9
2026-08-28T00:30:00,Siège Est,73.5
2026-08-28T00:30:00,Usine Nord,622.6
2026-08-28T00:45:00,Atelier Sud,60.1
2026-08-28T00:45:00,Siège Est,73.1
2026-08-28T00:45:00,Usine Nord,859.2
2026-08-28T01:00:00,Atelier Sud,77.1
2026-08-28T01:00:00,Siège Est,75.2
2026-08-28T01:00:00,Usine Nord,609.0
2026-08-28T01:15:00,Atelier Sud,78.7
2026-08-28T01:15:00,Siège Est,69.2
2026-08-28T01:15:00,Usine Nord,659.5
2026-08-28T01:30:00,Atelier Sud,89.0
2026-08-28T01:30:00,Siège Est,73.3
2026-08-28T01:30:00,Usine Nord,610.9
2026-08-28T01:45:00,Atelier Sud,83.6
2026-08-28T01:45:00,Siège Est,76.2
2026-08-28T01:45:00,Usine Nord,649.5
2026-08-28T02:00:00,Atelier Sud,60.2
2026-08-28T02:00:00,Siège Est,86.7
2026-08-28T02:00:00,Usine Nord,648.8
2026-08-28T02:15:00,Atelier Sud,56.0
2026-08-28T02:15:00,Siège Est,70.5
2026-08-28T02:15:00,Usine Nord,634.8
2026-08-28T02:30:00,Atelier Sud,91.3
2026-08-28T02:30:00,Siège Est,66.3
2026-08-28T02:30:00,Usine Nord,638.1
2026-08-28T02:45:00,Atelier Sud,52.8
2026-08-28T02:45:00,Siège Est,60.4
2026-08-28T02:45:00,Usine Nord,639.1
2026-08-28T03:00:00,Atelier Sud,78.7
2026-08-28T03:00:00,Siège Est,59.1
2026-08-28T03:00:00,Usine Nord,656.2
2026-08-28T03:15:00,Atelier Sud,80.2
2026-08-28T03:15:00,Siège Est,73.3
2026-08-28T03:15:00,Usine Nord,631.7
2026-08-28T03:30:00,Atelier Sud,52.9
2026-08-28T03:30:00,Siège Est,53.9
2026-08-28T03:30:00,Usine Nord,629.7
2026-08-28T03:45:00,Atelier Sud,65.9
2026-08-28T03:45:00,Siège Est,65.9
2026-08-28T03:45:00,Usine Nord,622.5
2026-08-28T04:00:00,Atelier Sud,56.9
2026-08-28T04:00:00,Siège Est,56.6
2026-08-28T04:00:00,Usine Nord,670.7
2026-08-28T04:15:00,Atelier Sud,91.0
2026-08-28T04:15:00,Siège Est,77.1
2026-08-28T04:15:00,Usine Nord,678.3
2026-08-28T04:30:00,Atelier Sud,56.6
2026-08-28T04:30:00,Siège Est,69.7
2026-08-28T04:30:00,Usine Nord,659.6
2026-08-28T04:45:00,Atelier Sud,78.0
2026-08-28T04:45:00,Siège Est,72.2
2026-08-28T04:45:00,Usine Nord,613.3
2026-08-28T05:00:00,Atelier Sud,66.9
2026-08-28T05:00:00,Siège Est,69.9
2026-08-28T05:00:00,Usine Nord,648.9
2026-08-28T05:15:00,Atelier Sud,87.6
2026-08-28T05:15:00,Siège Est,72.2
2026-08-28T05:15:00,Usine Nord,659.3
2026-08-28T05:30:00,Atelier Sud,78.1
2026-08-28T05:30:00,Siège Est,64.8
2026-08-28T05:30:00,Usine Nord,669.2
2026-08-28T05:45:00,Atelier Sud,80.9
2026-08-28T05:45:00,Siège Est,78.7
2026-08-28T05:45:00,Usine Nord,647.3
2026-08-28T06:00:00,Atelier Sud,72.8
2026-08-28T06:00:00,Siège Est,53.4
2026-08-28T06:00:00,Usine Nord,931.6
2026-08-28T06:15:00,Atelier Sud,115.2
2026-08-28T06:15:00,Siège Est,65.0
2026-08-28T06:15:00,Usine Nord,995.7
2026-08-28T06:30:00,Atelier Sud,109.4
2026-08-28T06:30:00,Siège Est,60.5
2026-08-28T06:30:00,Usine Nord,950.1
2026-08-28T06:45:00,Atelier Sud,154.4
2026-08-28T06:45:00,Siège Est,76.6
2026-08-28T06:45:00,Usine Nord,932.8
2026-08-28T07:00:00,Atelier Sud,169.4
2026-08-28T07:00:00,Siège Est,88.5
2026-08-28T07:00:00,Usine Nord,959.0
2026-08-28T07:15:00,Atelier Sud,181.9
2026-08-28T07:15:00,Siège Est,65.1
2026-08-28T07:15:00,Usine Nord,975.1
2026-08-28T07:30:00,Atelier Sud,194.7
2026-08-28T07:30:00,Siège Est,53.2
2026-08-28T07:30:00,Usine Nord,942.1
2026-08-28T07:45:00,Atelier Sud,190.8
2026-08-28T07:45:00,Siège Est,67.7
2026-08-28T07:45:00,Usine Nord,961.7
2026-08-28T08:00:00,Atelier Sud,247.8
2026-08-28T08:00:00,Siège Est,232.3
2026-08-28T08:00:00,Usine Nord,954.9
2026-08-28T08:15:00,Atelier Sud,234.0
2026-08-28T08:15:00,Siège Est,240.9
2026-08-28T08:15:00,Usine Nord,945.4
2026-08-28T08:30:00,Atelier Sud,291.6
2026-08-28T08:30:00,Siège Est,235.3
2026-08-28T08:30:00,Usine Nord,942.9
2026-08-28T08:45:00,Atelier Sud,271.9
2026-08-28T08:45:00,Siège Est,234.3
2026-08-28T08:45:00,Usine Nord,956.5
2026-08-28T09:00:00,Atelier Sud,269.5
2026-08-28T09:00:00,Siège Est,233.9
2026-08-28T09:00:00,Usine Nord,884.9
2026-08-28T09:15:00,Atelier Sud,280.3
2026-08-28T09:15:00,Siège Est,221.2
2026-08-28T09:15:00,Usine Nord,947.1
2026-08-28T09:30:00,Atelier Sud,267.6
2026-08-28T09:30:00,Siège Est,230.3
2026-08-28T09:30:00,Usine Nord,922.6
2026-08-28T09:45:00,Atelier Sud,308.4
2026-08-28T09:45:00,Siège Est,238.6
2026-08-28T09:45:00,Usine Nord,925.6
2026-08-28T10:00:00,Atelier Sud,337.5
2026-08-28T10:00:00,Siège Est,243.8
2026-08-28T10:00:00,Usine Nord,957.4
2026-08-28T10:15:00,Atelier Sud,283.6
2026-08-28T10:15:00,Siège Est,248.8
2026-08-28T10:15:00,Usine Nord,941.5
2026-08-28T10:30:00,Atelier Sud,318.9
2026-08-28T10:30:00,Siège Est,228.9
2026-08-28T10:30:00,Usine Nord,943.0
2026-08-28T10:45:00,Atelier Sud,336.5
2026-08-28T10:45:00,Siège Est,233.1
2026-08-28T10:45:00,Usine Nord,947.5
2026-08-28T11:00:00,Atelier Sud,341.7
2026-08-28T11:00:00,Siège Est,235.6
2026-08-28T11:00:00,Usine Nord,906.9
2026-08-28T11:15:00,Atelier Sud,362.2
2026-08-28T11:15:00,Siège Est,241.8
2026-08-28T11:15:00,Usine Nord,913.6
2026-08-28T11:30:00,Atelier Sud,372.3
2026-08-28T11:30:00,Siège Est,214.7
2026-08-28T11:30:00,Usine Nord,981.1
2026-08-28T11:45:00,Atelier Sud,380.5
2026-08-28T11:45:00,Siège Est,227.8
2026-08-28T11:45:00,Usine Nord,927.0
2026-08-28T12:00:00,Atelier Sud,367.3
2026-08-28T12:00:00,Siège Est,233.4
2026-08-28T12:00:00,Usine Nord,940.4
2026-08-28T12:15:00,Atelier Sud,305.6
2026-08-28T12:15:00,Siège Est,230.9
2026-08-28T12:15:00,Usine Nord,960.6
2026-08-28T12:30:00,Atelier Sud,304.2
2026-08-28T12:30:00,Siège Est,221.9
2026-08-28T12:30:00,Usine Nord,942.8
2026-08-28T12:45:00,Atelier Sud,360.3
2026-08-28T12:45:00,Siège Est,229.4
2026-08-28T12:45:00,Usine Nord,946.9
2026-08-28T13:00:00,Atelier Sud,320.4
2026-08-28T13:00:00,Siège Est,225.3
2026-08-28T13:00:00,Usine Nord,906.3
2026-08-28T13:15:00,Atelier Sud,294.0
2026-08-28T13:15:00,Siège Est,238.6
2026-08-28T13:15:00,Usine Nord,922.9
2026-08-28T13:30:00,Atelier Sud,323.1
2026-08-28T13:30:00,Siège Est,224.4
2026-08-28T13:30:00,Usine Nord,954.3
2026-08-28T13:45:00,Atelier Sud,325.4
2026-08-28T13:45:00,Siège Est,229.0
2026-08-28T13:45:00,Usine Nord,953.0
2026-08-28T14:00:00,Atelier Sud,325.5
2026-08-28T14:00:00,Siège Est,223.0
2026-08-28T14:00:00,Usine Nord,972.5
2026-08-28T14:15:00,Atelier Sud,320.1
2026-08-28T14:15:00,Siège Est,223.0
2026-08-28T14:15:00,Usine Nord,964.4
2026-08-28T14:30:00,Atelier Sud,277.8
2026-08-28T14:30:00,Siège Est,229.7
2026-08-28T14:30:00,Usine Nord,938.4
2026-08-28T14:45:00,Atelier Sud,282.0
2026-08-28T14:45:00,Siège Est,219.2
2026-08-28T14:45:00,Usine Nord,951.4
2026-08-28T15:00:00,Atelier Sud,267.2
2026-08-28T15:00:00,Siège Est,230.8
2026-08-28T15:00:00,Usine Nord,934.8
2026-08-28T15:15:00,Atelier Sud,287.6
2026-08-28T15:15:00,Siège Est,230.1
2026-08-28T15:15:00,Usine Nord,963.1
2026-08-28T15:30:00,Atelier Sud,241.9
2026-08-28T15:30:00,Siège Est,239.7
2026-08-28T15:30:00,Usine Nord,933.3
2026-08-28T15:45:00,Atelier Sud,256.4
2026-08-28T15:45:00,Siège Est,231.6
2026-08-28T15:45:00,Usine Nord,959.4
2026-08-28T16:00:00,Atelier Sud,183.1
2026-08-28T16:00:00,Siège Est,227.7
2026-08-28T16:00:00,Usine Nord,958.4
2026-08-28T16:15:00,Atelier Sud,218.1
2026-08-28T16:15:00,Siège Est,234.3
2026-08-28T16:15:00,Usine Nord,979.8
2026-08-28T16:30:00,Atelier Sud,160.3
2026-08-28T16:30:00,Siège Est,224.0
2026-08-28T16:30:00,Usine Nord,929.2
2026-08-28T16:45:00,Atelier Sud,156.6
2026-08-28T16:45:00,Siège Est,234.1
2026-08-28T16:45:00,Usine Nord,949.2
2026-08-28T17:00:00,Atelier Sud,126.9
2026-08-28T17:00:00,Siège Est,218.1
2026-08-28T17:00:00,Usine Nord,918.8
2026-08-28T17:15:00,Atelier Sud,118.3
2026-08-28T17:15:00,Siège Est,230.3
2026-08-28T17:15:00,Usine Nord,970.7
2026-08-28T17:30:00,Atelier Sud,105.1
2026-08-28T17:30:00,Siège Est,228.4
2026-08-28T17:30:00,Usine Nord,944.6
2026-08-28T17:45:00,Atelier Sud,95.2
2026-08-28T17:45:00,Siège Est,232.4
2026-08-28T17:45:00,Usine Nord,935.2
2026-08-28T18:00:00,Atelier Sud,89.6
2026-08-28T18:00:00,Siège Est,232.7
2026-08-28T18:00:00,Usine Nord,925.6
2026-08-28T18:15:00,Atelier Sud,80.9
2026-08-28T18:15:00,Siège Est,223.7
2026-08-28T18:15:00,Usine Nord,932.3
2026-08-28T18:30:00,Atelier Sud,52.0
2026-08-28T18:30:00,Siège Est,236.7
2026-08-28T18:30:00,Usine Nord,942.4
2026-08-28T18:45:00,Atelier Sud,80.7
2026-08-28T18:45:00,Siège Est,248.4
2026-08-28T18:45:00,Usine Nord,942.2
2026-08-28T19:00:00,Atelier Sud,35.3
2026-08-28T19:00:00,Siège Est,74.7
2026-08-28T19:00:00,Usine Nord,980.1
2026-08-28T19:15:00,Atelier Sud,75.4
2026-08-28T19:15:00,Siège Est,65.8
2026-08-28T19:15:00,Usine Nord,943.8
2026-08-28T19:30:00,Atelier Sud,69.9
2026-08-28T19:30:00,Siège Est,69.1
2026-08-28T19:30:00,Usine Nord,949.5
2026-08-28T19:45:00,Atelier Sud,59.1
2026-08-28T19:45:00,Siège Est,58.7
2026-08-28T19:45:00,Usine Nord,905.1
2026-08-28T20:00:00,Atelier Sud,87.6
2026-08-28T20:00:00,Siège Est,70.1
2026-08-28T20:00:00,Usine Nord,935.9
2026-08-28T20:15:00,Atelier Sud,71.5
2026-08-28T20:15:00,Siège Est,66.2
2026-08-28T20:15:00,Usine Nord,992.8
2026-08-28T20:30:00,Atelier Sud,73.1
2026-08-28T20:30:00,Siège Est,75.0
2026-08-28T20:30:00,Usine Nord,987.2
2026-08-28T20:45:00,Atelier Sud,59.1
2026-08-28T20:45:00,Siège Est,56.1
2026-08-28T20:45:00,Usine Nord,900.4
2026-08-28T21:00:00,Atelier Sud,79.2
2026-08-28T21:00:00,Siège Est,80.0
2026-08-28T21:00:00,Usine Nord,984.7
2026-08-28T21:15:00,Atelier Sud,61.0
2026-08-28T21:15:00,Siège Est,63.9
2026-08-28T21:15:00,Usine Nord,944.4
2026-08-28T21:30:00,Atelier Sud,53.2
2026-08-28T21:30:00,Siège Est,63.0
2026-08-28T21:30:00,Usine Nord,920.6
2026-08-28T21:45:00,Atelier Sud,66.1
2026-08-28T21:45:00,Siège Est,64.2
2026-08-28T21:45:00,Usine Nord,962.5
2026-08-28T22:00:00,Atelier Sud,82.0
2026-08-28T22:00:00,Siège Est,64.8
2026-08-28T22:00:00,Usine Nord,664.8
2026-08-28T22:15:00,Atelier Sud,63.6
2026-08-28T22:15:00,Siège Est,69.7
2026-08-28T22:15:00,Usine Nord,664.0
2026-08-28T22:30:00,Atelier Sud,97.3
2026-08-28T22:30:00,Siège Est,42.2
2026-08-28T22:30:00,Usine Nord,657.9
2026-08-28T22:45:00,Atelier Sud,66.9
2026-08-28T22:45:00,Siège Est,65.7
2026-08-28T22:45:00,Usine Nord,681.9
2026-08-28T23:00:00,Atelier Sud,85.4
2026-08-28T23:00:00,Siège Est,72.7
2026-08-28T23:00:00,Usine Nord,646.0
2026-08-28T23:15:00,Atelier Sud,79.6
2026-08-28T23:15:00,Siège Est,71.1
2026-08-28T23:15:00,Usine Nord,660.9
2026-08-28T23:30:00,Atelier Sud,89.0
2026-08-28T23:30:00,Siège Est,73.5
2026-08-28T23:30:00,Usine Nord,704.2
2026-08-28T23:45:00,Atelier Sud,64.2
2026-08-28T23:45:00,Siège Est,61.4
2026-08-28T23:45:00,Usine Nord,650.9
2026-08-29T00:00:00,Atelier Sud,82.4
2026-08-29T00:00:00,Siège Est,78.4
2026-08-29T00:00:00,Usine Nord,322.7
2026-08-29T00:15:00,Atelier Sud,88.3
2026-08-29T00:15:00,Siège Est,58.5
2026-08-29T00:15:00,Usine Nord,388.8
2026-08-29T00:30:00,Atelier Sud,56.6
2026-08-29T00:30:00,Siège Est,63.8
2026-08-29T00:30:00,Usine Nord,359.6
2026-08-29T00:45:00,Atelier Sud,61.1
2026-08-29T00:45:00,Siège Est,66.0
2026-08-29T00:45:00,Usine Nord,331.0
2026-08-29T01:00:00,Atelier Sud,46.0
2026-08-29T01:00:00,Siège Est,54.4
2026-08-29T01:00:00,Usine Nord,394.2
2026-08-29T01:15:00,Atelier Sud,65.6
2026-08-29T01:15:00,Siège Est,55.0
2026-08-29T01:15:00,Usine Nord,380.8
2026-08-29T01:30:00,Atelier Sud,57.3
2026-08-29T01:30:00,Siège Est,68.1
2026-08-29T01:30:00,Usine Nord,353.8
2026-08-29T01:45:00,Atelier Sud,86.3
2026-08-29T01:45:00,Siège Est,56.0
2026-08-29T01:45:00,Usine Nord,362.4
2026-08-29T02:00:00,Atelier Sud,47.1
2026-08-29T02:00:00,Siège Est,65.2
2026-08-29T02:00:00,Usine Nord,317.1
2026-08-29T02:15:00,Atelier Sud,55.1
2026-08-29T02:15:00,Siège Est,65.3
2026-08-29T02:15:00,Usine Nord,359.6
2026-08-29T02:30:00,Atelier Sud,45.0
2026-08-29T02:30:00,Siège Est,63.9
2026-08-29T02:30:00,Usine Nord,308.0
2026-08-29T02:45:00,Atelier Sud,49.7
2026-08-29T02:45:00,Siège Est,51.6
2026-08-29T02:45:00,Usine Nord,328.9
2026-08-29T03:00:00,Atelier Sud,80.3
2026-08-29T03:00:00,Siège Est,63.8
2026-08-29T03:00:00,Usine Nord,390.6
2026-08-29T03:15:00,Atelier Sud,57.8
2026-08-29T03:15:00,Siège Est,79.3
2026-08-29T03:15:00,Usine Nord,360.8
2026-08-29T03:30:00,Atelier Sud,63.3
2026-08-29T03:30:00,Siège Est,73.1
2026-08-29T03:30:00,Usine Nord,316.1
2026-08-29T03:45:00,Atelier Sud,88.8
2026-08-29T03:45:00,Siège Est,76.3
2026-08-29T03:45:00,Usine Nord,341.3
2026-08-29T04:00:00,Atelier Sud,82.0
2026-08-29T04:00:00,Siège Est,77.1
2026-08-29T04:00:00,Usine Nord,373.9
2026-08-29T04:15:00,Atelier Sud,75.7
2026-08-29T04:15:00,Siège Est,60.2
2026-08-29T04:15:00,Usine Nord,350.8
2026-08-29T04:30:00,Atelier Sud,76.3
2026-08-29T04:30:00,Siège Est,64.0
2026-08-29T04:30:00,Usine Nord,357.8
2026-08-29T04:45:00,Atelier Sud,71.7
2026-08-29T04:45:00,Siège Est,75.1
2026-08-29T04:45:00,Usine Nord,351.4
2026-08-29T05:00:00,Atelier Sud,102.6
2026-08-29T05:00:00,Siège Est,73.3
2026-08-29T05:00:00,Usine Nord,329.0
2026-08-29T05:15:00,Atelier Sud,84.3
2026-08-29T05:15:00,Siège Est,75.2
2026-08-29T05:15:00,Usine Nord,384.6
2026-08-29T05:30:00,Atelier Sud,79.3
2026-08-29T05:30:00,Siège Est,71.4
2026-08-29T05:30:00,Usine Nord,317.1
2026-08-29T05:45:00,Atelier Sud,85.4
2026-08-29T05:45:00,Siège Est,46.8
2026-08-29T05:45:00,Usine Nord,348.7
2026-08-29T06:00:00,Atelier Sud,89.2
2026-08-29T06:00:00,Siège Est,73.3
2026-08-29T06:00:00,Usine Nord,490.7
2026-08-29T06:15:00,Atelier Sud,79.0
2026-08-29T06:15:00,Siège Est,72.0
2026-08-29T06:15:00,Usine Nord,516.4
2026-08-29T06:30:00,Atelier Sud,77.6
2026-08-29T06:30:00,Siège Est,52.7
2026-08-29T06:30:00,Usine Nord,520.7
2026-08-29T06:45:00,Atelier Sud,68.6
2026-08-29T06:45:00,Siège Est,61.0
2026-08-29T06:45:00,Usine Nord,516.8
2026-08-29T07:00:00,Atelier Sud,89.5
2026-08-29T07:00:00,Siège Est,82.8
2026-08-29T07:00:00,Usine Nord,525.6
2026-08-29T07:15:00,Atelier Sud,67.9
2026-08-29T07:15:00,Siège Est,73.2
2026-08-29T07:15:00,Usine Nord,537.2
2026-08-29T07:30:00,Atelier Sud,92.3
2026-08-29T07:30:00,Siège Est,70.5
2026-08-29T07:30:00,Usine Nord,477.9
2026-08-29T07:45:00,Atelier Sud,66.6
2026-08-29T07:45:00,Siège Est,65.8
2026-08-29T07:45:00,Usine Nord,522.2
2026-08-29T08:00:00,Atelier Sud,64.0
2026-08-29T08:00:00,Siège Est,56.8
2026-08-29T08:00:00,Usine Nord,548.6
2026-08-29T08:15:00,Atelier Sud,48.4
2026-08-29T08:15:00,Siège Est,62.1
2026-08-29T08:15:00,Usine Nord,556.8
2026-08-29T08:30:00,Atelier Sud,41.2
2026-08-29T08:30:00,Siège Est,68.1
2026-08-29T08:30:00,Usine Nord,541.6
2026-08-29T08:45:00,Atelier Sud,15.2
2026-08-29T08:45:00,Siège Est,65.3
2026-08-29T08:45:00,Usine Nord,491.7
2026-08-29T09:00:00,Atelier Sud,81.7
2026-08-29T09:00:00,Siège Est,51.7
2026-08-29T09:00:00,Usine Nord,505.5
2026-08-29T09:15:00,Atelier Sud,50.0
2026-08-29T09:15:00,Siège Est,57.0
2026-08-29T09:15:00,Usine Nord,540.4
2026-08-29T09:30:00,Atelier Sud,68.2
2026-08-29T09:30:00,Siège Est,66.5
2026-08-29T09:30:00,Usine Nord,547.3
2026-08-29T09:45:00,Atelier Sud,15.0
2026-08-29T09:45:00,Siège Est,70.0
2026-08-29T09:45:00,Usine Nord,511.9
2026-08-29T10:00:00,Atelier Sud,69.7
2026-08-29T10:00:00,Siège Est,66.1
2026-08-29T10:00:00,Usine Nord,515.0
2026-08-29T10:15:00,Atelier Sud,15.0
2026-08-29T10:15:00,Siège Est,56.7
2026-08-29T10:15:00,Usine Nord,537.5
2026-08-29T10:30:00,Atelier Sud,50.8
2026-08-29T10:30:00,Siège Est,76.9
2026-08-29T10:30:00,Usine Nord,545.6
2026-08-29T10:45:00,Atelier Sud,15.0
2026-08-29T10:45:00,Siège Est,64.4
2026-08-29T10:45:00,Usine Nord,511.4
2026-08-29T11:00:00,Atelier Sud,31.5
2026-08-29T11:00:00,Siège Est,58.6
2026-08-29T11:00:00,Usine Nord,498.9
2026-08-29T11:15:00,Atelier Sud,48.4
2026-08-29T11:15:00,Siège Est,52.5
2026-08-29T11:15:00,Usine Nord,484.0
2026-08-29T11:30:00,Atelier Sud,24.8
2026-08-29T11:30:00,Siège Est,69.2
2026-08-29T11:30:00,Usine Nord,506.0
2026-08-29T11:45:00,Atelier Sud,50.0
2026-08-29T11:45:00,Siège Est,66.4
2026-08-29T11:45:00,Usine Nord,486.2
2026-08-29T12:00:00,Atelier Sud,31.1
2026-08-29T12:00:00,Siège Est,47.7
2026-08-29T12:00:00,Usine Nord,504.0
2026-08-29T12:15:00,Atelier Sud,15.0
2026-08-29T12:15:00,Siège Est,49.1
2026-08-29T12:15:00,Usine Nord,546.3
2026-08-29T12:30:00,Atelier Sud,29.9
2026-08-29T12:30:00,Siège Est,56.3
2026-08-29T12:30:00,Usine Nord,530.3
2026-08-29T12:45:00,Atelier Sud,15.0
2026-08-29T12:45:00,Siège Est,78.2
2026-08-29T12:45:00,Usine Nord,510.1
2026-08-29T13:00:00,Atelier Sud,15.0
2026-08-29T13:00:00,Siège Est,84.0
2026-08-29T13:00:00,Usine Nord,543.2
2026-08-29T13:15:00,Atelier Sud,15.0
2026-08-29T13:15:00,Siège Est,69.4
2026-08-29T13:15:00,Usine Nord,489.5
2026-08-29T13:30:00,Atelier Sud,15.0
2026-08-29T13:30:00,Siège Est,56.0
2026-08-29T13:30:00,Usine Nord,532.0
2026-08-29T13:45:00,Atelier Sud,41.8
2026-08-29T13:45:00,Siège Est,70.2
2026-08-29T13:45:00,Usine Nord,508.7
2026-08-29T14:00:00,Atelier Sud,42.2
2026-08-29T14:00:00,Siège Est,81.0
2026-08-29T14:00:00,Usine Nord,530.5
2026-08-29T14:15:00,Atelier Sud,73.3
2026-08-29T14:15:00,Siège Est,63.7
2026-08-29T14:15:00,Usine Nord,547.1
2026-08-29T14:30:00,Atelier Sud,29.7
2026-08-29T14:30:00,Siège Est,67.1
2026-08-29T14:30:00,Usine Nord,496.1
2026-08-29T14:45:00,Atelier Sud,15.0
2026-08-29T14:45:00,Siège Est,76.3
2026-08-29T14:45:00,Usine Nord,535.0
2026-08-29T15:00:00,Atelier Sud,42.1
2026-08-29T15:00:00,Siège Est,69.0
2026-08-29T15:00:00,Usine Nord,518.4
2026-08-29T15:15:00,Atelier Sud,53.8
2026-08-29T15:15:00,Siège Est,64.1
2026-08-29T15:15:00,Usine Nord,515.3
2026-08-29T15:30:00,Atelier Sud,19.7
2026-08-29T15:30:00,Siège Est,55.5
2026-08-29T15:30:00,Usine Nord,485.1
2026-08-29T15:45:00,Atelier Sud,60.2
2026-08-29T15:45:00,Siège Est,71.2
2026-08-29T15:45:00,Usine Nord,519.0
2026-08-29T16:00:00,Atelier Sud,54.1
2026-08-29T16:00:00,Siège Est,73.2
2026-08-29T16:00:00,Usine Nord,518.5
2026-08-29T16:15:00,Atelier Sud,27.4
2026-08-29T16:15:00,Siège Est,75.4
2026-08-29T16:15:00,Usine Nord,522.5
2026-08-29T16:30:00,Atelier Sud,49.6
2026-08-29T16:30:00,Siège Est,69.9
2026-08-29T16:30:00,Usine Nord,516.6
2026-08-29T16:45:00,Atelier Sud,72.0
2026-08-29T16:45:00,Siège Est,51.5
2026-08-29T16:45:00,Usine Nord,496.5
2026-08-29T17:00:00,Atelier Sud,60.8
2026-08-29T17:00:00,Siège Est,89.9
2026-08-29T17:00:00,Usine Nord,553.2
2026-08-29T17:15:00,Atelier Sud,53.7
2026-08-29T17:15:00,Siège Est,56.5
2026-08-29T17:15:00,Usine Nord,516.5
2026-08-29T17:30:00,Atelier Sud,43.6
2026-08-29T17:30:00,Siège Est,60.7
2026-08-29T17:30:00,Usine Nord,546.6
2026-08-29T17:45:00,Atelier Sud,56.0
2026-08-29T17:45:00,Siège Est,72.9
2026-08-29T17:45:00,Usine Nord,514.1
2026-08-29T18:00:00,Atelier Sud,24.7
2026-08-29T18:00:00,Siège Est,63.0
2026-08-29T18:00:00,Usine Nord,502.8
2026-08-29T18:15:00,Atelier Sud,96.0
2026-08-29T18:15:00,Siège Est,61.0
2026-08-29T18:15:00,Usine Nord,548.3
2026-08-29T18:30:00,Atelier Sud,55.7
2026-08-29T18:30:00,Siège Est,64.7
2026-08-29T18:30:00,Usine Nord,546.3
2026-08-29T18:45:00,Atelier Sud,73.3
2026-08-29T18:45:00,Siège Est,69.5
2026-08-29T18:45:00,Usine Nord,512.0
2026-08-29T19:00:00,Atelier Sud,77.6
2026-08-29T19:00:00,Siège Est,60.9
2026-08-29T19:00:00,Usine Nord,524.5
2026-08-29T19:15:00,Atelier Sud,82.0
2026-08-29T19:15:00,Siège Est,68.1
2026-08-29T19:15:00,Usine Nord,531.2
2026-08-29T19:30:00,Atelier Sud,69.3
2026-08-29T19:30:00,Siège Est,52.4
2026-08-29T19:30:00,Usine Nord,490.5
2026-08-29T19:45:00,Atelier Sud,62.1
2026-08-29T19:45:00,Siège Est,83.7
2026-08-29T19:45:00,Usine Nord,509.8
2026-08-29T20:00:00,Atelier Sud,87.9
2026-08-29T20:00:00,Siège Est,68.1
2026-08-29T20:00:00,Usine Nord,476.1
2026-08-29T20:15:00,Atelier Sud,94.8
2026-08-29T20:15:00,Siège Est,63.0
2026-08-29T20:15:00,Usine Nord,541.7
2026-08-29T20:30:00,Atelier Sud,57.3
2026-08-29T20:30:00,Siège Est,68.0
2026-08-29T20:30:00,Usine Nord,478.5
2026-08-29T20:45:00,Atelier Sud,77.8
2026-08-29T20:45:00,Siège Est,83.2
2026-08-29T20:45:00,Usine Nord,516.4
2026-08-29T21:00:00,Atelier Sud,78.7
2026-08-29T21:00:00,Siège Est,50.8
2026-08-29T21:00:00,Usine Nord,491.6
2026-08-29T21:15:00,Atelier Sud,63.3
2026-08-29T21:15:00,Siège Est,71.1
2026-08-29T21:15:00,Usine Nord,518.6
2026-08-29T21:30:00,Atelier Sud,78.0
2026-08-29T21:30:00,Siège Est,61.0
2026-08-29T21:30:00,Usine Nord,515.3
2026-08-29T21:45:00,Atelier Sud,77.0
2026-08-29T21:45:00,Siège Est,65.8
2026-08-29T21:45:00,Usine Nord,509.5
2026-08-29T22:00:00,Atelier Sud,59.1
2026-08-29T22:00:00,Siège Est,81.4
2026-08-29T22:00:00,Usine Nord,365.5
2026-08-29T22:15:00,Atelier Sud,70.5
2026-08-29T22:15:00,Siège Est,73.0
2026-08-29T22:15:00,Usine Nord,347.3
2026-08-29T22:30:00,Atelier Sud,68.2
2026-08-29T22:30:00,Siège Est,58.7
2026-08-29T22:30:00,Usine Nord,373.5
2026-08-29T22:45:00,Atelier Sud,66.4
2026-08-29T22:45:00,Siège Est,70.2
2026-08-29T22:45:00,Usine Nord,360.8
2026-08-29T23:00:00,Atelier Sud,78.6
2026-08-29T23:00:00,Siège Est,69.2
2026-08-29T23:00:00,Usine Nord,330.4
2026-08-29T23:15:00,Atelier Sud,81.1
2026-08-29T23:15:00,Siège Est,64.6
2026-08-29T23:15:00,Usine Nord,347.6
2026-08-29T23:30:00,Atelier Sud,94.8
2026-08-29T23:30:00,Siège Est,89.8
2026-08-29T23:30:00,Usine Nord,355.7
2026-08-29T23:45:00,Atelier Sud,41.4
2026-08-29T23:45:00,Siège Est,63.4
2026-08-29T23:45:00,Usine Nord,372.3
2026-08-30T00:00:00,Atelier Sud,57.1
2026-08-30T00:00:00,Siège Est,57.5
2026-08-30T00:00:00,Usine Nord,381.6
2026-08-30T00:15:00,Atelier Sud,65.4
2026-08-30T00:15:00,Siège Est,68.7
2026-08-30T00:15:00,Usine Nord,350.2
2026-08-30T00:30:00,Atelier Sud,74.1
2026-08-30T00:30:00,Siège Est,56.7
2026-08-30T00:30:00,Usine Nord,361.5
2026-08-30T00:45:00,Atelier Sud,84.8
2026-08-30T00:45:00,Siège Est,66.4
2026-08-30T00:45:00,Usine Nord,354.3
2026-08-30T01:00:00,Atelier Sud,42.8
2026-08-30T01:00:00,Siège Est,58.2
2026-08-30T01:00:00,Usine Nord,361.6
2026-08-30T01:15:00,Atelier Sud,72.0
2026-08-30T01:15:00,Siège Est,58.6
2026-08-30T01:15:00,Usine Nord,332.7
2026-08-30T01:30:00,Atelier Sud,41.9
2026-08-30T01:30:00,Siège Est,69.5
2026-08-30T01:30:00,Usine Nord,340.9
2026-08-30T01:45:00,Atelier Sud,90.1
2026-08-30T01:45:00,Siège Est,95.8
2026-08-30T01:45:00,Usine Nord,372.3
2026-08-30T02:00:00,Atelier Sud,72.7
2026-08-30T02:00:00,Siège Est,74.3
2026-08-30T02:00:00,Usine Nord,382.4
2026-08-30T02:15:00,Atelier Sud,63.6
2026-08-30T02:15:00,Siège Est,60.4
2026-08-30T02:15:00,Usine Nord,361.0
2026-08-30T02:30:00,Atelier Sud,57.5
2026-08-30T02:30:00,Siège Est,75.6
2026-08-30T02:30:00,Usine Nord,349.0
2026-08-30T02:45:00,Atelier Sud,62.0
2026-08-30T02:45:00,Siège Est,65.6
2026-08-30T02:45:00,Usine Nord,365.4
2026-08-30T03:00:00,Atelier Sud,69.9
2026-08-30T03:00:00,Siège Est,75.1
2026-08-30T03:00:00,Usine Nord,340.6
2026-08-30T03:15:00,Atelier Sud,69.6
2026-08-30T03:15:00,Siège Est,61.3
2026-08-30T03:15:00,Usine Nord,392.3
2026-08-30T03:30:00,Atelier Sud,57.8
2026-08-30T03:30:00,Siège Est,68.4
2026-08-30T03:30:00,Usine Nord,325.2
2026-08-30T03:45:00,Atelier Sud,65.4
2026-08-30T03:45:00,Siège Est,72.6
2026-08-30T03:45:00,Usine Nord,360.6
2026-08-30T04:00:00,Atelier Sud,87.1
2026-08-30T04:00:00,Siège Est,61.8
2026-08-30T04:00:00,Usine Nord,380.9
2026-08-30T04:15:00,Atelier Sud,85.9
2026-08-30T04:15:00,Siège Est,62.7
2026-08-30T04:15:00,Usine Nord,347.1
2026-08-30T04:30:00,Atelier Sud,63.3
2026-08-30T04:30:00,Siège Est,59.9
2026-08-30T04:30:00,Usine Nord,335.1
2026-08-30T04:45:00,Atelier Sud,56.5
2026-08-30T04:45:00,Siège Est,67.0
2026-08-30T04:45:00,Usine Nord,343.6
2026-08-30T05:00:00,Atelier Sud,60.1
2026-08-30T05:00:00,Siège Est,55.4
2026-08-30T05:00:00,Usine Nord,359.8
2026-08-30T05:15:00,Atelier Sud,93.6
2026-08-30T05:15:00,Siège Est,77.0
2026-08-30T05:15:00,Usine Nord,379.4
2026-08-30T05:30:00,Atelier Sud,91.8
2026-08-30T05:30:00,Siège Est,77.8
2026-08-30T05:30:00,Usine Nord,354.7
2026-08-30T05:45:00,Atelier Sud,57.1
2026-08-30T05:45:00,Siège Est,62.5
2026-08-30T05:45:00,Usine Nord,365.3
2026-08-30T06:00:00,Atelier Sud,69.2
2026-08-30T06:00:00,Siège Est,58.0
2026-08-30T06:00:00,Usine Nord,537.4
2026-08-30T06:15:00,Atelier Sud,86.8
2026-08-30T06:15:00,Siège Est,66.6
2026-08-30T06:15:00,Usine Nord,527.9
2026-08-30T06:30:00,Atelier Sud,75.0
2026-08-30T06:30:00,Siège Est,55.9
2026-08-30T06:30:00,Usine Nord,534.5
2026-08-30T06:45:00,Atelier Sud,76.9
2026-08-30T06:45:00,Siège Est,65.4
2026-08-30T06:45:00,Usine Nord,532.7
2026-08-30T07:00:00,Atelier Sud,57.5
2026-08-30T07:00:00,Siège Est,66.5
2026-08-30T07:00:00,Usine Nord,535.9
2026-08-30T07:15:00,Atelier Sud,81.7
2026-08-30T07:15:00,Siège Est,60.8
2026-08-30T07:15:00,Usine Nord,503.9
2026-08-30T07:30:00,Atelier Sud,92.6
2026-08-30T07:30:00,Siège Est,62.4
2026-08-30T07:30:00,Usine Nord,508.4
2026-08-30T07:45:00,Atelier Sud,69.1
2026-08-30T07:45:00,Siège Est,76.6
2026-08-30T07:45:00,Usine Nord,506.1
2026-08-30T08:00:00,Atelier Sud,59.8
2026-08-30T08:00:00,Siège Est,63.9
2026-08-30T08:00:00,Usine Nord,562.8
2026-08-30T08:15:00,Atelier Sud,58.5
2026-08-30T08:15:00,Siège Est,83.8
2026-08-30T08:15:00,Usine Nord,517.6
2026-08-30T08:30:00,Atelier Sud,87.3
2026-08-30T08:30:00,Siège Est,70.8
2026-08-30T08:30:00,Usine Nord,512.4
2026-08-30T08:45:00,Atelier Sud,53.4
2026-08-30T08:45:00,Siège Est,58.8
2026-08-30T08:45:00,Usine Nord,546.9
2026-08-30T09:00:00,Atelier Sud,35.7
2026-08-30T09:00:00,Siège Est,68.7
2026-08-30T09:00:00,Usine Nord,532.6
2026-08-30T09:15:00,Atelier Sud,45.5
2026-08-30T09:15:00,Siège Est,89.1
2026-08-30T09:15:00,Usine Nord,513.7
2026-08-30T09:30:00,Atelier Sud,51.0
2026-08-30T09:30:00,Siège Est,67.5
2026-08-30T09:30:00,Usine Nord,545.7
2026-08-30T09:45:00,Atelier Sud,35.2
2026-08-30T09:45:00,Siège Est,72.5
2026-08-30T09:45:00,Usine Nord,502.2
2026-08-30T10:00:00,Atelier Sud,42.3
2026-08-30T10:00:00,Siège Est,79.6
2026-08-30T10:00:00,Usine Nord,498.1
2026-08-30T10:15:00,Atelier Sud,27.9
2026-08-30T10:15:00,Siège Est,60.5
2026-08-30T10:15:00,Usine Nord,503.6
2026-08-30T10:30:00,Atelier Sud,51.0
2026-08-30T10:30:00,Siège Est,68.7
2026-08-30T10:30:00,Usine Nord,550.6
2026-08-30T10:45:00,Atelier Sud,15.0
2026-08-30T10:45:00,Siège Est,60.1
2026-08-30T10:45:00,Usine Nord,521.4
2026-08-30T11:00:00,Atelier Sud,57.2
2026-08-30T11:00:00,Siège Est,62.2
2026-08-30T11:00:00,Usine Nord,547.0
2026-08-30T11:15:00,Atelier Sud,15.0
2026-08-30T11:15:00,Siège Est,65.3
2026-08-30T11:15:00,Usine Nord,497.2
2026-08-30T11:30:00,Atelier Sud,15.0
2026-08-30T11:30:00,Siège Est,57.8
2026-08-30T11:30:00,Usine Nord,482.7
2026-08-30T11:45:00,Atelier Sud,15.0
2026-08-30T11:45:00,Siège Est,64.2
2026-08-30T11:45:00,Usine Nord,527.3
2026-08-30T12:00:00,Atelier Sud,34.5
2026-08-30T12:00:00,Siège Est,72.7
2026-08-30T12:00:00,Usine Nord,514.9
2026-08-30T12:15:00,Atelier Sud,15.0
2026-08-30T12:15:00,Siège Est,69.8
2026-08-30T12:15:00,Usine Nord,480.1
2026-08-30T12:30:00,Atelier Sud,15.0
2026-08-30T12:30:00,Siège Est,55.3
2026-08-30T12:30:00,Usine Nord,526.4
2026-08-30T12:45:00,Atelier Sud,50.9
2026-08-30T12:45:00,Siège Est,65.8
2026-08-30T12:45:00,Usine Nord,565.6
2026-08-30T13:00:00,Atelier Sud,49.5
2026-08-30T13:00:00,Siège Est,77.9
2026-08-30T13:00:00,Usine Nord,526.8
2026-08-30T13:15:00,Atelier Sud,53.2
2026-08-30T13:15:00,Siège Est,69.9
2026-08-30T13:15:00,Usine Nord,491.8
2026-08-30T13:30:00,Atelier Sud,18.2
2026-08-30T13:30:00,Siège Est,64.0
2026-08-30T13:30:00,Usine Nord,506.4
2026-08-30T13:45:00,Atelier Sud,36.2
2026-08-30T13:45:00,Siège Est,64.6
2026-08-30T13:45:00,Usine Nord,765.6
2026-08-30T14:00:00,Atelier Sud,44.7
2026-08-30T14:00:00,Siège Est,63.5
2026-08-30T14:00:00,Usine Nord,478.7
2026-08-30T14:15:00,Atelier Sud,15.0
2026-08-30T14:15:00,Siège Est,56.5
2026-08-30T14:15:00,Usine Nord,499.3
2026-08-30T14:30:00,Atelier Sud,48.9
2026-08-30T14:30:00,Siège Est,69.1
2026-08-30T14:30:00,Usine Nord,497.4
2026-08-30T14:45:00,Atelier Sud,48.2
2026-08-30T14:45:00,Siège Est,60.2
2026-08-30T14:45:00,Usine Nord,511.2
2026-08-30T15:00:00,Atelier Sud,41.9
2026-08-30T15:00:00,Siège Est,64.0
2026-08-30T15:00:00,Usine Nord,510.4
2026-08-30T15:15:00,Atelier Sud,61.0
2026-08-30T15:15:00,Siège Est,60.7
2026-08-30T15:15:00,Usine Nord,524.1
2026-08-30T15:30:00,Atelier Sud,21.4
2026-08-30T15:30:00,Siège Est,71.6
2026-08-30T15:30:00,Usine Nord,531.7
2026-08-30T15:45:00,Atelier Sud,29.6
2026-08-30T15:45:00,Siège Est,56.9
2026-08-30T15:45:00,Usine Nord,530.5
2026-08-30T16:00:00,Atelier Sud,64.6
2026-08-30T16:00:00,Siège Est,71.9
2026-08-30T16:00:00,Usine Nord,521.6
2026-08-30T16:15:00,Atelier Sud,20.0
2026-08-30T16:15:00,Siège Est,63.9
2026-08-30T16:15:00,Usine Nord,501.9
2026-08-30T16:30:00,Atelier Sud,24.6
2026-08-30T16:30:00,Siège Est,58.0
2026-08-30T16:30:00,Usine Nord,523.9
2026-08-30T16:45:00,Atelier Sud,54.1
2026-08-30T16:45:00,Siège Est,52.0
2026-08-30T16:45:00,Usine Nord,525.9
2026-08-30T17:00:00,Atelier Sud,56.7
2026-08-30T17:00:00,Siège Est,74.6
2026-08-30T17:00:00,Usine Nord,595.2
2026-08-30T17:15:00,Atelier Sud,62.6
2026-08-30T17:15:00,Siège Est,60.0
2026-08-30T17:15:00,Usine Nord,513.9
2026-08-30T17:30:00,Atelier Sud,64.7
2026-08-30T17:30:00,Siège Est,57.8
2026-08-30T17:30:00,Usine Nord,528.4
2026-08-30T17:45:00,Atelier Sud,79.3
2026-08-30T17:45:00,Siège Est,67.6
2026-08-30T17:45:00,Usine Nord,536.6
2026-08-30T18:00:00,Atelier Sud,51.2
2026-08-30T18:00:00,Siège Est,67.8
2026-08-30T18:00:00,Usine Nord,538.0
2026-08-30T18:15:00,Atelier Sud,77.5
2026-08-30T18:15:00,Siège Est,69.6
2026-08-30T18:15:00,Usine Nord,477.5
2026-08-30T18:30:00,Atelier Sud,64.2
2026-08-30T18:30:00,Siège Est,53.9
2026-08-30T18:30:00,Usine Nord,516.8
2026-08-30T18:45:00,Atelier Sud,75.7
2026-08-30T18:45:00,Siège Est,71.0
2026-08-30T18:45:00,Usine Nord,489.2
2026-08-30T19:00:00,Atelier Sud,69.0
2026-08-30T19:00:00,Siège Est,70.3
2026-08-30T19:00:00,Usine Nord,540.5
2026-08-30T19:15:00,Atelier Sud,65.3
2026-08-30T19:15:00,Siège Est,74.3
2026-08-30T19:15:00,Usine Nord,488.3
2026-08-30T19:30:00,Atelier Sud,77.6
2026-08-30T19:30:00,Siège Est,54.8
2026-08-30T19:30:00,Usine Nord,479.3
2026-08-30T19:45:00,Atelier Sud,85.1
2026-08-30T19:45:00,Siège Est,73.0
2026-08-30T19:45:00,Usine Nord,500.9
2026-08-30T20:00:00,Atelier Sud,63.3
2026-08-30T20:00:00,Siège Est,73.0
2026-08-30T20:00:00,Usine Nord,561.5
2026-08-30T20:15:00,Atelier Sud,75.9
2026-08-30T20:15:00,Siège Est,68.2
2026-08-30T20:15:00,Usine Nord,542.3
2026-08-30T20:30:00,Atelier Sud,86.8
2026-08-30T20:30:00,Siège Est,72.2
2026-08-30T20:30:00,Usine Nord,543.5
2026-08-30T20:45:00,Atelier Sud,62.5
2026-08-30T20:45:00,Siège Est,58.2
2026-08-30T20:45:00,Usine Nord,508.1
2026-08-30T21:00:00,Atelier Sud,81.1
2026-08-30T21:00:00,Siège Est,67.1
2026-08-30T21:00:00,Usine Nord,528.8
2026-08-30T21:15:00,Atelier Sud,79.5
2026-08-30T21:15:00,Siège Est,61.3
2026-08-30T21:15:00,Usine Nord,500.7
2026-08-30T21:30:00,Atelier Sud,51.9
2026-08-30T21:30:00,Siège Est,71.2
2026-08-30T21:30:00,Usine Nord,516.9
2026-08-30T21:45:00,Atelier Sud,54.1
2026-08-30T21:45:00,Siège Est,70.8
2026-08-30T21:45:00,Usine Nord,545.6
2026-08-30T22:00:00,Atelier Sud,62.1
2026-08-30T22:00:00,Siège Est,60.7
2026-08-30T22:00:00,Usine Nord,379.0
2026-08-30T22:15:00,Atelier Sud,62.2
2026-08-30T22:15:00,Siège Est,60.3
2026-08-30T22:15:00,Usine Nord,353.1
2026-08-30T22:30:00,Atelier Sud,89.3
2026-08-30T22:30:00,Siège Est,66.9
2026-08-30T22:30:00,Usine Nord,336.5
2026-08-30T22:45:00,Atelier Sud,54.8
2026-08-30T22:45:00,Siège Est,66.4
2026-08-30T22:45:00,Usine Nord,344.7
2026-08-30T23:00:00,Atelier Sud,88.4
2026-08-30T23:00:00,Siège Est,78.6
2026-08-30T23:00:00,Usine Nord,320.1
2026-08-30T23:15:00,Atelier Sud,56.4
2026-08-30T23:15:00,Siège Est,81.8
2026-08-30T23:15:00,Usine Nord,318.6
2026-08-30T23:30:00,Atelier Sud,49.9
2026-08-30T23:30:00,Siège Est,77.4
2026-08-30T23:30:00,Usine Nord,346.4
2026-08-30T23:45:00,Atelier Sud,62.5
2026-08-30T23:45:00,Siège Est,60.6
2026-08-30T23:45:00,Usine Nord,364.6
2026-08-31T00:00:00,Atelier Sud,56.6
2026-08-31T00:00:00,Siège Est,58.7
2026-08-31T00:00:00,Usine Nord,673.0
2026-08-31T00:15:00,Atelier Sud,66.6
2026-08-31T00:15:00,Siège Est,74.7
2026-08-31T00:15:00,Usine Nord,683.9
2026-08-31T00:30:00,Atelier Sud,73.0
2026-08-31T00:30:00,Siège Est,68.8
2026-08-31T00:30:00,Usine Nord,645.8
2026-08-31T00:45:00,Atelier Sud,52.6
2026-08-31T00:45:00,Siège Est,61.5
2026-08-31T00:45:00,Usine Nord,662.5
2026-08-31T01:00:00,Atelier Sud,64.2
2026-08-31T01:00:00,Siège Est,71.1
2026-08-31T01:00:00,Usine Nord,606.1
2026-08-31T01:15:00,Atelier Sud,84.0
2026-08-31T01:15:00,Siège Est,59.6
2026-08-31T01:15:00,Usine Nord,659.6
2026-08-31T01:30:00,Atelier Sud,60.0
2026-08-31T01:30:00,Siège Est,59.8
2026-08-31T01:30:00,Usine Nord,700.9
2026-08-31T01:45:00,Atelier Sud,97.5
2026-08-31T01:45:00,Siège Est,91.8
2026-08-31T01:45:00,Usine Nord,662.6
2026-08-31T02:00:00,Atelier Sud,67.6
2026-08-31T02:00:00,Siège Est,56.7
2026-08-31T02:00:00,Usine Nord,681.1
2026-08-31T02:15:00,Atelier Sud,56.4
2026-08-31T02:15:00,Siège Est,69.4
2026-08-31T02:15:00,Usine Nord,665.9
2026-08-31T02:30:00,Atelier Sud,94.8
2026-08-31T02:30:00,Siège Est,55.3
2026-08-31T02:30:00,Usine Nord,666.9
2026-08-31T02:45:00,Atelier Sud,55.7
2026-08-31T02:45:00,Siège Est,70.1
2026-08-31T02:45:00,Usine Nord,673.2
2026-08-31T03:00:00,Atelier Sud,80.0
2026-08-31T03:00:00,Siège Est,67.2
2026-08-31T03:00:00,Usine Nord,622.5
2026-08-31T03:15:00,Atelier Sud,85.7
2026-08-31T03:15:00,Siège Est,63.8
2026-08-31T03:15:00,Usine Nord,638.1
2026-08-31T03:30:00,Atelier Sud,87.7
2026-08-31T03:30:00,Siège Est,64.3
2026-08-31T03:30:00,Usine Nord,678.6
2026-08-31T03:45:00,Atelier Sud,67.1
2026-08-31T03:45:00,Siège Est,53.7
2026-08-31T03:45:00,Usine Nord,633.1
2026-08-31T04:00:00,Atelier Sud,49.7
2026-08-31T04:00:00,Siège Est,57.7
2026-08-31T04:00:00,Usine Nord,675.6
2026-08-31T04:15:00,Atelier Sud,81.7
2026-08-31T04:15:00,Siège Est,79.2
2026-08-31T04:15:00,Usine Nord,632.0
2026-08-31T04:30:00,Atelier Sud,70.0
2026-08-31T04:30:00,Siège Est,59.5
2026-08-31T04:30:00,Usine Nord,642.1
2026-08-31T04:45:00,Atelier Sud,49.5
2026-08-31T04:45:00,Siège Est,68.8
2026-08-31T04:45:00,Usine Nord,631.1
2026-08-31T05:00:00,Atelier Sud,73.8
2026-08-31T05:00:00,Siège Est,62.1
2026-08-31T05:00:00,Usine Nord,669.2
2026-08-31T05:15:00,Atelier Sud,57.2
2026-08-31T05:15:00,Siège Est,74.9
2026-08-31T05:15:00,Usine Nord,655.3
2026-08-31T05:30:00,Atelier Sud,73.9
2026-08-31T05:30:00,Siège Est,63.6
2026-08-31T05:30:00,Usine Nord,600.9
2026-08-31T05:45:00,Atelier Sud,67.0
2026-08-31T05:45:00,Siège Est,63.3
2026-08-31T05:45:00,Usine Nord,622.2
2026-08-31T06:00:00,Atelier Sud,81.6
2026-08-31T06:00:00,Siège Est,82.6
2026-08-31T06:00:00,Usine Nord,924.7
2026-08-31T06:15:00,Atelier Sud,98.6
2026-08-31T06:15:00,Siège Est,46.2
2026-08-31T06:15:00,Usine Nord,960.8
2026-08-31T06:30:00,Atelier Sud,104.3
2026-08-31T06:30:00,Siège Est,64.3
2026-08-31T06:30:00,Usine Nord,957.3
2026-08-31T06:45:00,Atelier Sud,153.7
2026-08-31T06:45:00,Siège Est,73.4
2026-08-31T06:45:00,Usine Nord,908.9
2026-08-31T07:00:00,Atelier Sud,175.7
2026-08-31T07:00:00,Siège Est,73.9
2026-08-31T07:00:00,Usine Nord,960.9
2026-08-31T07:15:00,Atelier Sud,209.9
2026-08-31T07:15:00,Siège Est,85.9
2026-08-31T07:15:00,Usine Nord,975.1
2026-08-31T07:30:00,Atelier Sud,204.4
2026-08-31T07:30:00,Siège Est,56.5
2026-08-31T07:30:00,Usine Nord,952.3
2026-08-31T07:45:00,Atelier Sud,210.8
2026-08-31T07:45:00,Siège Est,68.0
2026-08-31T07:45:00,Usine Nord,962.5
2026-08-31T08:00:00,Atelier Sud,241.9
2026-08-31T08:00:00,Siège Est,223.6
2026-08-31T08:00:00,Usine Nord,1031.6
2026-08-31T08:15:00,Atelier Sud,228.7
2026-08-31T08:15:00,Siège Est,221.5
2026-08-31T08:15:00,Usine Nord,948.8
2026-08-31T08:30:00,Atelier Sud,264.9
2026-08-31T08:30:00,Siège Est,234.9
2026-08-31T08:30:00,Usine Nord,940.8
2026-08-31T08:45:00,Atelier Sud,248.9
2026-08-31T08:45:00,Siège Est,236.3
2026-08-31T08:45:00,Usine Nord,961.1
2026-08-31T09:00:00,Atelier Sud,307.5
2026-08-31T09:00:00,Siège Est,231.1
2026-08-31T09:00:00,Usine Nord,947.6
2026-08-31T09:15:00,Atelier Sud,303.4
2026-08-31T09:15:00,Siège Est,219.8
2026-08-31T09:15:00,Usine Nord,924.5
2026-08-31T09:30:00,Atelier Sud,264.0
2026-08-31T09:30:00,Siège Est,231.8
2026-08-31T09:30:00,Usine Nord,942.4
2026-08-31T09:45:00,Atelier Sud,329.2
2026-08-31T09:45:00,Siège Est,225.8
2026-08-31T09:45:00,Usine Nord,924.0
2026-08-31T10:00:00,Atelier Sud,351.8
2026-08-31T10:00:00,Siège Est,230.3
2026-08-31T10:00:00,Usine Nord,986.7
2026-08-31T10:15:00,Atelier Sud,339.5
2026-08-31T10:15:00,Siège Est,230.1
2026-08-31T10:15:00,Usine Nord,923.6
2026-08-31T10:30:00,Atelier Sud,349.7
2026-08-31T10:30:00,Siège Est,235.9
2026-08-31T10:30:00,Usine Nord,988.7
2026-08-31T10:45:00,Atelier Sud,363.0
2026-08-31T10:45:00,Siège Est,222.4
2026-08-31T10:45:00,Usine Nord,934.8
2026-08-31T11:00:00,Atelier Sud,364.5
2026-08-31T11:00:00,Siège Est,214.9
2026-08-31T11:00:00,Usine Nord,918.8
2026-08-31T11:15:00,Atelier Sud,378.1
2026-08-31T11:15:00,Siège Est,229.0
2026-08-31T11:15:00,Usine Nord,942.9
2026-08-31T11:30:00,Atelier Sud,325.2
2026-08-31T11:30:00,Siège Est,234.0
2026-08-31T11:30:00,Usine Nord,985.5
2026-08-31T11:45:00,Atelier Sud,342.1
2026-08-31T11:45:00,Siège Est,236.3
2026-08-31T11:45:00,Usine Nord,952.7
2026-08-31T12:00:00,Atelier Sud,354.1
2026-08-31T12:00:00,Siège Est,225.7
2026-08-31T12:00:00,Usine Nord,985.0
2026-08-31T12:15:00,Atelier Sud,314.3
2026-08-31T12:15:00,Siège Est,215.5
2026-08-31T12:15:00,Usine Nord,968.3
2026-08-31T12:30:00,Atelier Sud,321.0
2026-08-31T12:30:00,Siège Est,211.9
2026-08-31T12:30:00,Usine Nord,957.0
2026-08-31T12:45:00,Atelier Sud,366.3
2026-08-31T12:45:00,Siège Est,227.1
2026-08-31T12:45:00,Usine Nord,935.7
2026-08-31T13:00:00,Atelier Sud,364.0
2026-08-31T13:00:00,Siège Est,229.2
2026-08-31T13:00:00,Usine Nord,968.5
2026-08-31T13:15:00,Atelier Sud,273.5
2026-08-31T13:15:00,Siège Est,221.7
2026-08-31T13:15:00,Usine Nord,952.6
2026-08-31T13:30:00,Atelier Sud,318.0
2026-08-31T13:30:00,Siège Est,219.6
2026-08-31T13:30:00,Usine Nord,938.3
2026-08-31T13:45:00,Atelier Sud,301.5
2026-08-31T13:45:00,Siège Est,233.1
2026-08-31T13:45:00,Usine Nord,947.6
2026-08-31T14:00:00,Atelier Sud,291.6
2026-08-31T14:00:00,Siège Est,214.8
2026-08-31T14:00:00,Usine Nord,964.9
2026-08-31T14:15:00,Atelier Sud,332.0
2026-08-31T14:15:00,Siège Est,234.9
2026-08-31T14:15:00,Usine Nord,956.7
2026-08-31T14:30:00,Atelier Sud,286.5
2026-08-31T14:30:00,Siège Est,243.9
2026-08-31T14:30:00,Usine Nord,977.4
2026-08-31T14:45:00,Atelier Sud,294.7
2026-08-31T14:45:00,Siège Est,231.5
2026-08-31T14:45:00,Usine Nord,999.3
2026-08-31T15:00:00,Atelier Sud,228.8
2026-08-31T15:00:00,Siège Est,216.3
2026-08-31T15:00:00,Usine Nord,964.3
2026-08-31T15:15:00,Atelier Sud,216.3
2026-08-31T15:15:00,Siège Est,235.5
2026-08-31T15:15:00,Usine Nord,967.8
2026-08-31T15:30:00,Atelier Sud,185.6
2026-08-31T15:30:00,Siège Est,221.2
2026-08-31T15:30:00,Usine Nord,966.0
2026-08-31T15:45:00,Atelier Sud,213.8
2026-08-31T15:45:00,Siège Est,222.7
2026-08-31T15:45:00,Usine Nord,962.1
2026-08-31T16:00:00,Atelier Sud,190.7
2026-08-31T16:00:00,Siège Est,228.1
2026-08-31T16:00:00,Usine Nord,947.3
2026-08-31T16:15:00,Atelier Sud,212.3
2026-08-31T16:15:00,Siège Est,223.1
2026-08-31T16:15:00,Usine Nord,936.3
2026-08-31T16:30:00,Atelier Sud,145.3
2026-08-31T16:30:00,Siège Est,223.4
2026-08-31T16:30:00,Usine Nord,939.8
2026-08-31T16:45:00,Atelier Sud,158.8
2026-08-31T16:45:00,Siège Est,198.9
2026-08-31T16:45:00,Usine Nord,929.6
2026-08-31T17:00:00,Atelier Sud,163.7
2026-08-31T17:00:00,Siège Est,225.2
2026-08-31T17:00:00,Usine Nord,965.6
2026-08-31T17:15:00,Atelier Sud,128.7
2026-08-31T17:15:00,Siège Est,235.8
2026-08-31T17:15:00,Usine Nord,921.1
2026-08-31T17:30:00,Atelier Sud,75.8
2026-08-31T17:30:00,Siège Est,221.9
2026-08-31T17:30:00,Usine Nord,947.6
2026-08-31T17:45:00,Atelier Sud,73.1
2026-08-31T17:45:00,Siège Est,218.6
2026-08-31T17:45:00,Usine Nord,931.1
2026-08-31T18:00:00,Atelier Sud,81.6
2026-08-31T18:00:00,Siège Est,210.5
2026-08-31T18:00:00,Usine Nord,932.1
2026-08-31T18:15:00,Atelier Sud,68.1
2026-08-31T18:15:00,Siège Est,225.8
2026-08-31T18:15:00,Usine Nord,965.3
2026-08-31T18:30:00,Atelier Sud,40.8
2026-08-31T18:30:00,Siège Est,222.4
2026-08-31T18:30:00,Usine Nord,953.8
2026-08-31T18:45:00,Atelier Sud,76.0
2026-08-31T18:45:00,Siège Est,223.9
2026-08-31T18:45:00,Usine Nord,970.7
2026-08-31T19:00:00,Atelier Sud,56.8
2026-08-31T19:00:00,Siège Est,66.4
2026-08-31T19:00:00,Usine Nord,930.3
2026-08-31T19:15:00,Atelier Sud,86.3
2026-08-31T19:15:00,Siège Est,67.0
2026-08-31T19:15:00,Usine Nord,938.0
2026-08-31T19:30:00,Atelier Sud,81.4
2026-08-31T19:30:00,Siège Est,62.0
2026-08-31T19:30:00,Usine Nord,952.4
2026-08-31T19:45:00,Atelier Sud,88.1
2026-08-31T19:45:00,Siège Est,65.5
2026-08-31T19:45:00,Usine Nord,964.9
2026-08-31T20:00:00,Atelier Sud,71.4
2026-08-31T20:00:00,Siège Est,68.5
2026-08-31T20:00:00,Usine Nord,962.1
2026-08-31T20:15:00,Atelier Sud,68.0
2026-08-31T20:15:00,Siège Est,54.5
2026-08-31T20:15:00,Usine Nord,979.3
2026-08-31T20:30:00,Atelier Sud,52.5
2026-08-31T20:30:00,Siège Est,79.5
2026-08-31T20:30:00,Usine Nord,922.2
2026-08-31T20:45:00,Atelier Sud,53.2
2026-08-31T20:45:00,Siège Est,57.8
2026-08-31T20:45:00,Usine Nord,946.1
2026-08-31T21:00:00,Atelier Sud,76.3
2026-08-31T21:00:00,Siège Est,69.5
2026-08-31T21:00:00,Usine Nord,935.2
2026-08-31T21:15:00,Atelier Sud,65.8
2026-08-31T21:15:00,Siège Est,67.9
2026-08-31T21:15:00,Usine Nord,986.8
2026-08-31T21:30:00,Atelier Sud,69.8
2026-08-31T21:30:00,Siège Est,60.3
2026-08-31T21:30:00,Usine Nord,916.2
2026-08-31T21:45:00,Atelier Sud,76.1
2026-08-31T21:45:00,Siège Est,66.6
2026-08-31T21:45:00,Usine Nord,929.8
2026-08-31T22:00:00,Atelier Sud,41.7
2026-08-31T22:00:00,Siège Est,76.8
2026-08-31T22:00:00,Usine Nord,670.9
2026-08-31T22:15:00,Atelier Sud,65.3
2026-08-31T22:15:00,Siège Est,79.1
2026-08-31T22:15:00,Usine Nord,627.7
2026-08-31T22:30:00,Atelier Sud,83.4
2026-08-31T22:30:00,Siège Est,68.2
2026-08-31T22:30:00,Usine Nord,608.5
2026-08-31T22:45:00,Atelier Sud,87.6
2026-08-31T22:45:00,Siège Est,69.6
2026-08-31T22:45:00,Usine Nord,679.3
2026-08-31T23:00:00,Atelier Sud,82.4
2026-08-31T23:00:00,Siège Est,54.3
2026-08-31T23:00:00,Usine Nord,665.4
2026-08-31T23:15:00,Atelier Sud,107.6
2026-08-31T23:15:00,Siège Est,70.2
2026-08-31T23:15:00,Usine Nord,635.1
2026-08-31T23:30:00,Atelier Sud,65.9
2026-08-31T23:30:00,Siège Est,51.8
2026-08-31T23:30:00,Usine Nord,626.6
2026-08-31T23:45:00,Atelier Sud,67.3
2026-08-31T23:45:00,Siège Est,76.3
2026-08-31T23:45:00,Usine Nord,643.3
